split,id,task_type,audit_class,parsed,operation_matches_annotation,identity_status,status,correct,stage,reason,diagnostics
validation,ceffee50f3e1f936,cardinal_direction,B,True,True,AMBIGUOUS,ambiguous,False,identity,referenced_entity_ambiguous,
validation,3cf597b9bd0f226d,cardinal_direction,B,True,True,AMBIGUOUS,ambiguous,False,identity,referenced_entity_ambiguous,
validation,96ea80da280f184a,cardinal_direction,B,True,True,AMBIGUOUS,ambiguous,False,identity,referenced_entity_ambiguous,
validation,56b1eba1a1cad7e8,cardinal_direction,B,True,True,AMBIGUOUS,ambiguous,False,identity,referenced_entity_ambiguous,
validation,8b51d2dc00a1955e,cardinal_direction,B,True,True,AMBIGUOUS,ambiguous,False,identity,referenced_entity_ambiguous,
validation,8d62872413931277,cardinal_direction,B,True,True,AMBIGUOUS,ambiguous,False,identity,referenced_entity_ambiguous,
validation,ff6d50e572c3e376,cardinal_direction,B,True,True,AMBIGUOUS,ambiguous,False,identity,referenced_entity_ambiguous,
validation,9dd99cdd1e630531,cardinal_direction,B,True,True,AMBIGUOUS,ambiguous,False,identity,referenced_entity_ambiguous,
validation,a0bde3ad759721ac,cardinal_direction,B,True,True,AMBIGUOUS,ambiguous,False,identity,referenced_entity_ambiguous,
validation,794042ce8404c37e,cardinal_direction,B,True,True,AMBIGUOUS,ambiguous,False,identity,referenced_entity_ambiguous,
validation,d76e46cd50ccb4ad,cardinal_direction,B,True,True,AMBIGUOUS,ambiguous,False,identity,referenced_entity_ambiguous,
validation,f2bcf6461db955fc,cardinal_direction,B,True,True,AMBIGUOUS,ambiguous,False,identity,referenced_entity_ambiguous,
validation,0a01afb2aa6f3168,cardinal_direction,B,True,True,AMBIGUOUS,ambiguous,False,identity,referenced_entity_ambiguous,
validation,b012d1381d3c983a,cardinal_direction,B,True,True,AMBIGUOUS,ambiguous,False,identity,referenced_entity_ambiguous,
validation,cf4484c97d85a0ae,cardinal_direction,B,True,True,AMBIGUOUS,ambiguous,False,identity,referenced_entity_ambiguous,
validation,da81f3de288046ed,cardinal_direction,B,True,True,AMBIGUOUS,ambiguous,False,identity,referenced_entity_ambiguous,
validation,2b9ba76ed4d2d254,cardinal_direction,B,True,True,AMBIGUOUS,ambiguous,False,identity,referenced_entity_ambiguous,
validation,889c8ef64c935c46,cardinal_direction,B,True,True,AMBIGUOUS,ambiguous,False,identity,referenced_entity_ambiguous,
validation,500c3b3d5b6d4915,cardinal_direction,B,True,True,AMBIGUOUS,ambiguous,False,identity,referenced_entity_ambiguous,
validation,e359d66b1bbf5391,cardinal_direction,B,True,True,AMBIGUOUS,ambiguous,False,identity,referenced_entity_ambiguous,
validation,6ea12f6b6ba37d10,cardinal_direction,B,True,True,AMBIGUOUS,ambiguous,False,identity,referenced_entity_ambiguous,
validation,3523c116c6cb363b,cardinal_direction,B,True,True,AMBIGUOUS,ambiguous,False,identity,referenced_entity_ambiguous,
validation,845c674dba252c53,cardinal_direction,B,True,True,AMBIGUOUS,ambiguous,False,identity,referenced_entity_ambiguous,
validation,85128e6123a08dc8,cardinal_direction,B,True,True,AMBIGUOUS,ambiguous,False,identity,referenced_entity_ambiguous,
validation,1db87012ad38f69f,cardinal_direction,B,True,True,AMBIGUOUS,ambiguous,False,identity,referenced_entity_ambiguous,
validation,eb67155ca2be99bd,cardinal_direction,B,True,True,AMBIGUOUS,ambiguous,False,identity,referenced_entity_ambiguous,
validation,18ac8010c5a67d71,cardinal_direction,B,True,True,AMBIGUOUS,ambiguous,False,identity,referenced_entity_ambiguous,
validation,f28009d242f2baad,cardinal_direction,B,True,True,AMBIGUOUS,ambiguous,False,identity,referenced_entity_ambiguous,
validation,65e9b1cfcf1891fa,cardinal_direction,B,True,True,AMBIGUOUS,ambiguous,False,identity,referenced_entity_ambiguous,
validation,f0f29edb2139e61b,cardinal_direction,B,True,True,AMBIGUOUS,ambiguous,False,identity,referenced_entity_ambiguous,
validation,73a58ba0820ddbf0,cardinal_direction,B,True,True,AMBIGUOUS,ambiguous,False,identity,referenced_entity_ambiguous,
validation,efb9959228ee5573,cardinal_direction,B,True,True,AMBIGUOUS,ambiguous,False,identity,referenced_entity_ambiguous,
validation,c7329900e61555b7,cardinal_direction,B,True,True,AMBIGUOUS,ambiguous,False,identity,referenced_entity_ambiguous,
validation,db9fbcea6674628f,closer_of_two,B,True,True,AMBIGUOUS,ambiguous,False,identity,referenced_entity_ambiguous,
validation,b4fdcd330f3e096a,closer_of_two,B,True,True,AMBIGUOUS,ambiguous,False,identity,referenced_entity_ambiguous,
validation,84ee6144e0ac1298,closer_of_two,B,True,True,AMBIGUOUS,ambiguous,False,identity,referenced_entity_ambiguous,
validation,49f489b7af7628ee,closer_of_two,B,True,True,AMBIGUOUS,ambiguous,False,identity,referenced_entity_ambiguous,
validation,fa12f201745eabc1,closer_of_two,B,True,True,AMBIGUOUS,ambiguous,False,identity,referenced_entity_ambiguous,
validation,e73d3025d092c725,closer_of_two,B,True,True,AMBIGUOUS,ambiguous,False,identity,referenced_entity_ambiguous,
validation,5b388ab52ba54a0b,closer_of_two,B,True,True,AMBIGUOUS,ambiguous,False,identity,referenced_entity_ambiguous,
validation,92fd6d05628d3d73,closer_of_two,B,True,True,AMBIGUOUS,ambiguous,False,identity,referenced_entity_ambiguous,
validation,94582064da9a53b1,closer_of_two,B,True,True,AMBIGUOUS,ambiguous,False,identity,referenced_entity_ambiguous,
validation,67e3c7ed087ad36a,closer_of_two,B,True,True,AMBIGUOUS,ambiguous,False,identity,referenced_entity_ambiguous,
validation,679287aff5ec0f64,closer_of_two,B,True,True,AMBIGUOUS,ambiguous,False,identity,referenced_entity_ambiguous,
validation,3f0c13824ceff192,closer_of_two,B,True,True,AMBIGUOUS,ambiguous,False,identity,referenced_entity_ambiguous,
validation,256aa1e7f7018f14,closer_of_two,B,True,True,AMBIGUOUS,ambiguous,False,identity,referenced_entity_ambiguous,
validation,9cf82ff625929cad,closer_of_two,B,True,True,AMBIGUOUS,ambiguous,False,identity,referenced_entity_ambiguous,
validation,d0b6d99e9f4a8ef7,closer_of_two,B,True,True,AMBIGUOUS,ambiguous,False,identity,referenced_entity_ambiguous,
validation,2bf5a664e8026765,closer_of_two,B,True,True,AMBIGUOUS,ambiguous,False,identity,referenced_entity_ambiguous,
validation,24f5b3e9a158121b,closer_of_two,B,True,True,AMBIGUOUS,ambiguous,False,identity,referenced_entity_ambiguous,
validation,68c5165ce708a7a6,closer_of_two,B,True,True,AMBIGUOUS,ambiguous,False,identity,referenced_entity_ambiguous,
validation,d540e056ea969176,closer_of_two,B,True,True,AMBIGUOUS,ambiguous,False,identity,referenced_entity_ambiguous,
validation,03f7e7dc49508106,closer_of_two,B,True,True,AMBIGUOUS,ambiguous,False,identity,referenced_entity_ambiguous,
validation,5b4cafcba5aca223,closer_of_two,B,True,True,AMBIGUOUS,ambiguous,False,identity,referenced_entity_ambiguous,
validation,8ed8bddef14b881f,closer_of_two,B,True,True,AMBIGUOUS,ambiguous,False,identity,referenced_entity_ambiguous,
validation,2e65700905e710ba,closer_of_two,B,True,True,AMBIGUOUS,ambiguous,False,identity,referenced_entity_ambiguous,
validation,d65ad14c330029c4,closer_of_two,B,True,True,AMBIGUOUS,ambiguous,False,identity,referenced_entity_ambiguous,
validation,59de452a0f0b9e60,closer_of_two,B,True,True,AMBIGUOUS,ambiguous,False,identity,referenced_entity_ambiguous,
validation,f9eb47012b071f29,closer_of_two,B,True,True,AMBIGUOUS,ambiguous,False,identity,referenced_entity_ambiguous,
validation,ae339b3a165a7c3b,closer_of_two,B,True,True,AMBIGUOUS,ambiguous,False,identity,referenced_entity_ambiguous,
validation,395ec31e96ccbd2e,closer_of_two,B,True,True,AMBIGUOUS,ambiguous,False,identity,referenced_entity_ambiguous,
validation,e968b15223b682bd,closer_of_two,B,True,True,AMBIGUOUS,ambiguous,False,identity,referenced_entity_ambiguous,
validation,d5cea3964315321d,closer_of_two,B,True,True,AMBIGUOUS,ambiguous,False,identity,referenced_entity_ambiguous,
validation,5192b7ee833b16d8,closer_of_two,B,True,True,AMBIGUOUS,ambiguous,False,identity,referenced_entity_ambiguous,
validation,ea0bafac3b461cc3,closer_of_two,B,True,True,AMBIGUOUS,ambiguous,False,identity,referenced_entity_ambiguous,
validation,ffc2e3d6b97deb68,closer_of_two,B,True,True,AMBIGUOUS,ambiguous,False,identity,referenced_entity_ambiguous,
validation,2520c28730b97f33,closer_of_two,B,True,True,AMBIGUOUS,ambiguous,False,identity,referenced_entity_ambiguous,
validation,532d5fb2202b40e2,closer_of_two,B,True,True,AMBIGUOUS,ambiguous,False,identity,referenced_entity_ambiguous,
validation,6775188094f60bcc,closer_of_two,B,True,True,AMBIGUOUS,ambiguous,False,identity,referenced_entity_ambiguous,
validation,31c89995836f8df2,closer_of_two,B,True,True,AMBIGUOUS,ambiguous,False,identity,referenced_entity_ambiguous,
validation,dc72d19f958a683e,closer_of_two,B,True,True,AMBIGUOUS,ambiguous,False,identity,referenced_entity_ambiguous,
validation,2abd445b50c67df7,closer_of_two,B,True,True,AMBIGUOUS,ambiguous,False,identity,referenced_entity_ambiguous,
validation,7e89607103779012,closer_of_two,B,True,True,AMBIGUOUS,ambiguous,False,identity,referenced_entity_ambiguous,
validation,c27d26b1b6c30d59,closer_of_two,B,True,True,AMBIGUOUS,ambiguous,False,identity,referenced_entity_ambiguous,
validation,8071ae119a466af0,closer_of_two,B,True,True,AMBIGUOUS,ambiguous,False,identity,referenced_entity_ambiguous,
validation,efa01491ccaad57d,closer_of_two,B,True,True,AMBIGUOUS,ambiguous,False,identity,referenced_entity_ambiguous,
validation,bf3aa4528d4056df,closer_of_two,B,True,True,AMBIGUOUS,ambiguous,False,identity,referenced_entity_ambiguous,
validation,97b183e950534f81,closer_of_two,B,True,True,AMBIGUOUS,ambiguous,False,identity,referenced_entity_ambiguous,
validation,3a390a908de1f1f5,closer_of_two,B,True,True,AMBIGUOUS,ambiguous,False,identity,referenced_entity_ambiguous,
validation,8db73b30e7431412,closer_of_two,B,True,True,AMBIGUOUS,ambiguous,False,identity,referenced_entity_ambiguous,
validation,8863831e6564d36d,closer_of_two,B,True,True,AMBIGUOUS,ambiguous,False,identity,referenced_entity_ambiguous,
validation,df06ad0804968b4d,closer_of_two,B,True,True,AMBIGUOUS,ambiguous,False,identity,referenced_entity_ambiguous,
validation,c2dc6234e61d69fa,closer_of_two,B,True,True,AMBIGUOUS,ambiguous,False,identity,referenced_entity_ambiguous,
validation,5cea59bc94528682,closer_of_two,B,True,True,AMBIGUOUS,ambiguous,False,identity,referenced_entity_ambiguous,
validation,657b5ead3977c7e4,closer_of_two,B,True,True,AMBIGUOUS,ambiguous,False,identity,referenced_entity_ambiguous,
validation,1285c21284c866a2,closer_of_two,B,True,True,AMBIGUOUS,ambiguous,False,identity,referenced_entity_ambiguous,
validation,e89a0c3713dd89f1,closer_of_two,B,True,True,AMBIGUOUS,ambiguous,False,identity,referenced_entity_ambiguous,
validation,6a37827a0c71475f,closer_of_two,B,True,True,AMBIGUOUS,ambiguous,False,identity,referenced_entity_ambiguous,
validation,c9c9a23403e16f54,closer_of_two,B,True,True,AMBIGUOUS,ambiguous,False,identity,referenced_entity_ambiguous,
validation,8e0526074359ce97,closer_of_two,B,True,True,AMBIGUOUS,ambiguous,False,identity,referenced_entity_ambiguous,
validation,c03a9e4e150990fc,closer_of_two,B,True,True,AMBIGUOUS,ambiguous,False,identity,referenced_entity_ambiguous,
validation,4e323b6b4f3751f4,closer_of_two,B,True,True,AMBIGUOUS,ambiguous,False,identity,referenced_entity_ambiguous,
validation,8d6556b194bff5ae,closer_of_two,B,True,True,AMBIGUOUS,ambiguous,False,identity,referenced_entity_ambiguous,
validation,eb20b06290a5381d,closer_of_two,B,True,True,AMBIGUOUS,ambiguous,False,identity,referenced_entity_ambiguous,
validation,bfe41287130a6257,closer_of_two,B,True,True,AMBIGUOUS,ambiguous,False,identity,referenced_entity_ambiguous,
validation,cc2b33ff06937244,closer_of_two,B,True,True,AMBIGUOUS,ambiguous,False,identity,referenced_entity_ambiguous,
validation,0f548281b9b9ab31,closer_of_two,B,True,True,AMBIGUOUS,ambiguous,False,identity,referenced_entity_ambiguous,
validation,8dff8ed00c3d4b39,closer_of_two,B,True,True,AMBIGUOUS,ambiguous,False,identity,referenced_entity_ambiguous,
validation,80b25b2467cdc84b,closer_of_two,B,True,True,AMBIGUOUS,ambiguous,False,identity,referenced_entity_ambiguous,
validation,ec5a928d04d001b8,closer_of_two,B,True,True,AMBIGUOUS,ambiguous,False,identity,referenced_entity_ambiguous,
validation,ac1e22aef7443634,closer_of_two,B,True,True,AMBIGUOUS,ambiguous,False,identity,referenced_entity_ambiguous,
validation,81ac55456ff476d9,closer_of_two,B,True,True,AMBIGUOUS,ambiguous,False,identity,referenced_entity_ambiguous,
validation,10a12066e511a8bb,closer_of_two,B,True,True,AMBIGUOUS,ambiguous,False,identity,referenced_entity_ambiguous,
validation,56be6d00d71ef2b1,closer_of_two,B,True,True,AMBIGUOUS,ambiguous,False,identity,referenced_entity_ambiguous,
validation,4c49b133975442f6,closer_of_two,B,True,True,AMBIGUOUS,ambiguous,False,identity,referenced_entity_ambiguous,
validation,a6a5d32259d23bc5,closer_of_two,B,True,True,AMBIGUOUS,ambiguous,False,identity,referenced_entity_ambiguous,
validation,7ad357b1f9ea72f4,count_within_radius,B,True,True,AMBIGUOUS,ambiguous,False,identity,referenced_entity_ambiguous,
validation,a617098cef40a825,count_within_radius,B,True,True,AMBIGUOUS,ambiguous,False,identity,referenced_entity_ambiguous,
validation,1b30df0058b08c66,count_within_radius,B,True,True,AMBIGUOUS,ambiguous,False,identity,referenced_entity_ambiguous,
validation,910e665c55b95e06,count_within_radius,B,True,True,AMBIGUOUS,ambiguous,False,identity,referenced_entity_ambiguous,
validation,3f09d3925ccd7537,count_within_radius,B,True,True,AMBIGUOUS,ambiguous,False,identity,referenced_entity_ambiguous,
validation,2e5a7f8478ea8756,count_within_radius,B,True,True,AMBIGUOUS,ambiguous,False,identity,referenced_entity_ambiguous,
validation,59a1c315e77dfa52,count_within_radius,B,True,True,AMBIGUOUS,ambiguous,False,identity,referenced_entity_ambiguous,
validation,5ead34cc769eaca2,count_within_radius,B,True,True,AMBIGUOUS,ambiguous,False,identity,referenced_entity_ambiguous,
validation,7df03c1f3b124a5b,count_within_radius,B,True,True,AMBIGUOUS,ambiguous,False,identity,referenced_entity_ambiguous,
validation,0e5f9ec05f72c4f1,count_within_radius,B,True,True,AMBIGUOUS,ambiguous,False,identity,referenced_entity_ambiguous,
validation,d6090438a7b2e127,count_within_radius,B,True,True,AMBIGUOUS,ambiguous,False,identity,referenced_entity_ambiguous,
validation,52366898d63cee87,count_within_radius,B,True,True,AMBIGUOUS,ambiguous,False,identity,referenced_entity_ambiguous,
validation,7a16928625f805a7,count_within_radius,B,True,True,AMBIGUOUS,ambiguous,False,identity,referenced_entity_ambiguous,
train,54467d69a0215542,nearest_category,B,True,True,UNIQUE,ambiguous,False,executor,nearest_tie_distinct_answers,exact_nearest_tie|nearest_gap_within_0_2m
train,6ff8ed5f5e825dfb,nearest_category,B,True,True,UNIQUE,ambiguous,False,executor,nearest_tie_distinct_answers,exact_nearest_tie|nearest_gap_within_0_2m
train,6a18b80b2c497f1a,nearest_category,B,True,True,UNIQUE,ambiguous,False,executor,nearest_tie_distinct_answers,exact_nearest_tie|nearest_gap_within_0_2m
train,527eed3eafd6846f,nearest_category,B,True,True,UNIQUE,ambiguous,False,executor,nearest_tie_distinct_answers,exact_nearest_tie|nearest_gap_within_0_2m
train,f6b54bb4355f27b2,nearest_category,B,True,True,UNIQUE,ambiguous,False,executor,nearest_tie_distinct_answers,exact_nearest_tie|nearest_gap_within_0_2m
train,e2f8f921d92cf06f,cardinal_direction,B,True,True,AMBIGUOUS,ambiguous,False,identity,referenced_entity_ambiguous,
train,a3fe6d649651c3a6,cardinal_direction,B,True,True,AMBIGUOUS,ambiguous,False,identity,referenced_entity_ambiguous,
train,6d9137c5d60015c5,cardinal_direction,B,True,True,AMBIGUOUS,ambiguous,False,identity,referenced_entity_ambiguous,
train,f90546fd4c437981,cardinal_direction,B,True,True,AMBIGUOUS,ambiguous,False,identity,referenced_entity_ambiguous,
train,632e37dff096fb63,cardinal_direction,B,True,True,AMBIGUOUS,ambiguous,False,identity,referenced_entity_ambiguous,
train,d5cb9fffa1b5ea60,cardinal_direction,B,True,True,AMBIGUOUS,ambiguous,False,identity,referenced_entity_ambiguous,
train,a12c0a4087dfd705,cardinal_direction,B,True,True,AMBIGUOUS,ambiguous,False,identity,referenced_entity_ambiguous,
train,2f61b59bd8e04196,cardinal_direction,B,True,True,AMBIGUOUS,ambiguous,False,identity,referenced_entity_ambiguous,
train,ba7b192f448bdf05,cardinal_direction,B,True,True,AMBIGUOUS,ambiguous,False,identity,referenced_entity_ambiguous,
train,8fd14e7c1dc8fe7d,cardinal_direction,B,True,True,AMBIGUOUS,ambiguous,False,identity,referenced_entity_ambiguous,
train,4eeac85c0b69102a,cardinal_direction,B,True,True,AMBIGUOUS,ambiguous,False,identity,referenced_entity_ambiguous,
train,4ff827a453628971,cardinal_direction,B,True,True,AMBIGUOUS,ambiguous,False,identity,referenced_entity_ambiguous,
train,e007a6aa551ef428,cardinal_direction,B,True,True,AMBIGUOUS,ambiguous,False,identity,referenced_entity_ambiguous,
train,cd2f67569cfb9592,cardinal_direction,B,True,True,AMBIGUOUS,ambiguous,False,identity,referenced_entity_ambiguous,
train,07989c8c86bdcb8b,cardinal_direction,B,True,True,AMBIGUOUS,ambiguous,False,identity,referenced_entity_ambiguous,
train,34884ebc9eeadf52,cardinal_direction,B,True,True,AMBIGUOUS,ambiguous,False,identity,referenced_entity_ambiguous,
train,35aac7cb67ee5384,cardinal_direction,B,True,True,AMBIGUOUS,ambiguous,False,identity,referenced_entity_ambiguous,
train,afdea98c17988b75,cardinal_direction,B,True,True,AMBIGUOUS,ambiguous,False,identity,referenced_entity_ambiguous,
train,b88b643572da6340,cardinal_direction,B,True,True,AMBIGUOUS,ambiguous,False,identity,referenced_entity_ambiguous,
train,25c217e5a43f03a6,cardinal_direction,B,True,True,AMBIGUOUS,ambiguous,False,identity,referenced_entity_ambiguous,
train,f29c7a8c5843cd5e,cardinal_direction,B,True,True,AMBIGUOUS,ambiguous,False,identity,referenced_entity_ambiguous,
train,9f1d8b2a7847fe92,cardinal_direction,B,True,True,AMBIGUOUS,ambiguous,False,identity,referenced_entity_ambiguous,
train,7c128175943ee215,cardinal_direction,B,True,True,AMBIGUOUS,ambiguous,False,identity,referenced_entity_ambiguous,
train,6680ccdcb0977b8f,cardinal_direction,B,True,True,AMBIGUOUS,ambiguous,False,identity,referenced_entity_ambiguous,
train,6eb523ea30d6fef5,cardinal_direction,B,True,True,AMBIGUOUS,ambiguous,False,identity,referenced_entity_ambiguous,
train,69a13a3a37b705c1,cardinal_direction,B,True,True,AMBIGUOUS,ambiguous,False,identity,referenced_entity_ambiguous,
train,dd4338a777770166,cardinal_direction,B,True,True,AMBIGUOUS,ambiguous,False,identity,referenced_entity_ambiguous,
train,8952ed458a297879,cardinal_direction,B,True,True,AMBIGUOUS,ambiguous,False,identity,referenced_entity_ambiguous,
train,be23224d6577fdde,cardinal_direction,B,True,True,AMBIGUOUS,ambiguous,False,identity,referenced_entity_ambiguous,
train,b62b115f4c16eff7,cardinal_direction,B,True,True,AMBIGUOUS,ambiguous,False,identity,referenced_entity_ambiguous,
train,bbc0787474d60091,cardinal_direction,B,True,True,AMBIGUOUS,ambiguous,False,identity,referenced_entity_ambiguous,
train,fe74d93490fed4e8,cardinal_direction,B,True,True,AMBIGUOUS,ambiguous,False,identity,referenced_entity_ambiguous,
train,7e54b5fee338341f,cardinal_direction,B,True,True,AMBIGUOUS,ambiguous,False,identity,referenced_entity_ambiguous,
train,e2b8e0544224e646,cardinal_direction,B,True,True,AMBIGUOUS,ambiguous,False,identity,referenced_entity_ambiguous,
train,61228e806f270db8,cardinal_direction,B,True,True,AMBIGUOUS,ambiguous,False,identity,referenced_entity_ambiguous,
train,7ad44f063d1beac1,cardinal_direction,B,True,True,AMBIGUOUS,ambiguous,False,identity,referenced_entity_ambiguous,
train,767e695274cf0436,cardinal_direction,B,True,True,AMBIGUOUS,ambiguous,False,identity,referenced_entity_ambiguous,
train,1a0b8d0f60a50479,cardinal_direction,B,True,True,AMBIGUOUS,ambiguous,False,identity,referenced_entity_ambiguous,
train,dd625a3a3ede9c8f,cardinal_direction,B,True,True,AMBIGUOUS,ambiguous,False,identity,referenced_entity_ambiguous,
train,6de2f2b852b5b38c,cardinal_direction,B,True,True,AMBIGUOUS,ambiguous,False,identity,referenced_entity_ambiguous,
train,7224f4f4f6f11c71,cardinal_direction,B,True,True,AMBIGUOUS,ambiguous,False,identity,referenced_entity_ambiguous,
train,177dc6400657141a,cardinal_direction,B,True,True,AMBIGUOUS,ambiguous,False,identity,referenced_entity_ambiguous,
train,89d56fc92f50ee35,cardinal_direction,B,True,True,AMBIGUOUS,ambiguous,False,identity,referenced_entity_ambiguous,
train,25391728919262cd,cardinal_direction,B,True,True,AMBIGUOUS,ambiguous,False,identity,referenced_entity_ambiguous,
train,84fbf4460c38e17f,cardinal_direction,B,True,True,AMBIGUOUS,ambiguous,False,identity,referenced_entity_ambiguous,
train,02b85e194d5db386,cardinal_direction,B,True,True,AMBIGUOUS,ambiguous,False,identity,referenced_entity_ambiguous,
train,0713cfdc3eec2279,cardinal_direction,B,True,True,AMBIGUOUS,ambiguous,False,identity,referenced_entity_ambiguous,
train,432f56d7ff365c7a,cardinal_direction,B,True,True,AMBIGUOUS,ambiguous,False,identity,referenced_entity_ambiguous,
train,eb6deb21bbb2ea81,cardinal_direction,B,True,True,AMBIGUOUS,ambiguous,False,identity,referenced_entity_ambiguous,
train,eae190494f27c1bd,cardinal_direction,B,True,True,AMBIGUOUS,ambiguous,False,identity,referenced_entity_ambiguous,
train,89ce7e3f40a54397,cardinal_direction,B,True,True,AMBIGUOUS,ambiguous,False,identity,referenced_entity_ambiguous,
train,f02f8c27c90291d0,cardinal_direction,B,True,True,AMBIGUOUS,ambiguous,False,identity,referenced_entity_ambiguous,
train,eee377da674888bd,cardinal_direction,B,True,True,AMBIGUOUS,ambiguous,False,identity,referenced_entity_ambiguous,
train,f8abb5be6bde2873,cardinal_direction,B,True,True,AMBIGUOUS,ambiguous,False,identity,referenced_entity_ambiguous,
train,4cacb5195d26e337,cardinal_direction,B,True,True,AMBIGUOUS,ambiguous,False,identity,referenced_entity_ambiguous,
train,cab33f23b2132af1,cardinal_direction,B,True,True,AMBIGUOUS,ambiguous,False,identity,referenced_entity_ambiguous,
train,750eeca701002209,cardinal_direction,B,True,True,AMBIGUOUS,ambiguous,False,identity,referenced_entity_ambiguous,
train,e70178800a540979,cardinal_direction,B,True,True,AMBIGUOUS,ambiguous,False,identity,referenced_entity_ambiguous,
train,9e27efd32c6d1c33,cardinal_direction,B,True,True,AMBIGUOUS,ambiguous,False,identity,referenced_entity_ambiguous,
train,476a02f0a643444c,cardinal_direction,B,True,True,AMBIGUOUS,ambiguous,False,identity,referenced_entity_ambiguous,
train,f3f7c06861bad44a,cardinal_direction,B,True,True,AMBIGUOUS,ambiguous,False,identity,referenced_entity_ambiguous,
train,1738bdf95eee7ca8,cardinal_direction,B,True,True,AMBIGUOUS,ambiguous,False,identity,referenced_entity_ambiguous,
train,267178f0f8b9c30f,cardinal_direction,B,True,True,AMBIGUOUS,ambiguous,False,identity,referenced_entity_ambiguous,
train,14823e7da85e4499,cardinal_direction,B,True,True,AMBIGUOUS,ambiguous,False,identity,referenced_entity_ambiguous,
train,525b5f5e41a427fb,cardinal_direction,B,True,True,AMBIGUOUS,ambiguous,False,identity,referenced_entity_ambiguous,
train,00be7e0403f979e7,cardinal_direction,B,True,True,AMBIGUOUS,ambiguous,False,identity,referenced_entity_ambiguous,
train,00f8be18039ca650,cardinal_direction,B,True,True,AMBIGUOUS,ambiguous,False,identity,referenced_entity_ambiguous,
train,41fb6fe65abe0ef7,cardinal_direction,B,True,True,AMBIGUOUS,ambiguous,False,identity,referenced_entity_ambiguous,
train,9989a1e91aa98427,cardinal_direction,B,True,True,AMBIGUOUS,ambiguous,False,identity,referenced_entity_ambiguous,
train,06b4a1d3d07c61f1,cardinal_direction,B,True,True,AMBIGUOUS,ambiguous,False,identity,referenced_entity_ambiguous,
train,3fba0def5733ccef,cardinal_direction,B,True,True,AMBIGUOUS,ambiguous,False,identity,referenced_entity_ambiguous,
train,20a265653f6bcb92,cardinal_direction,B,True,True,AMBIGUOUS,ambiguous,False,identity,referenced_entity_ambiguous,
train,5a53d43727bc610e,cardinal_direction,B,True,True,AMBIGUOUS,ambiguous,False,identity,referenced_entity_ambiguous,
train,30e8d5172cfbc362,cardinal_direction,B,True,True,AMBIGUOUS,ambiguous,False,identity,referenced_entity_ambiguous,
train,c01c09c814bff594,cardinal_direction,B,True,True,AMBIGUOUS,ambiguous,False,identity,referenced_entity_ambiguous,
train,f00f69b9befface0,cardinal_direction,B,True,True,AMBIGUOUS,ambiguous,False,identity,referenced_entity_ambiguous,
train,a6e98d34307910b9,cardinal_direction,B,True,True,AMBIGUOUS,ambiguous,False,identity,referenced_entity_ambiguous,
train,d1054bc241b62b83,cardinal_direction,B,True,True,AMBIGUOUS,ambiguous,False,identity,referenced_entity_ambiguous,
train,d7ecf30161d856b2,cardinal_direction,B,True,True,AMBIGUOUS,ambiguous,False,identity,referenced_entity_ambiguous,
train,0c5bf1eef7ba17de,cardinal_direction,B,True,True,AMBIGUOUS,ambiguous,False,identity,referenced_entity_ambiguous,
train,b551c100eb1c01ce,cardinal_direction,B,True,True,AMBIGUOUS,ambiguous,False,identity,referenced_entity_ambiguous,
train,5da805f173b01b50,cardinal_direction,B,True,True,AMBIGUOUS,ambiguous,False,identity,referenced_entity_ambiguous,
train,e76a4a50d2023163,cardinal_direction,B,True,True,AMBIGUOUS,ambiguous,False,identity,referenced_entity_ambiguous,
train,521a036080ce088a,cardinal_direction,B,True,True,AMBIGUOUS,ambiguous,False,identity,referenced_entity_ambiguous,
train,5cfbdd47edf1c7e9,cardinal_direction,B,True,True,AMBIGUOUS,ambiguous,False,identity,referenced_entity_ambiguous,
train,6685a9493ed2360a,cardinal_direction,B,True,True,AMBIGUOUS,ambiguous,False,identity,referenced_entity_ambiguous,
train,bc8c11e327dc63f4,cardinal_direction,B,True,True,AMBIGUOUS,ambiguous,False,identity,referenced_entity_ambiguous,
train,2a20d7945299583e,cardinal_direction,B,True,True,AMBIGUOUS,ambiguous,False,identity,referenced_entity_ambiguous,
train,d61874b82e255b0d,cardinal_direction,B,True,True,AMBIGUOUS,ambiguous,False,identity,referenced_entity_ambiguous,
train,9b597b45e3e8eed9,cardinal_direction,B,True,True,AMBIGUOUS,ambiguous,False,identity,referenced_entity_ambiguous,
train,84aec96c42a11e37,cardinal_direction,B,True,True,AMBIGUOUS,ambiguous,False,identity,referenced_entity_ambiguous,
train,749543f0b15ab760,cardinal_direction,B,True,True,AMBIGUOUS,ambiguous,False,identity,referenced_entity_ambiguous,
train,c6d880348458994c,cardinal_direction,B,True,True,AMBIGUOUS,ambiguous,False,identity,referenced_entity_ambiguous,
train,734db43041c75620,cardinal_direction,B,True,True,AMBIGUOUS,ambiguous,False,identity,referenced_entity_ambiguous,
train,9c784fac7e402b66,cardinal_direction,B,True,True,AMBIGUOUS,ambiguous,False,identity,referenced_entity_ambiguous,
train,b3b6447a73766ebe,cardinal_direction,B,True,True,AMBIGUOUS,ambiguous,False,identity,referenced_entity_ambiguous,
train,f54504a073d2ab1b,cardinal_direction,B,True,True,AMBIGUOUS,ambiguous,False,identity,referenced_entity_ambiguous,
train,cc22f3bae9525daa,cardinal_direction,B,True,True,AMBIGUOUS,ambiguous,False,identity,referenced_entity_ambiguous,
train,e275107c0a9a5cb1,cardinal_direction,B,True,True,AMBIGUOUS,ambiguous,False,identity,referenced_entity_ambiguous,
train,0493c76264be2c10,cardinal_direction,B,True,True,AMBIGUOUS,ambiguous,False,identity,referenced_entity_ambiguous,
train,32213761d4969342,cardinal_direction,B,True,True,AMBIGUOUS,ambiguous,False,identity,referenced_entity_ambiguous,
train,cf211bd45d90a364,cardinal_direction,B,True,True,AMBIGUOUS,ambiguous,False,identity,referenced_entity_ambiguous,
train,79cac54e1d9b9e13,cardinal_direction,B,True,True,AMBIGUOUS,ambiguous,False,identity,referenced_entity_ambiguous,
train,605bba75f4993ade,cardinal_direction,B,True,True,AMBIGUOUS,ambiguous,False,identity,referenced_entity_ambiguous,
train,3868b06f12634301,cardinal_direction,B,True,True,AMBIGUOUS,ambiguous,False,identity,referenced_entity_ambiguous,
train,a60a78e1a39d8238,cardinal_direction,B,True,True,AMBIGUOUS,ambiguous,False,identity,referenced_entity_ambiguous,
train,df1398adf5bb7af1,cardinal_direction,B,True,True,AMBIGUOUS,ambiguous,False,identity,referenced_entity_ambiguous,
train,33513b27a134804c,cardinal_direction,B,True,True,AMBIGUOUS,ambiguous,False,identity,referenced_entity_ambiguous,
train,bf85e200769198e4,cardinal_direction,B,True,True,AMBIGUOUS,ambiguous,False,identity,referenced_entity_ambiguous,
train,4732fc979bfee349,cardinal_direction,B,True,True,AMBIGUOUS,ambiguous,False,identity,referenced_entity_ambiguous,
train,2e6c05e8e6b2a347,cardinal_direction,B,True,True,AMBIGUOUS,ambiguous,False,identity,referenced_entity_ambiguous,
train,2fcaca3fd119c6c6,cardinal_direction,B,True,True,AMBIGUOUS,ambiguous,False,identity,referenced_entity_ambiguous,
train,12eead89b938d6f5,cardinal_direction,B,True,True,AMBIGUOUS,ambiguous,False,identity,referenced_entity_ambiguous,
train,806082e4debcacd8,cardinal_direction,B,True,True,AMBIGUOUS,ambiguous,False,identity,referenced_entity_ambiguous,
train,31e2f17ec4df0cc6,cardinal_direction,B,True,True,AMBIGUOUS,ambiguous,False,identity,referenced_entity_ambiguous,
train,dc307e0427242e51,cardinal_direction,B,True,True,AMBIGUOUS,ambiguous,False,identity,referenced_entity_ambiguous,
train,869969702b92579a,cardinal_direction,B,True,True,AMBIGUOUS,ambiguous,False,identity,referenced_entity_ambiguous,
train,eecea1c7d4ab69fb,cardinal_direction,B,True,True,AMBIGUOUS,ambiguous,False,identity,referenced_entity_ambiguous,
train,5ad14c60205e09fc,cardinal_direction,B,True,True,AMBIGUOUS,ambiguous,False,identity,referenced_entity_ambiguous,
train,0ba5d7b56ad77d56,cardinal_direction,B,True,True,AMBIGUOUS,ambiguous,False,identity,referenced_entity_ambiguous,
train,3dd1ede1bd1e29d4,cardinal_direction,B,True,True,AMBIGUOUS,ambiguous,False,identity,referenced_entity_ambiguous,
train,3cd9654922ee1dbc,cardinal_direction,B,True,True,AMBIGUOUS,ambiguous,False,identity,referenced_entity_ambiguous,
train,f139ccef5d79c3fa,cardinal_direction,B,True,True,AMBIGUOUS,ambiguous,False,identity,referenced_entity_ambiguous,
train,5bfcfef466cc3505,cardinal_direction,B,True,True,AMBIGUOUS,ambiguous,False,identity,referenced_entity_ambiguous,
train,5e6906aa6e61103d,cardinal_direction,B,True,True,AMBIGUOUS,ambiguous,False,identity,referenced_entity_ambiguous,
train,f09b0c7a48a33503,cardinal_direction,B,True,True,AMBIGUOUS,ambiguous,False,identity,referenced_entity_ambiguous,
train,96ca8a243d58d409,cardinal_direction,B,True,True,AMBIGUOUS,ambiguous,False,identity,referenced_entity_ambiguous,
train,37c0a005ba1019c0,cardinal_direction,B,True,True,AMBIGUOUS,ambiguous,False,identity,referenced_entity_ambiguous,
train,085eb0de943342bd,cardinal_direction,B,True,True,AMBIGUOUS,ambiguous,False,identity,referenced_entity_ambiguous,
train,4953a53c8521abae,cardinal_direction,B,True,True,AMBIGUOUS,ambiguous,False,identity,referenced_entity_ambiguous,
train,0c93c95f4937d1d6,cardinal_direction,B,True,True,AMBIGUOUS,ambiguous,False,identity,referenced_entity_ambiguous,
train,f5b60a53054ba8f3,cardinal_direction,B,True,True,AMBIGUOUS,ambiguous,False,identity,referenced_entity_ambiguous,
train,fd3bd14781ca0cd5,cardinal_direction,B,True,True,AMBIGUOUS,ambiguous,False,identity,referenced_entity_ambiguous,
train,a2ad68f117fc43a5,cardinal_direction,B,True,True,AMBIGUOUS,ambiguous,False,identity,referenced_entity_ambiguous,
train,f4b92a66ffa65b1e,cardinal_direction,B,True,True,AMBIGUOUS,ambiguous,False,identity,referenced_entity_ambiguous,
train,fc7bfd153abb1032,cardinal_direction,B,True,True,AMBIGUOUS,ambiguous,False,identity,referenced_entity_ambiguous,
train,10a9156903bc8026,cardinal_direction,B,True,True,AMBIGUOUS,ambiguous,False,identity,referenced_entity_ambiguous,
train,c611985906e0c8a0,cardinal_direction,B,True,True,AMBIGUOUS,ambiguous,False,identity,referenced_entity_ambiguous,
train,1eb64ab185e8a028,cardinal_direction,B,True,True,AMBIGUOUS,ambiguous,False,identity,referenced_entity_ambiguous,
train,5e4a1aa9fa382e33,cardinal_direction,B,True,True,AMBIGUOUS,ambiguous,False,identity,referenced_entity_ambiguous,
train,e08ea680259c2252,cardinal_direction,B,True,True,AMBIGUOUS,ambiguous,False,identity,referenced_entity_ambiguous,
train,2e8e04e81a9e2513,cardinal_direction,B,True,True,AMBIGUOUS,ambiguous,False,identity,referenced_entity_ambiguous,
train,5ce395da5e34e8cc,cardinal_direction,B,True,True,AMBIGUOUS,ambiguous,False,identity,referenced_entity_ambiguous,
train,976918741c423e77,cardinal_direction,B,True,True,AMBIGUOUS,ambiguous,False,identity,referenced_entity_ambiguous,
train,316f1f13ae314f1f,cardinal_direction,B,True,True,AMBIGUOUS,ambiguous,False,identity,referenced_entity_ambiguous,
train,aa2ae112f534d530,cardinal_direction,B,True,True,AMBIGUOUS,ambiguous,False,identity,referenced_entity_ambiguous,
train,b46d5f77fb578d0b,cardinal_direction,B,True,True,AMBIGUOUS,ambiguous,False,identity,referenced_entity_ambiguous,
train,dc922e99930a28ce,cardinal_direction,B,True,True,AMBIGUOUS,ambiguous,False,identity,referenced_entity_ambiguous,
train,7dd7cb762cfc4c65,cardinal_direction,B,True,True,AMBIGUOUS,ambiguous,False,identity,referenced_entity_ambiguous,
train,62d2397b0b930261,cardinal_direction,B,True,True,AMBIGUOUS,ambiguous,False,identity,referenced_entity_ambiguous,
train,342c39ab9cdabdf0,cardinal_direction,B,True,True,AMBIGUOUS,ambiguous,False,identity,referenced_entity_ambiguous,
train,96668f3fdf728eb5,cardinal_direction,B,True,True,AMBIGUOUS,ambiguous,False,identity,referenced_entity_ambiguous,
train,f68fb681542f6530,cardinal_direction,B,True,True,AMBIGUOUS,ambiguous,False,identity,referenced_entity_ambiguous,
train,0a468ffd5fe35c95,cardinal_direction,B,True,True,AMBIGUOUS,ambiguous,False,identity,referenced_entity_ambiguous,
train,836ac39e6fd34d45,cardinal_direction,B,True,True,AMBIGUOUS,ambiguous,False,identity,referenced_entity_ambiguous,
train,7b00610a4c6e106d,cardinal_direction,B,True,True,AMBIGUOUS,ambiguous,False,identity,referenced_entity_ambiguous,
train,f3d767b50d294b00,cardinal_direction,B,True,True,AMBIGUOUS,ambiguous,False,identity,referenced_entity_ambiguous,
train,d1ccff390588b9e5,cardinal_direction,B,True,True,AMBIGUOUS,ambiguous,False,identity,referenced_entity_ambiguous,
train,e18d5ad0fe05c5d6,cardinal_direction,B,True,True,AMBIGUOUS,ambiguous,False,identity,referenced_entity_ambiguous,
train,f6d5387bbcbdd3ef,cardinal_direction,B,True,True,AMBIGUOUS,ambiguous,False,identity,referenced_entity_ambiguous,
train,b1200b101c3b14db,cardinal_direction,B,True,True,AMBIGUOUS,ambiguous,False,identity,referenced_entity_ambiguous,
train,b495abf2c67393b1,cardinal_direction,B,True,True,AMBIGUOUS,ambiguous,False,identity,referenced_entity_ambiguous,
train,8a15b52f208cea63,cardinal_direction,B,True,True,AMBIGUOUS,ambiguous,False,identity,referenced_entity_ambiguous,
train,8b1e68b5d6a1e24f,cardinal_direction,B,True,True,AMBIGUOUS,ambiguous,False,identity,referenced_entity_ambiguous,
train,00df422bebcddeab,cardinal_direction,B,True,True,AMBIGUOUS,ambiguous,False,identity,referenced_entity_ambiguous,
train,ce64818845b0f788,cardinal_direction,B,True,True,AMBIGUOUS,ambiguous,False,identity,referenced_entity_ambiguous,
train,8aec133a941cf33f,cardinal_direction,B,True,True,AMBIGUOUS,ambiguous,False,identity,referenced_entity_ambiguous,
train,d44dedf23ba4a226,cardinal_direction,B,True,True,AMBIGUOUS,ambiguous,False,identity,referenced_entity_ambiguous,
train,8fbfa6182d3dd295,cardinal_direction,B,True,True,AMBIGUOUS,ambiguous,False,identity,referenced_entity_ambiguous,
train,5b1d0f54753062ae,cardinal_direction,B,True,True,AMBIGUOUS,ambiguous,False,identity,referenced_entity_ambiguous,
train,ce9c920b1cb89124,cardinal_direction,B,True,True,AMBIGUOUS,ambiguous,False,identity,referenced_entity_ambiguous,
train,2d8b683dfdf31ea9,cardinal_direction,B,True,True,AMBIGUOUS,ambiguous,False,identity,referenced_entity_ambiguous,
train,d13a9957ea0a55cc,cardinal_direction,B,True,True,AMBIGUOUS,ambiguous,False,identity,referenced_entity_ambiguous,
train,d1dfa7756c2a055c,cardinal_direction,B,True,True,AMBIGUOUS,ambiguous,False,identity,referenced_entity_ambiguous,
train,19456122c78a0789,cardinal_direction,B,True,True,AMBIGUOUS,ambiguous,False,identity,referenced_entity_ambiguous,
train,7265795e2d809d66,cardinal_direction,B,True,True,AMBIGUOUS,ambiguous,False,identity,referenced_entity_ambiguous,
train,ce82885a2b591a46,cardinal_direction,B,True,True,AMBIGUOUS,ambiguous,False,identity,referenced_entity_ambiguous,
train,42595d1dd3fd2656,cardinal_direction,B,True,True,AMBIGUOUS,ambiguous,False,identity,referenced_entity_ambiguous,
train,83d32a3042b55da8,cardinal_direction,B,True,True,AMBIGUOUS,ambiguous,False,identity,referenced_entity_ambiguous,
train,4441b29fc634412a,cardinal_direction,B,True,True,AMBIGUOUS,ambiguous,False,identity,referenced_entity_ambiguous,
train,8e5e6b889a589f8c,cardinal_direction,B,True,True,AMBIGUOUS,ambiguous,False,identity,referenced_entity_ambiguous,
train,42d3977d5dffbf9d,cardinal_direction,B,True,True,AMBIGUOUS,ambiguous,False,identity,referenced_entity_ambiguous,
train,4d1d21aa686cb946,cardinal_direction,B,True,True,AMBIGUOUS,ambiguous,False,identity,referenced_entity_ambiguous,
train,076ab0fd4bda634e,cardinal_direction,B,True,True,AMBIGUOUS,ambiguous,False,identity,referenced_entity_ambiguous,
train,344ede1dc16a010f,cardinal_direction,B,True,True,AMBIGUOUS,ambiguous,False,identity,referenced_entity_ambiguous,
train,d62d7423079ca7f9,cardinal_direction,B,True,True,AMBIGUOUS,ambiguous,False,identity,referenced_entity_ambiguous,
train,767fcdc58e231f0c,cardinal_direction,B,True,True,AMBIGUOUS,ambiguous,False,identity,referenced_entity_ambiguous,
train,711a04162d21ddf4,cardinal_direction,B,True,True,AMBIGUOUS,ambiguous,False,identity,referenced_entity_ambiguous,
train,213ae06cc2bbc053,cardinal_direction,B,True,True,AMBIGUOUS,ambiguous,False,identity,referenced_entity_ambiguous,
train,a033663b66955d43,cardinal_direction,B,True,True,AMBIGUOUS,ambiguous,False,identity,referenced_entity_ambiguous,
train,bed65364c7ede647,cardinal_direction,B,True,True,AMBIGUOUS,ambiguous,False,identity,referenced_entity_ambiguous,
train,6af9e68fef939634,cardinal_direction,B,True,True,AMBIGUOUS,ambiguous,False,identity,referenced_entity_ambiguous,
train,10576c245c06ee38,cardinal_direction,B,True,True,AMBIGUOUS,ambiguous,False,identity,referenced_entity_ambiguous,
train,25894c866135f3af,cardinal_direction,B,True,True,AMBIGUOUS,ambiguous,False,identity,referenced_entity_ambiguous,
train,442f9a1ecceae497,cardinal_direction,B,True,True,AMBIGUOUS,ambiguous,False,identity,referenced_entity_ambiguous,
train,832eff2550f2a23f,cardinal_direction,B,True,True,AMBIGUOUS,ambiguous,False,identity,referenced_entity_ambiguous,
train,9aab1dc7a8ea8c23,cardinal_direction,B,True,True,AMBIGUOUS,ambiguous,False,identity,referenced_entity_ambiguous,
train,bfd5aecf9ed9b547,cardinal_direction,B,True,True,AMBIGUOUS,ambiguous,False,identity,referenced_entity_ambiguous,
train,8c4018fdc179e9d5,cardinal_direction,B,True,True,AMBIGUOUS,ambiguous,False,identity,referenced_entity_ambiguous,
train,3a3a2e4e469ba3a3,cardinal_direction,B,True,True,AMBIGUOUS,ambiguous,False,identity,referenced_entity_ambiguous,
train,7353b508ac8f740b,cardinal_direction,B,True,True,AMBIGUOUS,ambiguous,False,identity,referenced_entity_ambiguous,
train,ec5ee3ba3f086970,cardinal_direction,B,True,True,AMBIGUOUS,ambiguous,False,identity,referenced_entity_ambiguous,
train,09aaedea146f96e4,cardinal_direction,B,True,True,AMBIGUOUS,ambiguous,False,identity,referenced_entity_ambiguous,
train,6664bf4ada8b2126,cardinal_direction,B,True,True,AMBIGUOUS,ambiguous,False,identity,referenced_entity_ambiguous,
train,4d4b8459423b8837,cardinal_direction,B,True,True,AMBIGUOUS,ambiguous,False,identity,referenced_entity_ambiguous,
train,295a889fed923bfe,cardinal_direction,B,True,True,AMBIGUOUS,ambiguous,False,identity,referenced_entity_ambiguous,
train,b376885565b257b1,cardinal_direction,B,True,True,AMBIGUOUS,ambiguous,False,identity,referenced_entity_ambiguous,
train,a52c5c7c76f5e20b,cardinal_direction,B,True,True,AMBIGUOUS,ambiguous,False,identity,referenced_entity_ambiguous,
train,0c6b3c031dfa4a5e,cardinal_direction,B,True,True,AMBIGUOUS,ambiguous,False,identity,referenced_entity_ambiguous,
train,65d2850b407132a3,cardinal_direction,B,True,True,AMBIGUOUS,ambiguous,False,identity,referenced_entity_ambiguous,
train,34cbb0f6adb6ade3,cardinal_direction,B,True,True,AMBIGUOUS,ambiguous,False,identity,referenced_entity_ambiguous,
train,d456e894ce2c2db0,cardinal_direction,B,True,True,AMBIGUOUS,ambiguous,False,identity,referenced_entity_ambiguous,
train,305fad2fc333de74,cardinal_direction,B,True,True,AMBIGUOUS,ambiguous,False,identity,referenced_entity_ambiguous,
train,c26ace98028f42f7,cardinal_direction,B,True,True,AMBIGUOUS,ambiguous,False,identity,referenced_entity_ambiguous,
train,150f964402477e53,cardinal_direction,B,True,True,AMBIGUOUS,ambiguous,False,identity,referenced_entity_ambiguous,
train,605bc238c7fd9511,cardinal_direction,B,True,True,AMBIGUOUS,ambiguous,False,identity,referenced_entity_ambiguous,
train,436147244ea4ff41,cardinal_direction,B,True,True,AMBIGUOUS,ambiguous,False,identity,referenced_entity_ambiguous,
train,901c335633324ff9,cardinal_direction,B,True,True,AMBIGUOUS,ambiguous,False,identity,referenced_entity_ambiguous,
train,dde14f1ac12a6b04,cardinal_direction,B,True,True,AMBIGUOUS,ambiguous,False,identity,referenced_entity_ambiguous,
train,3c73832d3737c612,cardinal_direction,B,True,True,AMBIGUOUS,ambiguous,False,identity,referenced_entity_ambiguous,
train,c854cf539a834d96,cardinal_direction,B,True,True,AMBIGUOUS,ambiguous,False,identity,referenced_entity_ambiguous,
train,344cb7ba2dca02f0,cardinal_direction,B,True,True,AMBIGUOUS,ambiguous,False,identity,referenced_entity_ambiguous,
train,ebc6a6b75699055b,cardinal_direction,B,True,True,AMBIGUOUS,ambiguous,False,identity,referenced_entity_ambiguous,
train,d4b5ba34cc53d5d3,cardinal_direction,B,True,True,AMBIGUOUS,ambiguous,False,identity,referenced_entity_ambiguous,
train,fb646e3e324e97b0,cardinal_direction,B,True,True,AMBIGUOUS,ambiguous,False,identity,referenced_entity_ambiguous,
train,bbf5e7e8b28de373,cardinal_direction,B,True,True,AMBIGUOUS,ambiguous,False,identity,referenced_entity_ambiguous,
train,af48f2c6094c84df,cardinal_direction,B,True,True,AMBIGUOUS,ambiguous,False,identity,referenced_entity_ambiguous,
train,62f448ef4f1db3df,cardinal_direction,B,True,True,AMBIGUOUS,ambiguous,False,identity,referenced_entity_ambiguous,
train,84f7df2a9e5b189e,cardinal_direction,B,True,True,AMBIGUOUS,ambiguous,False,identity,referenced_entity_ambiguous,
train,9c5080e06d132eb2,cardinal_direction,B,True,True,AMBIGUOUS,ambiguous,False,identity,referenced_entity_ambiguous,
train,ca6154cc5e1792b9,cardinal_direction,B,True,True,AMBIGUOUS,ambiguous,False,identity,referenced_entity_ambiguous,
train,342e29f65691b02a,cardinal_direction,B,True,True,AMBIGUOUS,ambiguous,False,identity,referenced_entity_ambiguous,
train,5f9c6209693f8b9c,cardinal_direction,B,True,True,AMBIGUOUS,ambiguous,False,identity,referenced_entity_ambiguous,
train,d407a843989c44ff,cardinal_direction,B,True,True,AMBIGUOUS,ambiguous,False,identity,referenced_entity_ambiguous,
train,1a5b0b136de150fd,cardinal_direction,B,True,True,AMBIGUOUS,ambiguous,False,identity,referenced_entity_ambiguous,
train,989cf8c8a5d4fb80,cardinal_direction,B,True,True,AMBIGUOUS,ambiguous,False,identity,referenced_entity_ambiguous,
train,3def96e08eb90102,cardinal_direction,B,True,True,AMBIGUOUS,ambiguous,False,identity,referenced_entity_ambiguous,
train,1aeb3653678c950f,cardinal_direction,B,True,True,AMBIGUOUS,ambiguous,False,identity,referenced_entity_ambiguous,
train,5a2d48d8949153f7,cardinal_direction,B,True,True,AMBIGUOUS,ambiguous,False,identity,referenced_entity_ambiguous,
train,cf208152e1f7a222,cardinal_direction,B,True,True,AMBIGUOUS,ambiguous,False,identity,referenced_entity_ambiguous,
train,13475d230bcb43c1,cardinal_direction,B,True,True,AMBIGUOUS,ambiguous,False,identity,referenced_entity_ambiguous,
train,d081b1c325c2ae1f,cardinal_direction,B,True,True,AMBIGUOUS,ambiguous,False,identity,referenced_entity_ambiguous,
train,398d5618ee315d1a,cardinal_direction,B,True,True,AMBIGUOUS,ambiguous,False,identity,referenced_entity_ambiguous,
train,f7a11904e50042d1,cardinal_direction,B,True,True,AMBIGUOUS,ambiguous,False,identity,referenced_entity_ambiguous,
train,98fefbbe95e9f853,cardinal_direction,B,True,True,AMBIGUOUS,ambiguous,False,identity,referenced_entity_ambiguous,
train,b2fb316e78511b05,cardinal_direction,B,True,True,AMBIGUOUS,ambiguous,False,identity,referenced_entity_ambiguous,
train,2d32d8f7aae8e7e4,cardinal_direction,B,True,True,AMBIGUOUS,ambiguous,False,identity,referenced_entity_ambiguous,
train,8a48904c8c27f09d,cardinal_direction,B,True,True,AMBIGUOUS,ambiguous,False,identity,referenced_entity_ambiguous,
train,0de0a00dbaeb2945,cardinal_direction,B,True,True,AMBIGUOUS,ambiguous,False,identity,referenced_entity_ambiguous,
train,880702684e5dfc15,cardinal_direction,B,True,True,AMBIGUOUS,ambiguous,False,identity,referenced_entity_ambiguous,
train,379997a7eed01c7d,cardinal_direction,B,True,True,AMBIGUOUS,ambiguous,False,identity,referenced_entity_ambiguous,
train,5b63367b2d5c7532,cardinal_direction,B,True,True,AMBIGUOUS,ambiguous,False,identity,referenced_entity_ambiguous,
train,c996bf2f7b89a97c,cardinal_direction,B,True,True,AMBIGUOUS,ambiguous,False,identity,referenced_entity_ambiguous,
train,169a8689fb783189,cardinal_direction,B,True,True,AMBIGUOUS,ambiguous,False,identity,referenced_entity_ambiguous,
train,cf2b2697ed2629e3,cardinal_direction,B,True,True,AMBIGUOUS,ambiguous,False,identity,referenced_entity_ambiguous,
train,0ff302ee8a22963d,cardinal_direction,B,True,True,AMBIGUOUS,ambiguous,False,identity,referenced_entity_ambiguous,
train,00a80564fcada402,cardinal_direction,B,True,True,AMBIGUOUS,ambiguous,False,identity,referenced_entity_ambiguous,
train,54ca1523e7aff331,cardinal_direction,B,True,True,AMBIGUOUS,ambiguous,False,identity,referenced_entity_ambiguous,
train,f9915f596f95b73b,cardinal_direction,B,True,True,AMBIGUOUS,ambiguous,False,identity,referenced_entity_ambiguous,
train,78ccd8dcae470cdf,cardinal_direction,B,True,True,AMBIGUOUS,ambiguous,False,identity,referenced_entity_ambiguous,
train,dacdf97ba4f85957,cardinal_direction,B,True,True,AMBIGUOUS,ambiguous,False,identity,referenced_entity_ambiguous,
train,edea235a341fd208,cardinal_direction,B,True,True,AMBIGUOUS,ambiguous,False,identity,referenced_entity_ambiguous,
train,709689976b4d97e3,cardinal_direction,B,True,True,AMBIGUOUS,ambiguous,False,identity,referenced_entity_ambiguous,
train,73abf3d9e4258047,cardinal_direction,B,True,True,AMBIGUOUS,ambiguous,False,identity,referenced_entity_ambiguous,
train,2c68ab844be69db8,cardinal_direction,B,True,True,AMBIGUOUS,ambiguous,False,identity,referenced_entity_ambiguous,
train,e0ae2d330563150e,cardinal_direction,B,True,True,AMBIGUOUS,ambiguous,False,identity,referenced_entity_ambiguous,
train,9359f7d043120308,cardinal_direction,B,True,True,AMBIGUOUS,ambiguous,False,identity,referenced_entity_ambiguous,
train,384ec45ca74d29f6,cardinal_direction,B,True,True,AMBIGUOUS,ambiguous,False,identity,referenced_entity_ambiguous,
train,c9236de0f4100141,cardinal_direction,B,True,True,AMBIGUOUS,ambiguous,False,identity,referenced_entity_ambiguous,
train,b829377ed9e94605,cardinal_direction,B,True,True,AMBIGUOUS,ambiguous,False,identity,referenced_entity_ambiguous,
train,0e802e4b34077080,cardinal_direction,B,True,True,AMBIGUOUS,ambiguous,False,identity,referenced_entity_ambiguous,
train,84fb8248c759e6aa,cardinal_direction,B,True,True,AMBIGUOUS,ambiguous,False,identity,referenced_entity_ambiguous,
train,13e0667509aaca1a,cardinal_direction,B,True,True,AMBIGUOUS,ambiguous,False,identity,referenced_entity_ambiguous,
train,4c344f35a77b18e7,cardinal_direction,B,True,True,AMBIGUOUS,ambiguous,False,identity,referenced_entity_ambiguous,
train,79c3a5d6e90fa41e,cardinal_direction,B,True,True,AMBIGUOUS,ambiguous,False,identity,referenced_entity_ambiguous,
train,90d1a57c5f3348bd,cardinal_direction,B,True,True,AMBIGUOUS,ambiguous,False,identity,referenced_entity_ambiguous,
train,41c27d37ed109bc0,cardinal_direction,B,True,True,AMBIGUOUS,ambiguous,False,identity,referenced_entity_ambiguous,
train,9b91aa2cdbc6c380,cardinal_direction,B,True,True,AMBIGUOUS,ambiguous,False,identity,referenced_entity_ambiguous,
train,a9481081e60f9d83,cardinal_direction,B,True,True,AMBIGUOUS,ambiguous,False,identity,referenced_entity_ambiguous,
train,234d16aeaffd3d25,cardinal_direction,B,True,True,AMBIGUOUS,ambiguous,False,identity,referenced_entity_ambiguous,
train,e10b5444ab479e94,cardinal_direction,B,True,True,AMBIGUOUS,ambiguous,False,identity,referenced_entity_ambiguous,
train,e5cbe92d2ddd8da1,cardinal_direction,B,True,True,AMBIGUOUS,ambiguous,False,identity,referenced_entity_ambiguous,
train,0022172c9b820fed,cardinal_direction,B,True,True,AMBIGUOUS,ambiguous,False,identity,referenced_entity_ambiguous,
train,168d2740d6650b4e,cardinal_direction,B,True,True,AMBIGUOUS,ambiguous,False,identity,referenced_entity_ambiguous,
train,7445ad19674e8ff3,cardinal_direction,B,True,True,AMBIGUOUS,ambiguous,False,identity,referenced_entity_ambiguous,
train,4d9aba559eca85fe,cardinal_direction,B,True,True,AMBIGUOUS,ambiguous,False,identity,referenced_entity_ambiguous,
train,ab49ac1e67848333,cardinal_direction,B,True,True,AMBIGUOUS,ambiguous,False,identity,referenced_entity_ambiguous,
train,5b97635ca4c889b3,cardinal_direction,B,True,True,AMBIGUOUS,ambiguous,False,identity,referenced_entity_ambiguous,
train,b91a172b8e0b6333,cardinal_direction,B,True,True,AMBIGUOUS,ambiguous,False,identity,referenced_entity_ambiguous,
train,e59ab1a3728bbfda,cardinal_direction,B,True,True,AMBIGUOUS,ambiguous,False,identity,referenced_entity_ambiguous,
train,9400a010824a6eed,cardinal_direction,B,True,True,AMBIGUOUS,ambiguous,False,identity,referenced_entity_ambiguous,
train,59a535bf5014b550,cardinal_direction,B,True,True,AMBIGUOUS,ambiguous,False,identity,referenced_entity_ambiguous,
train,dd40fbdba414798a,cardinal_direction,B,True,True,AMBIGUOUS,ambiguous,False,identity,referenced_entity_ambiguous,
train,946eee227666e090,cardinal_direction,B,True,True,AMBIGUOUS,ambiguous,False,identity,referenced_entity_ambiguous,
train,7aa1ce18529b6fdc,cardinal_direction,B,True,True,AMBIGUOUS,ambiguous,False,identity,referenced_entity_ambiguous,
train,b52ed6ba00c5b260,cardinal_direction,B,True,True,AMBIGUOUS,ambiguous,False,identity,referenced_entity_ambiguous,
train,87c5ed1c2a0a81f8,cardinal_direction,B,True,True,AMBIGUOUS,ambiguous,False,identity,referenced_entity_ambiguous,
train,c5d853303754e2cc,cardinal_direction,B,True,True,AMBIGUOUS,ambiguous,False,identity,referenced_entity_ambiguous,
train,baae8914ac914bb6,cardinal_direction,B,True,True,AMBIGUOUS,ambiguous,False,identity,referenced_entity_ambiguous,
train,e34228df6350bf1c,cardinal_direction,B,True,True,AMBIGUOUS,ambiguous,False,identity,referenced_entity_ambiguous,
train,bd81852bd91b902f,cardinal_direction,B,True,True,AMBIGUOUS,ambiguous,False,identity,referenced_entity_ambiguous,
train,58a9e67b41588303,cardinal_direction,B,True,True,AMBIGUOUS,ambiguous,False,identity,referenced_entity_ambiguous,
train,1c15caf5ac1d56b8,cardinal_direction,B,True,True,AMBIGUOUS,ambiguous,False,identity,referenced_entity_ambiguous,
train,95938cd97824479b,cardinal_direction,B,True,True,AMBIGUOUS,ambiguous,False,identity,referenced_entity_ambiguous,
train,c0bbafc893548ff5,cardinal_direction,B,True,True,AMBIGUOUS,ambiguous,False,identity,referenced_entity_ambiguous,
train,062e706b1d316a5a,cardinal_direction,B,True,True,AMBIGUOUS,ambiguous,False,identity,referenced_entity_ambiguous,
train,5a9f77e0cfbdf6eb,cardinal_direction,B,True,True,AMBIGUOUS,ambiguous,False,identity,referenced_entity_ambiguous,
train,fcf5f88b17b12547,cardinal_direction,B,True,True,AMBIGUOUS,ambiguous,False,identity,referenced_entity_ambiguous,
train,5e060de36fa83c92,cardinal_direction,B,True,True,AMBIGUOUS,ambiguous,False,identity,referenced_entity_ambiguous,
train,df65515296193374,cardinal_direction,B,True,True,AMBIGUOUS,ambiguous,False,identity,referenced_entity_ambiguous,
train,7300f139e0d893c8,cardinal_direction,B,True,True,AMBIGUOUS,ambiguous,False,identity,referenced_entity_ambiguous,
train,d3fdb6b1bd72089d,cardinal_direction,B,True,True,AMBIGUOUS,ambiguous,False,identity,referenced_entity_ambiguous,
train,19b690667f727c1a,cardinal_direction,B,True,True,AMBIGUOUS,ambiguous,False,identity,referenced_entity_ambiguous,
train,80511470a56daf94,cardinal_direction,B,True,True,AMBIGUOUS,ambiguous,False,identity,referenced_entity_ambiguous,
train,b26aeea056609abc,cardinal_direction,B,True,True,AMBIGUOUS,ambiguous,False,identity,referenced_entity_ambiguous,
train,5446c7e9b3700da7,cardinal_direction,B,True,True,AMBIGUOUS,ambiguous,False,identity,referenced_entity_ambiguous,
train,d8a11e2c9483f34a,cardinal_direction,B,True,True,AMBIGUOUS,ambiguous,False,identity,referenced_entity_ambiguous,
train,7184323c6f22cd31,cardinal_direction,B,True,True,AMBIGUOUS,ambiguous,False,identity,referenced_entity_ambiguous,
train,532cd24e88c0cf11,cardinal_direction,B,True,True,AMBIGUOUS,ambiguous,False,identity,referenced_entity_ambiguous,
train,509e3625f0302a8c,cardinal_direction,B,True,True,AMBIGUOUS,ambiguous,False,identity,referenced_entity_ambiguous,
train,440e43aaaf7dd8a8,cardinal_direction,B,True,True,AMBIGUOUS,ambiguous,False,identity,referenced_entity_ambiguous,
train,19ebd53795691d79,cardinal_direction,B,True,True,AMBIGUOUS,ambiguous,False,identity,referenced_entity_ambiguous,
train,5c19c5733e6197b4,cardinal_direction,B,True,True,AMBIGUOUS,ambiguous,False,identity,referenced_entity_ambiguous,
train,e4ee3c39ad0864d3,cardinal_direction,B,True,True,AMBIGUOUS,ambiguous,False,identity,referenced_entity_ambiguous,
train,1a600bda2d796e0f,cardinal_direction,B,True,True,AMBIGUOUS,ambiguous,False,identity,referenced_entity_ambiguous,
train,78b5b661d02b92b1,cardinal_direction,B,True,True,AMBIGUOUS,ambiguous,False,identity,referenced_entity_ambiguous,
train,d6af8cf71354681e,cardinal_direction,B,True,True,AMBIGUOUS,ambiguous,False,identity,referenced_entity_ambiguous,
train,7f36d34542e41e60,cardinal_direction,B,True,True,AMBIGUOUS,ambiguous,False,identity,referenced_entity_ambiguous,
train,675098cb5ff27998,cardinal_direction,B,True,True,AMBIGUOUS,ambiguous,False,identity,referenced_entity_ambiguous,
train,14bad4e5b4a0773d,cardinal_direction,B,True,True,AMBIGUOUS,ambiguous,False,identity,referenced_entity_ambiguous,
train,24a321445eb0e2a8,cardinal_direction,B,True,True,AMBIGUOUS,ambiguous,False,identity,referenced_entity_ambiguous,
train,3de05317e00edbb5,cardinal_direction,B,True,True,AMBIGUOUS,ambiguous,False,identity,referenced_entity_ambiguous,
train,4910de80a0bcd8fc,cardinal_direction,B,True,True,AMBIGUOUS,ambiguous,False,identity,referenced_entity_ambiguous,
train,9af3dbd88b795c1d,cardinal_direction,B,True,True,AMBIGUOUS,ambiguous,False,identity,referenced_entity_ambiguous,
train,ccd7200a321a9ce9,cardinal_direction,B,True,True,AMBIGUOUS,ambiguous,False,identity,referenced_entity_ambiguous,
train,f0f41a7baae2f65a,cardinal_direction,B,True,True,AMBIGUOUS,ambiguous,False,identity,referenced_entity_ambiguous,
train,c0517b92a49559cc,cardinal_direction,B,True,True,AMBIGUOUS,ambiguous,False,identity,referenced_entity_ambiguous,
train,7a7831fabeacb0c8,within_radius_yes_no,F,True,True,UNIQUE,success,False,executor_answer,answer_mismatch,
train,09c1d763df963f4f,closer_of_two,B,True,True,AMBIGUOUS,ambiguous,False,identity,referenced_entity_ambiguous,
train,1184932a478d51e2,closer_of_two,B,True,True,AMBIGUOUS,ambiguous,False,identity,referenced_entity_ambiguous,
train,cc08fa93be04eced,closer_of_two,B,True,True,AMBIGUOUS,ambiguous,False,identity,referenced_entity_ambiguous,
train,7fee80d7cba108f2,closer_of_two,B,True,True,AMBIGUOUS,ambiguous,False,identity,referenced_entity_ambiguous,
train,69de4275d27733a4,closer_of_two,B,True,True,AMBIGUOUS,ambiguous,False,identity,referenced_entity_ambiguous,
train,d30bc3a3c2f428a9,closer_of_two,B,True,True,AMBIGUOUS,ambiguous,False,identity,referenced_entity_ambiguous,
train,932e4780995a029d,closer_of_two,B,True,True,AMBIGUOUS,ambiguous,False,identity,referenced_entity_ambiguous,
train,c731cc040875d5dc,closer_of_two,B,True,True,AMBIGUOUS,ambiguous,False,identity,referenced_entity_ambiguous,
train,d4c248d5445f81bd,closer_of_two,B,True,True,AMBIGUOUS,ambiguous,False,identity,referenced_entity_ambiguous,
train,3bff043a4a648376,closer_of_two,B,True,True,AMBIGUOUS,ambiguous,False,identity,referenced_entity_ambiguous,
train,c8cf3c2b8ecd9b04,closer_of_two,B,True,True,AMBIGUOUS,ambiguous,False,identity,referenced_entity_ambiguous,
train,ca52dc1c13945e9a,closer_of_two,B,True,True,AMBIGUOUS,ambiguous,False,identity,referenced_entity_ambiguous,
train,11b146c69776f650,closer_of_two,B,True,True,AMBIGUOUS,ambiguous,False,identity,referenced_entity_ambiguous,
train,75b0e70ec8ed6e96,closer_of_two,B,True,True,AMBIGUOUS,ambiguous,False,identity,referenced_entity_ambiguous,
train,fb9b818d358f3c0e,closer_of_two,B,True,True,AMBIGUOUS,ambiguous,False,identity,referenced_entity_ambiguous,
train,80e8a331164bbb1b,closer_of_two,B,True,True,AMBIGUOUS,ambiguous,False,identity,referenced_entity_ambiguous,
train,be24ab73632dd098,closer_of_two,B,True,True,AMBIGUOUS,ambiguous,False,identity,referenced_entity_ambiguous,
train,5008c210db53c491,closer_of_two,B,True,True,AMBIGUOUS,ambiguous,False,identity,referenced_entity_ambiguous,
train,ef9de06f14a0422b,closer_of_two,B,True,True,AMBIGUOUS,ambiguous,False,identity,referenced_entity_ambiguous,
train,4acdcd659ba8ba5a,closer_of_two,B,True,True,AMBIGUOUS,ambiguous,False,identity,referenced_entity_ambiguous,
train,8da6de4fcf3843e3,closer_of_two,B,True,True,AMBIGUOUS,ambiguous,False,identity,referenced_entity_ambiguous,
train,97e192544a5cbe34,closer_of_two,B,True,True,AMBIGUOUS,ambiguous,False,identity,referenced_entity_ambiguous,
train,0b6a4af76d7eee60,closer_of_two,B,True,True,AMBIGUOUS,ambiguous,False,identity,referenced_entity_ambiguous,
train,5b0cc3426139adbb,closer_of_two,B,True,True,AMBIGUOUS,ambiguous,False,identity,referenced_entity_ambiguous,
train,ffe26ca1be68a4d2,closer_of_two,B,True,True,AMBIGUOUS,ambiguous,False,identity,referenced_entity_ambiguous,
train,84a94cea01a6c4c1,closer_of_two,B,True,True,AMBIGUOUS,ambiguous,False,identity,referenced_entity_ambiguous,
train,c2ca09ae37d2af64,closer_of_two,B,True,True,AMBIGUOUS,ambiguous,False,identity,referenced_entity_ambiguous,
train,79730f1dfecc4572,closer_of_two,B,True,True,AMBIGUOUS,ambiguous,False,identity,referenced_entity_ambiguous,
train,a9d22bb5f20efc9c,closer_of_two,B,True,True,AMBIGUOUS,ambiguous,False,identity,referenced_entity_ambiguous,
train,3db7a2073d30e32f,closer_of_two,B,True,True,AMBIGUOUS,ambiguous,False,identity,referenced_entity_ambiguous,
train,68e5cee7f0e534c8,closer_of_two,B,True,True,AMBIGUOUS,ambiguous,False,identity,referenced_entity_ambiguous,
train,3f7fd17184b1ea8a,closer_of_two,B,True,True,AMBIGUOUS,ambiguous,False,identity,referenced_entity_ambiguous,
train,725638c57ab5a32d,closer_of_two,B,True,True,AMBIGUOUS,ambiguous,False,identity,referenced_entity_ambiguous,
train,fb0d9b65c6421b6f,closer_of_two,B,True,True,AMBIGUOUS,ambiguous,False,identity,referenced_entity_ambiguous,
train,1952818d2e658009,closer_of_two,B,True,True,AMBIGUOUS,ambiguous,False,identity,referenced_entity_ambiguous,
train,53da2d36a2435103,closer_of_two,B,True,True,AMBIGUOUS,ambiguous,False,identity,referenced_entity_ambiguous,
train,6496b9aff1507c75,closer_of_two,B,True,True,AMBIGUOUS,ambiguous,False,identity,referenced_entity_ambiguous,
train,a228eafc76a4c61b,closer_of_two,B,True,True,AMBIGUOUS,ambiguous,False,identity,referenced_entity_ambiguous,
train,fedf22991a53e1c4,closer_of_two,B,True,True,AMBIGUOUS,ambiguous,False,identity,referenced_entity_ambiguous,
train,864d699f7ff41d50,closer_of_two,B,True,True,AMBIGUOUS,ambiguous,False,identity,referenced_entity_ambiguous,
train,519219effb9dbe0b,closer_of_two,B,True,True,AMBIGUOUS,ambiguous,False,identity,referenced_entity_ambiguous,
train,8833879c0ba31213,closer_of_two,B,True,True,AMBIGUOUS,ambiguous,False,identity,referenced_entity_ambiguous,
train,f6b333e70d41ea64,closer_of_two,B,True,True,AMBIGUOUS,ambiguous,False,identity,referenced_entity_ambiguous,
train,ca3884e8c3da331f,closer_of_two,B,True,True,AMBIGUOUS,ambiguous,False,identity,referenced_entity_ambiguous,
train,a4142db3e9038438,closer_of_two,B,True,True,AMBIGUOUS,ambiguous,False,identity,referenced_entity_ambiguous,
train,7e36f9c94de3a822,closer_of_two,B,True,True,AMBIGUOUS,ambiguous,False,identity,referenced_entity_ambiguous,
train,66c1bfc2d90385b5,closer_of_two,B,True,True,AMBIGUOUS,ambiguous,False,identity,referenced_entity_ambiguous,
train,88cf0e8d9df7bf73,closer_of_two,B,True,True,AMBIGUOUS,ambiguous,False,identity,referenced_entity_ambiguous,
train,00bc57d0a9b3daf7,closer_of_two,B,True,True,AMBIGUOUS,ambiguous,False,identity,referenced_entity_ambiguous,
train,ea5ec213fbecb776,closer_of_two,B,True,True,AMBIGUOUS,ambiguous,False,identity,referenced_entity_ambiguous,
train,516f2e642bf8c373,closer_of_two,B,True,True,AMBIGUOUS,ambiguous,False,identity,referenced_entity_ambiguous,
train,973b9e48794a9e9a,closer_of_two,B,True,True,AMBIGUOUS,ambiguous,False,identity,referenced_entity_ambiguous,
train,d1bd0a709a659745,closer_of_two,B,True,True,AMBIGUOUS,ambiguous,False,identity,referenced_entity_ambiguous,
train,6672d060538956ef,closer_of_two,B,True,True,AMBIGUOUS,ambiguous,False,identity,referenced_entity_ambiguous,
train,d17d79f8e2d99a5e,closer_of_two,B,True,True,AMBIGUOUS,ambiguous,False,identity,referenced_entity_ambiguous,
train,93dfd74915c52991,closer_of_two,B,True,True,AMBIGUOUS,ambiguous,False,identity,referenced_entity_ambiguous,
train,87699ef6792d5488,closer_of_two,B,True,True,AMBIGUOUS,ambiguous,False,identity,referenced_entity_ambiguous,
train,5645d3fefaf6a8ef,closer_of_two,B,True,True,AMBIGUOUS,ambiguous,False,identity,referenced_entity_ambiguous,
train,23b2f874db44df57,closer_of_two,B,True,True,AMBIGUOUS,ambiguous,False,identity,referenced_entity_ambiguous,
train,30510e1186e367df,closer_of_two,B,True,True,AMBIGUOUS,ambiguous,False,identity,referenced_entity_ambiguous,
train,45ebdcb9c9a78ec0,closer_of_two,B,True,True,AMBIGUOUS,ambiguous,False,identity,referenced_entity_ambiguous,
train,0c5b5f4d9314668b,closer_of_two,B,True,True,AMBIGUOUS,ambiguous,False,identity,referenced_entity_ambiguous,
train,85b0b699af7962ae,closer_of_two,B,True,True,AMBIGUOUS,ambiguous,False,identity,referenced_entity_ambiguous,
train,ff1e9eebe168381b,closer_of_two,B,True,True,AMBIGUOUS,ambiguous,False,identity,referenced_entity_ambiguous,
train,7f2ef5164bfef8f1,closer_of_two,B,True,True,AMBIGUOUS,ambiguous,False,identity,referenced_entity_ambiguous,
train,d4f2af4aec3f8405,closer_of_two,B,True,True,AMBIGUOUS,ambiguous,False,identity,referenced_entity_ambiguous,
train,d32db31bc25c1c06,closer_of_two,B,True,True,AMBIGUOUS,ambiguous,False,identity,referenced_entity_ambiguous,
train,e52b11734d46f078,closer_of_two,B,True,True,AMBIGUOUS,ambiguous,False,identity,referenced_entity_ambiguous,
train,77b04c6c3fccd137,closer_of_two,B,True,True,AMBIGUOUS,ambiguous,False,identity,referenced_entity_ambiguous,
train,227ee000ae66a30b,closer_of_two,B,True,True,AMBIGUOUS,ambiguous,False,identity,referenced_entity_ambiguous,
train,4df115a942e85475,closer_of_two,B,True,True,AMBIGUOUS,ambiguous,False,identity,referenced_entity_ambiguous,
train,047f760f8f78e6c3,closer_of_two,B,True,True,AMBIGUOUS,ambiguous,False,identity,referenced_entity_ambiguous,
train,d0a9c93bee10068d,closer_of_two,B,True,True,AMBIGUOUS,ambiguous,False,identity,referenced_entity_ambiguous,
train,66d3a97c4fa4cb7a,closer_of_two,B,True,True,AMBIGUOUS,ambiguous,False,identity,referenced_entity_ambiguous,
train,18078cfd0d765c6d,closer_of_two,B,True,True,AMBIGUOUS,ambiguous,False,identity,referenced_entity_ambiguous,
train,c16de1c8afdfbcf5,closer_of_two,B,True,True,AMBIGUOUS,ambiguous,False,identity,referenced_entity_ambiguous,
train,5f2e5e76a9f2a1ab,closer_of_two,B,True,True,AMBIGUOUS,ambiguous,False,identity,referenced_entity_ambiguous,
train,a33fd015d40f8d07,closer_of_two,B,True,True,AMBIGUOUS,ambiguous,False,identity,referenced_entity_ambiguous,
train,dcc0f992776adbf2,closer_of_two,B,True,True,AMBIGUOUS,ambiguous,False,identity,referenced_entity_ambiguous,
train,27d1fba4a11a2fbf,closer_of_two,B,True,True,AMBIGUOUS,ambiguous,False,identity,referenced_entity_ambiguous,
train,887efda2b2e8bd16,closer_of_two,B,True,True,AMBIGUOUS,ambiguous,False,identity,referenced_entity_ambiguous,
train,58c9c165e5cd6389,closer_of_two,B,True,True,AMBIGUOUS,ambiguous,False,identity,referenced_entity_ambiguous,
train,97336cc94a4bde0b,closer_of_two,B,True,True,AMBIGUOUS,ambiguous,False,identity,referenced_entity_ambiguous,
train,d5599d479cea2abc,closer_of_two,B,True,True,AMBIGUOUS,ambiguous,False,identity,referenced_entity_ambiguous,
train,b0d2b80d02e614ed,closer_of_two,B,True,True,AMBIGUOUS,ambiguous,False,identity,referenced_entity_ambiguous,
train,118329b78d59a743,closer_of_two,B,True,True,AMBIGUOUS,ambiguous,False,identity,referenced_entity_ambiguous,
train,94d25a4fb0600f75,closer_of_two,B,True,True,AMBIGUOUS,ambiguous,False,identity,referenced_entity_ambiguous,
train,4e5a6ef0d1fe4771,closer_of_two,B,True,True,AMBIGUOUS,ambiguous,False,identity,referenced_entity_ambiguous,
train,d1dfe7ee74241ff5,closer_of_two,B,True,True,AMBIGUOUS,ambiguous,False,identity,referenced_entity_ambiguous,
train,d8da5f23258032dd,closer_of_two,B,True,True,AMBIGUOUS,ambiguous,False,identity,referenced_entity_ambiguous,
train,e4457759bca7f8ba,closer_of_two,B,True,True,AMBIGUOUS,ambiguous,False,identity,referenced_entity_ambiguous,
train,d3e7a416f8f62ee8,closer_of_two,B,True,True,AMBIGUOUS,ambiguous,False,identity,referenced_entity_ambiguous,
train,e3fd5afd158a7199,closer_of_two,B,True,True,AMBIGUOUS,ambiguous,False,identity,referenced_entity_ambiguous,
train,0a86a8dfdbc255f6,closer_of_two,B,True,True,AMBIGUOUS,ambiguous,False,identity,referenced_entity_ambiguous,
train,a5e913b7d7f4f0b1,closer_of_two,B,True,True,AMBIGUOUS,ambiguous,False,identity,referenced_entity_ambiguous,
train,2d4b02e275cce5e4,closer_of_two,B,True,True,AMBIGUOUS,ambiguous,False,identity,referenced_entity_ambiguous,
train,d8c76696c6585f5f,closer_of_two,B,True,True,AMBIGUOUS,ambiguous,False,identity,referenced_entity_ambiguous,
train,48841acc29f0d2bd,closer_of_two,B,True,True,AMBIGUOUS,ambiguous,False,identity,referenced_entity_ambiguous,
train,4a9089e119c57600,closer_of_two,B,True,True,AMBIGUOUS,ambiguous,False,identity,referenced_entity_ambiguous,
train,a2edabd2c8634889,closer_of_two,B,True,True,AMBIGUOUS,ambiguous,False,identity,referenced_entity_ambiguous,
train,bb7d9871f877a649,closer_of_two,B,True,True,AMBIGUOUS,ambiguous,False,identity,referenced_entity_ambiguous,
train,64eea8751243ce04,closer_of_two,B,True,True,AMBIGUOUS,ambiguous,False,identity,referenced_entity_ambiguous,
train,c6850b8665201c71,closer_of_two,B,True,True,AMBIGUOUS,ambiguous,False,identity,referenced_entity_ambiguous,
train,e835d9e061ec05ef,closer_of_two,B,True,True,AMBIGUOUS,ambiguous,False,identity,referenced_entity_ambiguous,
train,dff8dd344eca6f55,closer_of_two,B,True,True,AMBIGUOUS,ambiguous,False,identity,referenced_entity_ambiguous,
train,88c0b97f33578520,closer_of_two,B,True,True,AMBIGUOUS,ambiguous,False,identity,referenced_entity_ambiguous,
train,7394012a899adab2,closer_of_two,B,True,True,AMBIGUOUS,ambiguous,False,identity,referenced_entity_ambiguous,
train,9aeffcdcee89438a,closer_of_two,B,True,True,AMBIGUOUS,ambiguous,False,identity,referenced_entity_ambiguous,
train,cd2ef5e77a943309,closer_of_two,B,True,True,AMBIGUOUS,ambiguous,False,identity,referenced_entity_ambiguous,
train,6fafd7b1e69a479f,closer_of_two,B,True,True,AMBIGUOUS,ambiguous,False,identity,referenced_entity_ambiguous,
train,c8ee9657b1ceb8bf,closer_of_two,B,True,True,AMBIGUOUS,ambiguous,False,identity,referenced_entity_ambiguous,
train,3680ca46ff8b2bc7,closer_of_two,B,True,True,AMBIGUOUS,ambiguous,False,identity,referenced_entity_ambiguous,
train,885372d2e61ae425,closer_of_two,B,True,True,AMBIGUOUS,ambiguous,False,identity,referenced_entity_ambiguous,
train,d5bd0a51b6a0380a,closer_of_two,B,True,True,AMBIGUOUS,ambiguous,False,identity,referenced_entity_ambiguous,
train,8879926b3e50e36c,closer_of_two,B,True,True,AMBIGUOUS,ambiguous,False,identity,referenced_entity_ambiguous,
train,4691a655d7eeba50,closer_of_two,B,True,True,AMBIGUOUS,ambiguous,False,identity,referenced_entity_ambiguous,
train,d26e115d168d7bca,closer_of_two,B,True,True,AMBIGUOUS,ambiguous,False,identity,referenced_entity_ambiguous,
train,31bf570a37bd1717,closer_of_two,B,True,True,AMBIGUOUS,ambiguous,False,identity,referenced_entity_ambiguous,
train,3fceb8c19e0564a2,closer_of_two,B,True,True,AMBIGUOUS,ambiguous,False,identity,referenced_entity_ambiguous,
train,25484065903aae3d,closer_of_two,B,True,True,AMBIGUOUS,ambiguous,False,identity,referenced_entity_ambiguous,
train,f91d8e21028a814c,closer_of_two,B,True,True,AMBIGUOUS,ambiguous,False,identity,referenced_entity_ambiguous,
train,9533f1ea1f07c3fc,closer_of_two,B,True,True,AMBIGUOUS,ambiguous,False,identity,referenced_entity_ambiguous,
train,034cc4c0d1bb662d,closer_of_two,B,True,True,AMBIGUOUS,ambiguous,False,identity,referenced_entity_ambiguous,
train,6c9150c3fb333a40,closer_of_two,B,True,True,AMBIGUOUS,ambiguous,False,identity,referenced_entity_ambiguous,
train,7c8fca036f237956,closer_of_two,B,True,True,AMBIGUOUS,ambiguous,False,identity,referenced_entity_ambiguous,
train,6ccfa3e0ab0ea566,closer_of_two,B,True,True,AMBIGUOUS,ambiguous,False,identity,referenced_entity_ambiguous,
train,d73719b7a8ccf670,closer_of_two,B,True,True,AMBIGUOUS,ambiguous,False,identity,referenced_entity_ambiguous,
train,5781e05acd21d01b,closer_of_two,B,True,True,AMBIGUOUS,ambiguous,False,identity,referenced_entity_ambiguous,
train,b4a7ddfa7ca67a32,closer_of_two,B,True,True,AMBIGUOUS,ambiguous,False,identity,referenced_entity_ambiguous,
train,4920913136039e36,closer_of_two,B,True,True,AMBIGUOUS,ambiguous,False,identity,referenced_entity_ambiguous,
train,3075752d29040597,closer_of_two,B,True,True,AMBIGUOUS,ambiguous,False,identity,referenced_entity_ambiguous,
train,cd0bad59bd2a369f,closer_of_two,B,True,True,AMBIGUOUS,ambiguous,False,identity,referenced_entity_ambiguous,
train,8d11adf0d92c3e10,closer_of_two,B,True,True,AMBIGUOUS,ambiguous,False,identity,referenced_entity_ambiguous,
train,188398259f7af8bc,closer_of_two,B,True,True,AMBIGUOUS,ambiguous,False,identity,referenced_entity_ambiguous,
train,c4676ca13afabc2b,closer_of_two,B,True,True,AMBIGUOUS,ambiguous,False,identity,referenced_entity_ambiguous,
train,90fa57aa37221941,closer_of_two,B,True,True,AMBIGUOUS,ambiguous,False,identity,referenced_entity_ambiguous,
train,6a7d53525ef5545a,closer_of_two,B,True,True,AMBIGUOUS,ambiguous,False,identity,referenced_entity_ambiguous,
train,4fcb21ece43097b9,closer_of_two,B,True,True,AMBIGUOUS,ambiguous,False,identity,referenced_entity_ambiguous,
train,760d09060571fe7e,closer_of_two,B,True,True,AMBIGUOUS,ambiguous,False,identity,referenced_entity_ambiguous,
train,163cfa8efd1ce32a,closer_of_two,B,True,True,AMBIGUOUS,ambiguous,False,identity,referenced_entity_ambiguous,
train,b84f68cead01caa7,closer_of_two,B,True,True,AMBIGUOUS,ambiguous,False,identity,referenced_entity_ambiguous,
train,58665a1e98dcd1e9,closer_of_two,B,True,True,AMBIGUOUS,ambiguous,False,identity,referenced_entity_ambiguous,
train,413b0605799958c6,closer_of_two,B,True,True,AMBIGUOUS,ambiguous,False,identity,referenced_entity_ambiguous,
train,386d9708b272253a,closer_of_two,B,True,True,AMBIGUOUS,ambiguous,False,identity,referenced_entity_ambiguous,
train,c20a543186c652a9,closer_of_two,B,True,True,AMBIGUOUS,ambiguous,False,identity,referenced_entity_ambiguous,
train,ab10351d206e48a9,closer_of_two,B,True,True,AMBIGUOUS,ambiguous,False,identity,referenced_entity_ambiguous,
train,eacea03d1587c446,closer_of_two,B,True,True,AMBIGUOUS,ambiguous,False,identity,referenced_entity_ambiguous,
train,bbd01df5e94e5f30,closer_of_two,B,True,True,AMBIGUOUS,ambiguous,False,identity,referenced_entity_ambiguous,
train,4dd2afdeb3f9f256,closer_of_two,B,True,True,AMBIGUOUS,ambiguous,False,identity,referenced_entity_ambiguous,
train,70df523c532aa0db,closer_of_two,B,True,True,AMBIGUOUS,ambiguous,False,identity,referenced_entity_ambiguous,
train,c2b06e2af4fbf5fa,closer_of_two,B,True,True,AMBIGUOUS,ambiguous,False,identity,referenced_entity_ambiguous,
train,22b331c5a0fc0e3a,closer_of_two,B,True,True,AMBIGUOUS,ambiguous,False,identity,referenced_entity_ambiguous,
train,e5baa9202435fb71,closer_of_two,B,True,True,AMBIGUOUS,ambiguous,False,identity,referenced_entity_ambiguous,
train,360ac7fd936fa4e2,closer_of_two,B,True,True,AMBIGUOUS,ambiguous,False,identity,referenced_entity_ambiguous,
train,f5a0c13d0f058d7a,closer_of_two,B,True,True,AMBIGUOUS,ambiguous,False,identity,referenced_entity_ambiguous,
train,8345aca0463dc95a,closer_of_two,B,True,True,AMBIGUOUS,ambiguous,False,identity,referenced_entity_ambiguous,
train,1acd7f1c40242072,closer_of_two,B,True,True,AMBIGUOUS,ambiguous,False,identity,referenced_entity_ambiguous,
train,fef1594705268850,closer_of_two,B,True,True,AMBIGUOUS,ambiguous,False,identity,referenced_entity_ambiguous,
train,77ae25ffb198ab9c,closer_of_two,B,True,True,AMBIGUOUS,ambiguous,False,identity,referenced_entity_ambiguous,
train,b5791e25488892ea,closer_of_two,B,True,True,AMBIGUOUS,ambiguous,False,identity,referenced_entity_ambiguous,
train,54a986cc80fe931a,closer_of_two,B,True,True,AMBIGUOUS,ambiguous,False,identity,referenced_entity_ambiguous,
train,fb708fe8e6fd608f,closer_of_two,B,True,True,AMBIGUOUS,ambiguous,False,identity,referenced_entity_ambiguous,
train,3d622696416df98d,closer_of_two,B,True,True,AMBIGUOUS,ambiguous,False,identity,referenced_entity_ambiguous,
train,0372c98b865fba16,closer_of_two,B,True,True,AMBIGUOUS,ambiguous,False,identity,referenced_entity_ambiguous,
train,b91e08924b7ae69d,closer_of_two,B,True,True,AMBIGUOUS,ambiguous,False,identity,referenced_entity_ambiguous,
train,360f719e1eaa755a,closer_of_two,B,True,True,AMBIGUOUS,ambiguous,False,identity,referenced_entity_ambiguous,
train,41f611e653c861e0,closer_of_two,B,True,True,AMBIGUOUS,ambiguous,False,identity,referenced_entity_ambiguous,
train,8de5b467e534787e,closer_of_two,B,True,True,AMBIGUOUS,ambiguous,False,identity,referenced_entity_ambiguous,
train,736d4861a14e58f4,closer_of_two,B,True,True,AMBIGUOUS,ambiguous,False,identity,referenced_entity_ambiguous,
train,2245fad3bd840b37,closer_of_two,B,True,True,AMBIGUOUS,ambiguous,False,identity,referenced_entity_ambiguous,
train,37147b3237a3de70,closer_of_two,B,True,True,AMBIGUOUS,ambiguous,False,identity,referenced_entity_ambiguous,
train,4db508d92efe9d6a,closer_of_two,B,True,True,AMBIGUOUS,ambiguous,False,identity,referenced_entity_ambiguous,
train,5481a44d8b9962a3,closer_of_two,B,True,True,AMBIGUOUS,ambiguous,False,identity,referenced_entity_ambiguous,
train,0fc4130aa9a08bdd,closer_of_two,B,True,True,AMBIGUOUS,ambiguous,False,identity,referenced_entity_ambiguous,
train,689832edf80d428b,closer_of_two,B,True,True,AMBIGUOUS,ambiguous,False,identity,referenced_entity_ambiguous,
train,d4ec5798803763dc,closer_of_two,B,True,True,AMBIGUOUS,ambiguous,False,identity,referenced_entity_ambiguous,
train,412870df4f8a2a72,closer_of_two,B,True,True,AMBIGUOUS,ambiguous,False,identity,referenced_entity_ambiguous,
train,825766cc7a393456,closer_of_two,B,True,True,AMBIGUOUS,ambiguous,False,identity,referenced_entity_ambiguous,
train,924616709abdd4cd,closer_of_two,B,True,True,AMBIGUOUS,ambiguous,False,identity,referenced_entity_ambiguous,
train,06a22a1fb42d8f98,closer_of_two,B,True,True,AMBIGUOUS,ambiguous,False,identity,referenced_entity_ambiguous,
train,068a71a32a96e734,closer_of_two,B,True,True,AMBIGUOUS,ambiguous,False,identity,referenced_entity_ambiguous,
train,be557535e372c580,closer_of_two,B,True,True,AMBIGUOUS,ambiguous,False,identity,referenced_entity_ambiguous,
train,eb94a1c09be7a51a,closer_of_two,B,True,True,AMBIGUOUS,ambiguous,False,identity,referenced_entity_ambiguous,
train,a57d84b9ec348700,closer_of_two,B,True,True,AMBIGUOUS,ambiguous,False,identity,referenced_entity_ambiguous,
train,9ba0f9fdbd06aae8,closer_of_two,B,True,True,AMBIGUOUS,ambiguous,False,identity,referenced_entity_ambiguous,
train,6f5e1126828395d8,closer_of_two,B,True,True,AMBIGUOUS,ambiguous,False,identity,referenced_entity_ambiguous,
train,3ba238312be89adb,closer_of_two,B,True,True,AMBIGUOUS,ambiguous,False,identity,referenced_entity_ambiguous,
train,07ea236d4494635b,closer_of_two,B,True,True,AMBIGUOUS,ambiguous,False,identity,referenced_entity_ambiguous,
train,5126b8133fc75ce7,closer_of_two,B,True,True,AMBIGUOUS,ambiguous,False,identity,referenced_entity_ambiguous,
train,2517628cea45c401,closer_of_two,B,True,True,AMBIGUOUS,ambiguous,False,identity,referenced_entity_ambiguous,
train,611533f4cacb12a4,closer_of_two,B,True,True,AMBIGUOUS,ambiguous,False,identity,referenced_entity_ambiguous,
train,6ef825da0cec4769,closer_of_two,B,True,True,AMBIGUOUS,ambiguous,False,identity,referenced_entity_ambiguous,
train,00eb06bf5b2521fb,closer_of_two,B,True,True,AMBIGUOUS,ambiguous,False,identity,referenced_entity_ambiguous,
train,77821e936beb498a,closer_of_two,B,True,True,AMBIGUOUS,ambiguous,False,identity,referenced_entity_ambiguous,
train,d36e7c3740ac573f,closer_of_two,B,True,True,AMBIGUOUS,ambiguous,False,identity,referenced_entity_ambiguous,
train,0146cce8114a7e90,closer_of_two,B,True,True,AMBIGUOUS,ambiguous,False,identity,referenced_entity_ambiguous,
train,3a310ee917358799,closer_of_two,B,True,True,AMBIGUOUS,ambiguous,False,identity,referenced_entity_ambiguous,
train,9d60e58f0d16bc28,closer_of_two,B,True,True,AMBIGUOUS,ambiguous,False,identity,referenced_entity_ambiguous,
train,8b8518aa5c585210,closer_of_two,B,True,True,AMBIGUOUS,ambiguous,False,identity,referenced_entity_ambiguous,
train,14d6cfde3f123289,closer_of_two,B,True,True,AMBIGUOUS,ambiguous,False,identity,referenced_entity_ambiguous,
train,f803421f43abb750,closer_of_two,B,True,True,AMBIGUOUS,ambiguous,False,identity,referenced_entity_ambiguous,
train,ad3d3d3729c392a7,closer_of_two,B,True,True,AMBIGUOUS,ambiguous,False,identity,referenced_entity_ambiguous,
train,2cb1d02e9ef2168f,closer_of_two,B,True,True,AMBIGUOUS,ambiguous,False,identity,referenced_entity_ambiguous,
train,04449c84ad13c09c,closer_of_two,B,True,True,AMBIGUOUS,ambiguous,False,identity,referenced_entity_ambiguous,
train,cf4b95e5e747dd50,closer_of_two,B,True,True,AMBIGUOUS,ambiguous,False,identity,referenced_entity_ambiguous,
train,8300046dabb87726,closer_of_two,B,True,True,AMBIGUOUS,ambiguous,False,identity,referenced_entity_ambiguous,
train,acf207c539b5f246,closer_of_two,B,True,True,AMBIGUOUS,ambiguous,False,identity,referenced_entity_ambiguous,
train,06a841af87d7cacf,closer_of_two,B,True,True,AMBIGUOUS,ambiguous,False,identity,referenced_entity_ambiguous,
train,3f3fba156767e242,closer_of_two,B,True,True,AMBIGUOUS,ambiguous,False,identity,referenced_entity_ambiguous,
train,1c01db97dd24bc77,closer_of_two,B,True,True,AMBIGUOUS,ambiguous,False,identity,referenced_entity_ambiguous,
train,a94d72cb43a8f1c8,closer_of_two,B,True,True,AMBIGUOUS,ambiguous,False,identity,referenced_entity_ambiguous,
train,8bd8e887fcca3086,closer_of_two,B,True,True,AMBIGUOUS,ambiguous,False,identity,referenced_entity_ambiguous,
train,95bdb5963051a459,closer_of_two,B,True,True,AMBIGUOUS,ambiguous,False,identity,referenced_entity_ambiguous,
train,1fe7db3cb34a14b5,closer_of_two,B,True,True,AMBIGUOUS,ambiguous,False,identity,referenced_entity_ambiguous,
train,4821afc4be0a4743,closer_of_two,B,True,True,AMBIGUOUS,ambiguous,False,identity,referenced_entity_ambiguous,
train,8466ccab3e8810c5,closer_of_two,B,True,True,AMBIGUOUS,ambiguous,False,identity,referenced_entity_ambiguous,
train,880194af5fb50e0c,closer_of_two,B,True,True,AMBIGUOUS,ambiguous,False,identity,referenced_entity_ambiguous,
train,e29cb1d208b71d4b,closer_of_two,B,True,True,AMBIGUOUS,ambiguous,False,identity,referenced_entity_ambiguous,
train,107e6416ac88292f,closer_of_two,B,True,True,AMBIGUOUS,ambiguous,False,identity,referenced_entity_ambiguous,
train,341449facb5642c8,closer_of_two,B,True,True,AMBIGUOUS,ambiguous,False,identity,referenced_entity_ambiguous,
train,7f1550643d17642b,closer_of_two,B,True,True,AMBIGUOUS,ambiguous,False,identity,referenced_entity_ambiguous,
train,cb7ce1e975aadeb8,closer_of_two,B,True,True,AMBIGUOUS,ambiguous,False,identity,referenced_entity_ambiguous,
train,5e582005021060e4,closer_of_two,B,True,True,AMBIGUOUS,ambiguous,False,identity,referenced_entity_ambiguous,
train,70c023c957328282,closer_of_two,B,True,True,AMBIGUOUS,ambiguous,False,identity,referenced_entity_ambiguous,
train,49834be8d5c95d7f,closer_of_two,B,True,True,AMBIGUOUS,ambiguous,False,identity,referenced_entity_ambiguous,
train,8a5cf22a06a5d1f2,closer_of_two,B,True,True,AMBIGUOUS,ambiguous,False,identity,referenced_entity_ambiguous,
train,f8cb60d2e332287b,closer_of_two,B,True,True,AMBIGUOUS,ambiguous,False,identity,referenced_entity_ambiguous,
train,a9f893de3a6340e7,closer_of_two,B,True,True,AMBIGUOUS,ambiguous,False,identity,referenced_entity_ambiguous,
train,dca86f8f0de7874c,closer_of_two,B,True,True,AMBIGUOUS,ambiguous,False,identity,referenced_entity_ambiguous,
train,8828a3c5a9655b13,closer_of_two,B,True,True,AMBIGUOUS,ambiguous,False,identity,referenced_entity_ambiguous,
train,e461f169b30eb373,closer_of_two,B,True,True,AMBIGUOUS,ambiguous,False,identity,referenced_entity_ambiguous,
train,f33c019afc59c8a3,closer_of_two,B,True,True,AMBIGUOUS,ambiguous,False,identity,referenced_entity_ambiguous,
train,ae1d33e62fa76980,closer_of_two,B,True,True,AMBIGUOUS,ambiguous,False,identity,referenced_entity_ambiguous,
train,6421a4cc81eb6034,closer_of_two,B,True,True,AMBIGUOUS,ambiguous,False,identity,referenced_entity_ambiguous,
train,173730d253cd558b,closer_of_two,B,True,True,AMBIGUOUS,ambiguous,False,identity,referenced_entity_ambiguous,
train,8022cfa4b956e4b1,closer_of_two,B,True,True,AMBIGUOUS,ambiguous,False,identity,referenced_entity_ambiguous,
train,46545289ad185672,closer_of_two,B,True,True,AMBIGUOUS,ambiguous,False,identity,referenced_entity_ambiguous,
train,760c2b771cd34cfd,closer_of_two,B,True,True,AMBIGUOUS,ambiguous,False,identity,referenced_entity_ambiguous,
train,f19ac1816c8cb47d,closer_of_two,B,True,True,AMBIGUOUS,ambiguous,False,identity,referenced_entity_ambiguous,
train,177b2734e0d523e9,closer_of_two,B,True,True,AMBIGUOUS,ambiguous,False,identity,referenced_entity_ambiguous,
train,f3c61351a2f86c4c,closer_of_two,B,True,True,AMBIGUOUS,ambiguous,False,identity,referenced_entity_ambiguous,
train,75f12e131d502f49,closer_of_two,B,True,True,AMBIGUOUS,ambiguous,False,identity,referenced_entity_ambiguous,
train,2e3fdd562eb2fc91,closer_of_two,B,True,True,AMBIGUOUS,ambiguous,False,identity,referenced_entity_ambiguous,
train,b71349158c75735c,closer_of_two,B,True,True,AMBIGUOUS,ambiguous,False,identity,referenced_entity_ambiguous,
train,461492eb4f64001a,closer_of_two,B,True,True,AMBIGUOUS,ambiguous,False,identity,referenced_entity_ambiguous,
train,f7fe7367e07324db,closer_of_two,B,True,True,AMBIGUOUS,ambiguous,False,identity,referenced_entity_ambiguous,
train,5b203f2cc45f3ef9,closer_of_two,B,True,True,AMBIGUOUS,ambiguous,False,identity,referenced_entity_ambiguous,
train,634d4b8488e7853a,closer_of_two,B,True,True,AMBIGUOUS,ambiguous,False,identity,referenced_entity_ambiguous,
train,0cd78872fa57d3ed,closer_of_two,B,True,True,AMBIGUOUS,ambiguous,False,identity,referenced_entity_ambiguous,
train,bf6e99c93993cda0,closer_of_two,B,True,True,AMBIGUOUS,ambiguous,False,identity,referenced_entity_ambiguous,
train,0c3213364a2e7498,closer_of_two,B,True,True,AMBIGUOUS,ambiguous,False,identity,referenced_entity_ambiguous,
train,6317529f345ad2f3,closer_of_two,B,True,True,AMBIGUOUS,ambiguous,False,identity,referenced_entity_ambiguous,
train,3dde16d248be61fc,closer_of_two,B,True,True,AMBIGUOUS,ambiguous,False,identity,referenced_entity_ambiguous,
train,d1b061dc2c73a4b4,closer_of_two,B,True,True,AMBIGUOUS,ambiguous,False,identity,referenced_entity_ambiguous,
train,87dd89efbc2bd50e,closer_of_two,B,True,True,AMBIGUOUS,ambiguous,False,identity,referenced_entity_ambiguous,
train,ae19158c3a568a66,closer_of_two,B,True,True,AMBIGUOUS,ambiguous,False,identity,referenced_entity_ambiguous,
train,00d6947e2d9aac57,closer_of_two,B,True,True,AMBIGUOUS,ambiguous,False,identity,referenced_entity_ambiguous,
train,1a9a4972c7f1ed37,closer_of_two,B,True,True,AMBIGUOUS,ambiguous,False,identity,referenced_entity_ambiguous,
train,8c24d7e94c828cbc,closer_of_two,B,True,True,AMBIGUOUS,ambiguous,False,identity,referenced_entity_ambiguous,
train,1fdf501bad6fec92,closer_of_two,B,True,True,AMBIGUOUS,ambiguous,False,identity,referenced_entity_ambiguous,
train,a69c21a0f66301d6,closer_of_two,B,True,True,AMBIGUOUS,ambiguous,False,identity,referenced_entity_ambiguous,
train,e0f08e980eb5d596,closer_of_two,B,True,True,AMBIGUOUS,ambiguous,False,identity,referenced_entity_ambiguous,
train,3984322fe775abc8,closer_of_two,B,True,True,AMBIGUOUS,ambiguous,False,identity,referenced_entity_ambiguous,
train,ea631508a5d51424,closer_of_two,B,True,True,AMBIGUOUS,ambiguous,False,identity,referenced_entity_ambiguous,
train,df98dac0aefa1d76,closer_of_two,B,True,True,AMBIGUOUS,ambiguous,False,identity,referenced_entity_ambiguous,
train,6970ce93f17ca0f1,closer_of_two,B,True,True,AMBIGUOUS,ambiguous,False,identity,referenced_entity_ambiguous,
train,082b5a1ec555d04b,closer_of_two,B,True,True,AMBIGUOUS,ambiguous,False,identity,referenced_entity_ambiguous,
train,07bff700508c0ccc,closer_of_two,B,True,True,AMBIGUOUS,ambiguous,False,identity,referenced_entity_ambiguous,
train,cf95935b7492a3b1,closer_of_two,B,True,True,AMBIGUOUS,ambiguous,False,identity,referenced_entity_ambiguous,
train,4a99369b9d013ec5,closer_of_two,B,True,True,AMBIGUOUS,ambiguous,False,identity,referenced_entity_ambiguous,
train,a27ace1ded0470b6,closer_of_two,B,True,True,AMBIGUOUS,ambiguous,False,identity,referenced_entity_ambiguous,
train,51d32fe9c0ec6c27,closer_of_two,B,True,True,AMBIGUOUS,ambiguous,False,identity,referenced_entity_ambiguous,
train,c7794e3b0383d1ad,closer_of_two,B,True,True,AMBIGUOUS,ambiguous,False,identity,referenced_entity_ambiguous,
train,683a48145792ffcc,closer_of_two,B,True,True,AMBIGUOUS,ambiguous,False,identity,referenced_entity_ambiguous,
train,fbdb86c9762d61b5,closer_of_two,B,True,True,AMBIGUOUS,ambiguous,False,identity,referenced_entity_ambiguous,
train,af7be27dbb79f6a8,closer_of_two,B,True,True,AMBIGUOUS,ambiguous,False,identity,referenced_entity_ambiguous,
train,f74e44d375b54c08,closer_of_two,B,True,True,AMBIGUOUS,ambiguous,False,identity,referenced_entity_ambiguous,
train,b71315e034b0cb81,closer_of_two,B,True,True,AMBIGUOUS,ambiguous,False,identity,referenced_entity_ambiguous,
train,b75ca97e8dabf11f,closer_of_two,B,True,True,AMBIGUOUS,ambiguous,False,identity,referenced_entity_ambiguous,
train,83457dce8b2c1649,closer_of_two,B,True,True,AMBIGUOUS,ambiguous,False,identity,referenced_entity_ambiguous,
train,21d6efaab98a0b57,closer_of_two,B,True,True,AMBIGUOUS,ambiguous,False,identity,referenced_entity_ambiguous,
train,1b1df73d5f4846a3,closer_of_two,B,True,True,AMBIGUOUS,ambiguous,False,identity,referenced_entity_ambiguous,
train,f65d29c988a6c36a,closer_of_two,B,True,True,AMBIGUOUS,ambiguous,False,identity,referenced_entity_ambiguous,
train,e1831d70607f22ef,closer_of_two,B,True,True,AMBIGUOUS,ambiguous,False,identity,referenced_entity_ambiguous,
train,fe32b561cf8c7494,closer_of_two,B,True,True,AMBIGUOUS,ambiguous,False,identity,referenced_entity_ambiguous,
train,c958facfffd71b06,closer_of_two,B,True,True,AMBIGUOUS,ambiguous,False,identity,referenced_entity_ambiguous,
train,4d177c3136668369,closer_of_two,B,True,True,AMBIGUOUS,ambiguous,False,identity,referenced_entity_ambiguous,
train,f38daaf7447c6386,closer_of_two,B,True,True,AMBIGUOUS,ambiguous,False,identity,referenced_entity_ambiguous,
train,a4a23aea5de0c2d4,closer_of_two,B,True,True,AMBIGUOUS,ambiguous,False,identity,referenced_entity_ambiguous,
train,b16eb08ea3aac7db,closer_of_two,B,True,True,AMBIGUOUS,ambiguous,False,identity,referenced_entity_ambiguous,
train,126626b4b4b43c3e,closer_of_two,B,True,True,AMBIGUOUS,ambiguous,False,identity,referenced_entity_ambiguous,
train,2656de4df85c8a4a,closer_of_two,B,True,True,AMBIGUOUS,ambiguous,False,identity,referenced_entity_ambiguous,
train,656e68e322bc8807,closer_of_two,B,True,True,AMBIGUOUS,ambiguous,False,identity,referenced_entity_ambiguous,
train,25452d9909896a61,closer_of_two,B,True,True,AMBIGUOUS,ambiguous,False,identity,referenced_entity_ambiguous,
train,b8cb6c2783d48af9,closer_of_two,B,True,True,AMBIGUOUS,ambiguous,False,identity,referenced_entity_ambiguous,
train,26349935d689c22b,closer_of_two,B,True,True,AMBIGUOUS,ambiguous,False,identity,referenced_entity_ambiguous,
train,25657e9c9822c485,closer_of_two,B,True,True,AMBIGUOUS,ambiguous,False,identity,referenced_entity_ambiguous,
train,35cd3828e0182a18,closer_of_two,B,True,True,AMBIGUOUS,ambiguous,False,identity,referenced_entity_ambiguous,
train,d74868050df3e34e,closer_of_two,B,True,True,AMBIGUOUS,ambiguous,False,identity,referenced_entity_ambiguous,
train,2304a87312e1247e,closer_of_two,B,True,True,AMBIGUOUS,ambiguous,False,identity,referenced_entity_ambiguous,
train,4410a00b08adf005,closer_of_two,B,True,True,AMBIGUOUS,ambiguous,False,identity,referenced_entity_ambiguous,
train,df6dc066a13f017b,closer_of_two,B,True,True,AMBIGUOUS,ambiguous,False,identity,referenced_entity_ambiguous,
train,eab4a13cfe99fd22,closer_of_two,B,True,True,AMBIGUOUS,ambiguous,False,identity,referenced_entity_ambiguous,
train,4a368248b7c0f61a,closer_of_two,B,True,True,AMBIGUOUS,ambiguous,False,identity,referenced_entity_ambiguous,
train,b4f05b93d261d330,closer_of_two,B,True,True,AMBIGUOUS,ambiguous,False,identity,referenced_entity_ambiguous,
train,46181bda7886424f,closer_of_two,B,True,True,AMBIGUOUS,ambiguous,False,identity,referenced_entity_ambiguous,
train,75b55757b5053b8c,closer_of_two,B,True,True,AMBIGUOUS,ambiguous,False,identity,referenced_entity_ambiguous,
train,7f47f89ff7e5dee2,closer_of_two,B,True,True,AMBIGUOUS,ambiguous,False,identity,referenced_entity_ambiguous,
train,3a6465f2d6ed6490,closer_of_two,B,True,True,AMBIGUOUS,ambiguous,False,identity,referenced_entity_ambiguous,
train,01b4489a7d26f7d7,closer_of_two,B,True,True,AMBIGUOUS,ambiguous,False,identity,referenced_entity_ambiguous,
train,2d6a24340b959736,closer_of_two,B,True,True,AMBIGUOUS,ambiguous,False,identity,referenced_entity_ambiguous,
train,2cfb41d8b51d04bb,closer_of_two,B,True,True,AMBIGUOUS,ambiguous,False,identity,referenced_entity_ambiguous,
train,7a932de47d4446d3,closer_of_two,B,True,True,AMBIGUOUS,ambiguous,False,identity,referenced_entity_ambiguous,
train,6d2018d1c6d33376,closer_of_two,B,True,True,AMBIGUOUS,ambiguous,False,identity,referenced_entity_ambiguous,
train,84ad6a81c5cc6002,closer_of_two,B,True,True,AMBIGUOUS,ambiguous,False,identity,referenced_entity_ambiguous,
train,201a2925764b534b,closer_of_two,B,True,True,AMBIGUOUS,ambiguous,False,identity,referenced_entity_ambiguous,
train,94e6e4d7da79c539,closer_of_two,B,True,True,AMBIGUOUS,ambiguous,False,identity,referenced_entity_ambiguous,
train,773c4bd17fe2cd84,closer_of_two,B,True,True,AMBIGUOUS,ambiguous,False,identity,referenced_entity_ambiguous,
train,99f21d613ac3e38b,closer_of_two,B,True,True,AMBIGUOUS,ambiguous,False,identity,referenced_entity_ambiguous,
train,4060955bd1e23eb2,closer_of_two,B,True,True,AMBIGUOUS,ambiguous,False,identity,referenced_entity_ambiguous,
train,490a2854ac90ba42,closer_of_two,B,True,True,AMBIGUOUS,ambiguous,False,identity,referenced_entity_ambiguous,
train,18fa22785fe1c305,closer_of_two,B,True,True,AMBIGUOUS,ambiguous,False,identity,referenced_entity_ambiguous,
train,7471ff103105de0f,closer_of_two,B,True,True,AMBIGUOUS,ambiguous,False,identity,referenced_entity_ambiguous,
train,6401992af13fa560,closer_of_two,B,True,True,AMBIGUOUS,ambiguous,False,identity,referenced_entity_ambiguous,
train,175201328a0198a6,closer_of_two,B,True,True,AMBIGUOUS,ambiguous,False,identity,referenced_entity_ambiguous,
train,b6a3b8cb2a5dfc08,closer_of_two,B,True,True,AMBIGUOUS,ambiguous,False,identity,referenced_entity_ambiguous,
train,de61fdfd92121581,closer_of_two,B,True,True,AMBIGUOUS,ambiguous,False,identity,referenced_entity_ambiguous,
train,4ca46ee8b6ef8c2e,closer_of_two,B,True,True,AMBIGUOUS,ambiguous,False,identity,referenced_entity_ambiguous,
train,d2647f0a0b7b8074,closer_of_two,B,True,True,AMBIGUOUS,ambiguous,False,identity,referenced_entity_ambiguous,
train,531ba8a2209f090b,closer_of_two,B,True,True,AMBIGUOUS,ambiguous,False,identity,referenced_entity_ambiguous,
train,dfb3997ef5db85d3,closer_of_two,B,True,True,AMBIGUOUS,ambiguous,False,identity,referenced_entity_ambiguous,
train,a844b9e636005af2,closer_of_two,B,True,True,AMBIGUOUS,ambiguous,False,identity,referenced_entity_ambiguous,
train,e541022967173e93,closer_of_two,B,True,True,AMBIGUOUS,ambiguous,False,identity,referenced_entity_ambiguous,
train,7b80ebab79fbaa03,closer_of_two,B,True,True,AMBIGUOUS,ambiguous,False,identity,referenced_entity_ambiguous,
train,4679ce91599e469f,closer_of_two,B,True,True,AMBIGUOUS,ambiguous,False,identity,referenced_entity_ambiguous,
train,edf5997f89a1819e,closer_of_two,B,True,True,AMBIGUOUS,ambiguous,False,identity,referenced_entity_ambiguous,
train,528033e2f1859492,closer_of_two,B,True,True,AMBIGUOUS,ambiguous,False,identity,referenced_entity_ambiguous,
train,d2fd37fcef3907c8,closer_of_two,B,True,True,AMBIGUOUS,ambiguous,False,identity,referenced_entity_ambiguous,
train,119a59776e741759,closer_of_two,B,True,True,AMBIGUOUS,ambiguous,False,identity,referenced_entity_ambiguous,
train,40cbd87a2a2e3cca,closer_of_two,B,True,True,AMBIGUOUS,ambiguous,False,identity,referenced_entity_ambiguous,
train,b985f9cb88d9bbef,closer_of_two,B,True,True,AMBIGUOUS,ambiguous,False,identity,referenced_entity_ambiguous,
train,87128899a1b92ce4,closer_of_two,B,True,True,AMBIGUOUS,ambiguous,False,identity,referenced_entity_ambiguous,
train,7327ab6405b3bf17,closer_of_two,B,True,True,AMBIGUOUS,ambiguous,False,identity,referenced_entity_ambiguous,
train,1296272338f018eb,closer_of_two,B,True,True,AMBIGUOUS,ambiguous,False,identity,referenced_entity_ambiguous,
train,636b4653e1e23cfe,closer_of_two,B,True,True,AMBIGUOUS,ambiguous,False,identity,referenced_entity_ambiguous,
train,e148ceb25f5aed95,closer_of_two,B,True,True,AMBIGUOUS,ambiguous,False,identity,referenced_entity_ambiguous,
train,5c4be92935c8880b,closer_of_two,B,True,True,AMBIGUOUS,ambiguous,False,identity,referenced_entity_ambiguous,
train,f26a3c2ede35555c,closer_of_two,B,True,True,AMBIGUOUS,ambiguous,False,identity,referenced_entity_ambiguous,
train,9961fc80c9463c45,closer_of_two,B,True,True,AMBIGUOUS,ambiguous,False,identity,referenced_entity_ambiguous,
train,245509af7e224e63,closer_of_two,B,True,True,AMBIGUOUS,ambiguous,False,identity,referenced_entity_ambiguous,
train,7b716a5d9dd79000,closer_of_two,B,True,True,AMBIGUOUS,ambiguous,False,identity,referenced_entity_ambiguous,
train,537455ac4702ffff,closer_of_two,B,True,True,AMBIGUOUS,ambiguous,False,identity,referenced_entity_ambiguous,
train,3715bfee93503410,closer_of_two,B,True,True,AMBIGUOUS,ambiguous,False,identity,referenced_entity_ambiguous,
train,a6fc7e1014b0d939,closer_of_two,B,True,True,AMBIGUOUS,ambiguous,False,identity,referenced_entity_ambiguous,
train,ef102a63f5b2e5c2,closer_of_two,B,True,True,AMBIGUOUS,ambiguous,False,identity,referenced_entity_ambiguous,
train,2b853999901ddd16,closer_of_two,B,True,True,AMBIGUOUS,ambiguous,False,identity,referenced_entity_ambiguous,
train,5fa72cdf67bcbe57,closer_of_two,B,True,True,AMBIGUOUS,ambiguous,False,identity,referenced_entity_ambiguous,
train,f5cf1fd99745d8e9,closer_of_two,B,True,True,AMBIGUOUS,ambiguous,False,identity,referenced_entity_ambiguous,
train,e29657376dce06c9,closer_of_two,B,True,True,AMBIGUOUS,ambiguous,False,identity,referenced_entity_ambiguous,
train,1dcaeb300a790c61,closer_of_two,B,True,True,AMBIGUOUS,ambiguous,False,identity,referenced_entity_ambiguous,
train,6f189cfcde18c33b,closer_of_two,B,True,True,AMBIGUOUS,ambiguous,False,identity,referenced_entity_ambiguous,
train,af69700f1093e3b9,closer_of_two,B,True,True,AMBIGUOUS,ambiguous,False,identity,referenced_entity_ambiguous,
train,41201e22c69b5240,closer_of_two,B,True,True,AMBIGUOUS,ambiguous,False,identity,referenced_entity_ambiguous,
train,22ab26fb015b654f,closer_of_two,B,True,True,AMBIGUOUS,ambiguous,False,identity,referenced_entity_ambiguous,
train,fb1baffbc9f8d9f3,closer_of_two,B,True,True,AMBIGUOUS,ambiguous,False,identity,referenced_entity_ambiguous,
train,569161243e9eb6b7,closer_of_two,B,True,True,AMBIGUOUS,ambiguous,False,identity,referenced_entity_ambiguous,
train,1dac7a7cc7e0ff6d,closer_of_two,B,True,True,AMBIGUOUS,ambiguous,False,identity,referenced_entity_ambiguous,
train,6ac7b7eea9abaac8,closer_of_two,B,True,True,AMBIGUOUS,ambiguous,False,identity,referenced_entity_ambiguous,
train,ad457936921ba4f4,closer_of_two,B,True,True,AMBIGUOUS,ambiguous,False,identity,referenced_entity_ambiguous,
train,ab4fed01255d8558,closer_of_two,B,True,True,AMBIGUOUS,ambiguous,False,identity,referenced_entity_ambiguous,
train,b6c45c128cc0a59b,closer_of_two,B,True,True,AMBIGUOUS,ambiguous,False,identity,referenced_entity_ambiguous,
train,964b3f22e2bbfce1,closer_of_two,B,True,True,AMBIGUOUS,ambiguous,False,identity,referenced_entity_ambiguous,
train,b3fb421d36b0143d,closer_of_two,B,True,True,AMBIGUOUS,ambiguous,False,identity,referenced_entity_ambiguous,
train,106f5398ca0d1cbc,closer_of_two,B,True,True,AMBIGUOUS,ambiguous,False,identity,referenced_entity_ambiguous,
train,d6169770b450aa5f,closer_of_two,B,True,True,AMBIGUOUS,ambiguous,False,identity,referenced_entity_ambiguous,
train,905f738a664ab092,closer_of_two,B,True,True,AMBIGUOUS,ambiguous,False,identity,referenced_entity_ambiguous,
train,b22973bf0b0b2a98,closer_of_two,B,True,True,AMBIGUOUS,ambiguous,False,identity,referenced_entity_ambiguous,
train,3c19c774709fb6ff,closer_of_two,B,True,True,AMBIGUOUS,ambiguous,False,identity,referenced_entity_ambiguous,
train,5c66b8e19ca8a058,closer_of_two,B,True,True,AMBIGUOUS,ambiguous,False,identity,referenced_entity_ambiguous,
train,0a46c8a9d332b207,closer_of_two,B,True,True,AMBIGUOUS,ambiguous,False,identity,referenced_entity_ambiguous,
train,e89e20bbff26c150,closer_of_two,B,True,True,AMBIGUOUS,ambiguous,False,identity,referenced_entity_ambiguous,
train,89e0c2a1c6253200,closer_of_two,B,True,True,AMBIGUOUS,ambiguous,False,identity,referenced_entity_ambiguous,
train,3777a3cfa2b096eb,closer_of_two,B,True,True,AMBIGUOUS,ambiguous,False,identity,referenced_entity_ambiguous,
train,8093abbdf748b960,closer_of_two,B,True,True,AMBIGUOUS,ambiguous,False,identity,referenced_entity_ambiguous,
train,2f9d243006bccfec,closer_of_two,B,True,True,AMBIGUOUS,ambiguous,False,identity,referenced_entity_ambiguous,
train,203625cb655cb18a,closer_of_two,B,True,True,AMBIGUOUS,ambiguous,False,identity,referenced_entity_ambiguous,
train,f8d35431d2100dc4,closer_of_two,B,True,True,AMBIGUOUS,ambiguous,False,identity,referenced_entity_ambiguous,
train,8e5cee66606467a2,closer_of_two,B,True,True,AMBIGUOUS,ambiguous,False,identity,referenced_entity_ambiguous,
train,4cd815ea085e2e52,closer_of_two,B,True,True,AMBIGUOUS,ambiguous,False,identity,referenced_entity_ambiguous,
train,deab7d96275188fc,closer_of_two,B,True,True,AMBIGUOUS,ambiguous,False,identity,referenced_entity_ambiguous,
train,2da9a398b1ab1892,closer_of_two,B,True,True,AMBIGUOUS,ambiguous,False,identity,referenced_entity_ambiguous,
train,f36b001738b09191,closer_of_two,B,True,True,AMBIGUOUS,ambiguous,False,identity,referenced_entity_ambiguous,
train,79fca65eb59bbfa8,closer_of_two,B,True,True,AMBIGUOUS,ambiguous,False,identity,referenced_entity_ambiguous,
train,f1326a8de9b3c2be,closer_of_two,B,True,True,AMBIGUOUS,ambiguous,False,identity,referenced_entity_ambiguous,
train,61ca8aba883912bd,closer_of_two,B,True,True,AMBIGUOUS,ambiguous,False,identity,referenced_entity_ambiguous,
train,ec482e70d30da05b,closer_of_two,B,True,True,AMBIGUOUS,ambiguous,False,identity,referenced_entity_ambiguous,
train,1ca1310f816e15f7,closer_of_two,B,True,True,AMBIGUOUS,ambiguous,False,identity,referenced_entity_ambiguous,
train,74a57ba753538a09,closer_of_two,B,True,True,AMBIGUOUS,ambiguous,False,identity,referenced_entity_ambiguous,
train,2f67feb38e40115c,closer_of_two,B,True,True,AMBIGUOUS,ambiguous,False,identity,referenced_entity_ambiguous,
train,26d02e0e614a019f,closer_of_two,B,True,True,AMBIGUOUS,ambiguous,False,identity,referenced_entity_ambiguous,
train,37c7d99c85a77a8b,closer_of_two,B,True,True,AMBIGUOUS,ambiguous,False,identity,referenced_entity_ambiguous,
train,25e59109bab37dad,closer_of_two,B,True,True,AMBIGUOUS,ambiguous,False,identity,referenced_entity_ambiguous,
train,7fe5ede2427c5531,closer_of_two,B,True,True,AMBIGUOUS,ambiguous,False,identity,referenced_entity_ambiguous,
train,1eecadbb307ea38a,closer_of_two,B,True,True,AMBIGUOUS,ambiguous,False,identity,referenced_entity_ambiguous,
train,f49b38bffc20f30c,closer_of_two,B,True,True,AMBIGUOUS,ambiguous,False,identity,referenced_entity_ambiguous,
train,e5b1eddcbdc17d6d,closer_of_two,B,True,True,AMBIGUOUS,ambiguous,False,identity,referenced_entity_ambiguous,
train,903f6a1122c36b3e,closer_of_two,B,True,True,AMBIGUOUS,ambiguous,False,identity,referenced_entity_ambiguous,
train,057e08f780337a0e,closer_of_two,B,True,True,AMBIGUOUS,ambiguous,False,identity,referenced_entity_ambiguous,
train,16e1df9c0e68be70,closer_of_two,B,True,True,AMBIGUOUS,ambiguous,False,identity,referenced_entity_ambiguous,
train,4f9468ce1b6b578a,closer_of_two,B,True,True,AMBIGUOUS,ambiguous,False,identity,referenced_entity_ambiguous,
train,d947a0fe40650011,closer_of_two,B,True,True,AMBIGUOUS,ambiguous,False,identity,referenced_entity_ambiguous,
train,e501a55ed30552df,closer_of_two,B,True,True,AMBIGUOUS,ambiguous,False,identity,referenced_entity_ambiguous,
train,5bdcfdd56614921f,closer_of_two,B,True,True,AMBIGUOUS,ambiguous,False,identity,referenced_entity_ambiguous,
train,30bddbe2af21733f,closer_of_two,B,True,True,AMBIGUOUS,ambiguous,False,identity,referenced_entity_ambiguous,
train,11208fc530df444d,closer_of_two,B,True,True,AMBIGUOUS,ambiguous,False,identity,referenced_entity_ambiguous,
train,654807dd1dc0b6f6,closer_of_two,B,True,True,AMBIGUOUS,ambiguous,False,identity,referenced_entity_ambiguous,
train,beedecc8625323ad,closer_of_two,B,True,True,AMBIGUOUS,ambiguous,False,identity,referenced_entity_ambiguous,
train,45d142acba37ac66,closer_of_two,B,True,True,AMBIGUOUS,ambiguous,False,identity,referenced_entity_ambiguous,
train,494f6483dcdcc674,closer_of_two,B,True,True,AMBIGUOUS,ambiguous,False,identity,referenced_entity_ambiguous,
train,d8c9ffe14af4d600,closer_of_two,B,True,True,AMBIGUOUS,ambiguous,False,identity,referenced_entity_ambiguous,
train,903b5e525604d5c8,closer_of_two,B,True,True,AMBIGUOUS,ambiguous,False,identity,referenced_entity_ambiguous,
train,1d7fc9b876f57d8f,closer_of_two,B,True,True,AMBIGUOUS,ambiguous,False,identity,referenced_entity_ambiguous,
train,3ae94f834708d2aa,closer_of_two,B,True,True,AMBIGUOUS,ambiguous,False,identity,referenced_entity_ambiguous,
train,e9672525aef3b403,closer_of_two,B,True,True,AMBIGUOUS,ambiguous,False,identity,referenced_entity_ambiguous,
train,355cde6143f33ee2,closer_of_two,B,True,True,AMBIGUOUS,ambiguous,False,identity,referenced_entity_ambiguous,
train,d4b4cc9d194843db,closer_of_two,B,True,True,AMBIGUOUS,ambiguous,False,identity,referenced_entity_ambiguous,
train,4b945c2605f0e6e7,closer_of_two,B,True,True,AMBIGUOUS,ambiguous,False,identity,referenced_entity_ambiguous,
train,07ae230e1b4356f8,closer_of_two,B,True,True,AMBIGUOUS,ambiguous,False,identity,referenced_entity_ambiguous,
train,4a03bd9a6d112741,closer_of_two,B,True,True,AMBIGUOUS,ambiguous,False,identity,referenced_entity_ambiguous,
train,c247b87e51f586d7,closer_of_two,B,True,True,AMBIGUOUS,ambiguous,False,identity,referenced_entity_ambiguous,
train,9891eaa5ddfbcf18,closer_of_two,B,True,True,AMBIGUOUS,ambiguous,False,identity,referenced_entity_ambiguous,
train,32bf538c0d4e3736,closer_of_two,B,True,True,AMBIGUOUS,ambiguous,False,identity,referenced_entity_ambiguous,
train,02150f4bb127efcc,closer_of_two,B,True,True,AMBIGUOUS,ambiguous,False,identity,referenced_entity_ambiguous,
train,ffcedcb1caaa4a02,closer_of_two,B,True,True,AMBIGUOUS,ambiguous,False,identity,referenced_entity_ambiguous,
train,a3d060e1456ff6f2,closer_of_two,B,True,True,AMBIGUOUS,ambiguous,False,identity,referenced_entity_ambiguous,
train,14e32415a73f43a2,closer_of_two,B,True,True,AMBIGUOUS,ambiguous,False,identity,referenced_entity_ambiguous,
train,b0154f72f9cd8a90,closer_of_two,B,True,True,AMBIGUOUS,ambiguous,False,identity,referenced_entity_ambiguous,
train,b97b20119547a3cf,closer_of_two,B,True,True,AMBIGUOUS,ambiguous,False,identity,referenced_entity_ambiguous,
train,2f7c5b0c57f35f84,closer_of_two,B,True,True,AMBIGUOUS,ambiguous,False,identity,referenced_entity_ambiguous,
train,335d1bf3a4b337ec,closer_of_two,B,True,True,AMBIGUOUS,ambiguous,False,identity,referenced_entity_ambiguous,
train,37435e7902aca46b,closer_of_two,B,True,True,AMBIGUOUS,ambiguous,False,identity,referenced_entity_ambiguous,
train,e75d0ed46a2e8937,closer_of_two,B,True,True,AMBIGUOUS,ambiguous,False,identity,referenced_entity_ambiguous,
train,42b327cfce39eed2,closer_of_two,B,True,True,AMBIGUOUS,ambiguous,False,identity,referenced_entity_ambiguous,
train,081771c2d44ad5ff,closer_of_two,B,True,True,AMBIGUOUS,ambiguous,False,identity,referenced_entity_ambiguous,
train,73a10078464f2648,closer_of_two,B,True,True,AMBIGUOUS,ambiguous,False,identity,referenced_entity_ambiguous,
train,50763670376a4cc6,closer_of_two,B,True,True,AMBIGUOUS,ambiguous,False,identity,referenced_entity_ambiguous,
train,6675c1c452efce39,closer_of_two,B,True,True,AMBIGUOUS,ambiguous,False,identity,referenced_entity_ambiguous,
train,72b29424b8184ef4,closer_of_two,B,True,True,AMBIGUOUS,ambiguous,False,identity,referenced_entity_ambiguous,
train,12cb0f89fdfb6bdd,closer_of_two,B,True,True,AMBIGUOUS,ambiguous,False,identity,referenced_entity_ambiguous,
train,52022b3c6412e87c,closer_of_two,B,True,True,AMBIGUOUS,ambiguous,False,identity,referenced_entity_ambiguous,
train,47f00b5da75226e6,closer_of_two,B,True,True,AMBIGUOUS,ambiguous,False,identity,referenced_entity_ambiguous,
train,96f97f4986812f27,closer_of_two,B,True,True,AMBIGUOUS,ambiguous,False,identity,referenced_entity_ambiguous,
train,94b11809295a2b71,closer_of_two,B,True,True,AMBIGUOUS,ambiguous,False,identity,referenced_entity_ambiguous,
train,9a53703df7c05975,closer_of_two,B,True,True,AMBIGUOUS,ambiguous,False,identity,referenced_entity_ambiguous,
train,6bcdd1350d528852,closer_of_two,B,True,True,AMBIGUOUS,ambiguous,False,identity,referenced_entity_ambiguous,
train,7066cc7b3570ceb8,closer_of_two,B,True,True,AMBIGUOUS,ambiguous,False,identity,referenced_entity_ambiguous,
train,65ba635bbfb471c7,closer_of_two,B,True,True,AMBIGUOUS,ambiguous,False,identity,referenced_entity_ambiguous,
train,f7f66a09f8c2b04f,closer_of_two,B,True,True,AMBIGUOUS,ambiguous,False,identity,referenced_entity_ambiguous,
train,eeb89dae54eae1a2,closer_of_two,B,True,True,AMBIGUOUS,ambiguous,False,identity,referenced_entity_ambiguous,
train,b1c91103d40496f1,closer_of_two,B,True,True,AMBIGUOUS,ambiguous,False,identity,referenced_entity_ambiguous,
train,044ccb370fa99828,closer_of_two,B,True,True,AMBIGUOUS,ambiguous,False,identity,referenced_entity_ambiguous,
train,c70cb98b619640b6,closer_of_two,B,True,True,AMBIGUOUS,ambiguous,False,identity,referenced_entity_ambiguous,
train,8ca30b692fbe7588,closer_of_two,B,True,True,AMBIGUOUS,ambiguous,False,identity,referenced_entity_ambiguous,
train,27ba47b5eebab8f4,closer_of_two,B,True,True,AMBIGUOUS,ambiguous,False,identity,referenced_entity_ambiguous,
train,54dcb6f2072b90f7,closer_of_two,B,True,True,AMBIGUOUS,ambiguous,False,identity,referenced_entity_ambiguous,
train,73ae1d8cdcc863ef,closer_of_two,B,True,True,AMBIGUOUS,ambiguous,False,identity,referenced_entity_ambiguous,
train,3b4ce69e12ecc8e5,closer_of_two,B,True,True,AMBIGUOUS,ambiguous,False,identity,referenced_entity_ambiguous,
train,2e8daca5e951a09e,closer_of_two,B,True,True,AMBIGUOUS,ambiguous,False,identity,referenced_entity_ambiguous,
train,320cc5da0504ebab,closer_of_two,B,True,True,AMBIGUOUS,ambiguous,False,identity,referenced_entity_ambiguous,
train,1e9bfaf065c948ba,closer_of_two,B,True,True,AMBIGUOUS,ambiguous,False,identity,referenced_entity_ambiguous,
train,c07b2dc5fd7dcf2c,closer_of_two,B,True,True,AMBIGUOUS,ambiguous,False,identity,referenced_entity_ambiguous,
train,74f19816bf1aad5b,closer_of_two,B,True,True,AMBIGUOUS,ambiguous,False,identity,referenced_entity_ambiguous,
train,a3d3bceb32ae166a,closer_of_two,B,True,True,AMBIGUOUS,ambiguous,False,identity,referenced_entity_ambiguous,
train,f2081f55dc2e6169,closer_of_two,B,True,True,AMBIGUOUS,ambiguous,False,identity,referenced_entity_ambiguous,
train,4a0d42531a924601,closer_of_two,B,True,True,AMBIGUOUS,ambiguous,False,identity,referenced_entity_ambiguous,
train,22ae1f851e4101ff,closer_of_two,B,True,True,AMBIGUOUS,ambiguous,False,identity,referenced_entity_ambiguous,
train,7a712f549e274826,closer_of_two,B,True,True,AMBIGUOUS,ambiguous,False,identity,referenced_entity_ambiguous,
train,8834ea073020a72d,closer_of_two,B,True,True,AMBIGUOUS,ambiguous,False,identity,referenced_entity_ambiguous,
train,368e6a8645923cee,closer_of_two,B,True,True,AMBIGUOUS,ambiguous,False,identity,referenced_entity_ambiguous,
train,ecadaea764b466c4,closer_of_two,B,True,True,AMBIGUOUS,ambiguous,False,identity,referenced_entity_ambiguous,
train,e44f1e10e9b3dc55,closer_of_two,B,True,True,AMBIGUOUS,ambiguous,False,identity,referenced_entity_ambiguous,
train,3f07c267830182c9,closer_of_two,B,True,True,AMBIGUOUS,ambiguous,False,identity,referenced_entity_ambiguous,
train,716eed666125e6b3,closer_of_two,B,True,True,AMBIGUOUS,ambiguous,False,identity,referenced_entity_ambiguous,
train,193b3095c7fe7fd2,closer_of_two,B,True,True,AMBIGUOUS,ambiguous,False,identity,referenced_entity_ambiguous,
train,abb432ce557f02c2,closer_of_two,B,True,True,AMBIGUOUS,ambiguous,False,identity,referenced_entity_ambiguous,
train,929344021659b586,closer_of_two,B,True,True,AMBIGUOUS,ambiguous,False,identity,referenced_entity_ambiguous,
train,34bf74ccaf6eba4b,closer_of_two,B,True,True,AMBIGUOUS,ambiguous,False,identity,referenced_entity_ambiguous,
train,ba79957be045fec9,closer_of_two,B,True,True,AMBIGUOUS,ambiguous,False,identity,referenced_entity_ambiguous,
train,1cf7b4bd58aee0a9,closer_of_two,B,True,True,AMBIGUOUS,ambiguous,False,identity,referenced_entity_ambiguous,
train,c914196844b7183d,closer_of_two,B,True,True,AMBIGUOUS,ambiguous,False,identity,referenced_entity_ambiguous,
train,43eb9529a270ea14,closer_of_two,B,True,True,AMBIGUOUS,ambiguous,False,identity,referenced_entity_ambiguous,
train,bf6a3c8e862ae389,closer_of_two,B,True,True,AMBIGUOUS,ambiguous,False,identity,referenced_entity_ambiguous,
train,9a9e8741903a9e83,closer_of_two,B,True,True,AMBIGUOUS,ambiguous,False,identity,referenced_entity_ambiguous,
train,415bbd0f2aa2ebfa,closer_of_two,B,True,True,AMBIGUOUS,ambiguous,False,identity,referenced_entity_ambiguous,
train,cac17d085301b917,closer_of_two,B,True,True,AMBIGUOUS,ambiguous,False,identity,referenced_entity_ambiguous,
train,dd959bef68715558,closer_of_two,B,True,True,AMBIGUOUS,ambiguous,False,identity,referenced_entity_ambiguous,
train,75643f8ef5240d99,closer_of_two,B,True,True,AMBIGUOUS,ambiguous,False,identity,referenced_entity_ambiguous,
train,389e40010c17ef41,closer_of_two,B,True,True,AMBIGUOUS,ambiguous,False,identity,referenced_entity_ambiguous,
train,c03ab4bc5cc9ee8f,closer_of_two,B,True,True,AMBIGUOUS,ambiguous,False,identity,referenced_entity_ambiguous,
train,74dda46c8b02a2f3,closer_of_two,B,True,True,AMBIGUOUS,ambiguous,False,identity,referenced_entity_ambiguous,
train,775de7edd8024abd,closer_of_two,B,True,True,AMBIGUOUS,ambiguous,False,identity,referenced_entity_ambiguous,
train,d2fa98f370ab269b,closer_of_two,B,True,True,AMBIGUOUS,ambiguous,False,identity,referenced_entity_ambiguous,
train,0ab587ce5fbf7d20,count_within_radius,B,True,True,AMBIGUOUS,ambiguous,False,identity,referenced_entity_ambiguous,
train,3aebf636608b5099,count_within_radius,B,True,True,AMBIGUOUS,ambiguous,False,identity,referenced_entity_ambiguous,
train,f9eb239f275dda70,count_within_radius,B,True,True,AMBIGUOUS,ambiguous,False,identity,referenced_entity_ambiguous,
train,6caf69c37f864030,count_within_radius,B,True,True,AMBIGUOUS,ambiguous,False,identity,referenced_entity_ambiguous,
train,555f655060d7de80,count_within_radius,B,True,True,AMBIGUOUS,ambiguous,False,identity,referenced_entity_ambiguous,
train,9fa01effdcbf9e0c,count_within_radius,B,True,True,AMBIGUOUS,ambiguous,False,identity,referenced_entity_ambiguous,
train,eae1970ae6337026,count_within_radius,B,True,True,AMBIGUOUS,ambiguous,False,identity,referenced_entity_ambiguous,
train,be443a5c694ff5e0,count_within_radius,B,True,True,AMBIGUOUS,ambiguous,False,identity,referenced_entity_ambiguous,
train,646d85468f4e1255,count_within_radius,B,True,True,AMBIGUOUS,ambiguous,False,identity,referenced_entity_ambiguous,
train,2fb2771aadc6495b,count_within_radius,B,True,True,AMBIGUOUS,ambiguous,False,identity,referenced_entity_ambiguous,
train,3c11566fd8ae213e,count_within_radius,B,True,True,AMBIGUOUS,ambiguous,False,identity,referenced_entity_ambiguous,
train,72f2ebc67d28ac43,count_within_radius,B,True,True,AMBIGUOUS,ambiguous,False,identity,referenced_entity_ambiguous,
train,8c97fb8d5a747e2b,count_within_radius,B,True,True,AMBIGUOUS,ambiguous,False,identity,referenced_entity_ambiguous,
train,365890d45f2e3c90,count_within_radius,B,True,True,AMBIGUOUS,ambiguous,False,identity,referenced_entity_ambiguous,
train,05e80bfe9f376b79,count_within_radius,B,True,True,AMBIGUOUS,ambiguous,False,identity,referenced_entity_ambiguous,
train,e54678834d3aff68,count_within_radius,B,True,True,AMBIGUOUS,ambiguous,False,identity,referenced_entity_ambiguous,
train,cd601d04e4e73bc2,count_within_radius,B,True,True,AMBIGUOUS,ambiguous,False,identity,referenced_entity_ambiguous,
train,e88c670094584f4e,count_within_radius,B,True,True,AMBIGUOUS,ambiguous,False,identity,referenced_entity_ambiguous,
train,ac517cd766647435,count_within_radius,B,True,True,AMBIGUOUS,ambiguous,False,identity,referenced_entity_ambiguous,
train,8347bacfb240406b,count_within_radius,B,True,True,AMBIGUOUS,ambiguous,False,identity,referenced_entity_ambiguous,
train,62822fb83945585d,count_within_radius,B,True,True,AMBIGUOUS,ambiguous,False,identity,referenced_entity_ambiguous,
train,c3c411b76c0e33f0,count_within_radius,B,True,True,AMBIGUOUS,ambiguous,False,identity,referenced_entity_ambiguous,
train,5b5e0f7d7a5426c0,count_within_radius,B,True,True,AMBIGUOUS,ambiguous,False,identity,referenced_entity_ambiguous,
train,1d6c3b30499eecbd,count_within_radius,B,True,True,AMBIGUOUS,ambiguous,False,identity,referenced_entity_ambiguous,
train,be1d5bb454d9354a,count_within_radius,B,True,True,AMBIGUOUS,ambiguous,False,identity,referenced_entity_ambiguous,
train,e0cc1791a01050e9,count_within_radius,B,True,True,AMBIGUOUS,ambiguous,False,identity,referenced_entity_ambiguous,
train,b0bd0cc32a96eab4,count_within_radius,B,True,True,AMBIGUOUS,ambiguous,False,identity,referenced_entity_ambiguous,
train,d0364ddb7d34bb73,count_within_radius,B,True,True,AMBIGUOUS,ambiguous,False,identity,referenced_entity_ambiguous,
train,16bcb7977eb24575,count_within_radius,B,True,True,AMBIGUOUS,ambiguous,False,identity,referenced_entity_ambiguous,
train,a63a9d633aa69005,count_within_radius,B,True,True,AMBIGUOUS,ambiguous,False,identity,referenced_entity_ambiguous,
train,121c4b0294edff84,count_within_radius,B,True,True,AMBIGUOUS,ambiguous,False,identity,referenced_entity_ambiguous,
train,d9bf19afe69c4783,count_within_radius,B,True,True,AMBIGUOUS,ambiguous,False,identity,referenced_entity_ambiguous,
train,fce58fb499e966e6,count_within_radius,B,True,True,AMBIGUOUS,ambiguous,False,identity,referenced_entity_ambiguous,
train,110f7dc981a2862b,count_within_radius,B,True,True,AMBIGUOUS,ambiguous,False,identity,referenced_entity_ambiguous,
train,e3cf41c72f686d84,count_within_radius,B,True,True,AMBIGUOUS,ambiguous,False,identity,referenced_entity_ambiguous,
train,48eb804bc7369a27,count_within_radius,B,True,True,AMBIGUOUS,ambiguous,False,identity,referenced_entity_ambiguous,
train,32d7f4853c1f79ef,count_within_radius,B,True,True,AMBIGUOUS,ambiguous,False,identity,referenced_entity_ambiguous,
train,448c5f940ae32825,count_within_radius,B,True,True,AMBIGUOUS,ambiguous,False,identity,referenced_entity_ambiguous,
train,c163423c56e96270,count_within_radius,B,True,True,AMBIGUOUS,ambiguous,False,identity,referenced_entity_ambiguous,
train,51cdd9f679607a98,count_within_radius,B,True,True,AMBIGUOUS,ambiguous,False,identity,referenced_entity_ambiguous,
train,93672030c2208c01,count_within_radius,B,True,True,AMBIGUOUS,ambiguous,False,identity,referenced_entity_ambiguous,
train,57b7d8bb94f64aa7,count_within_radius,B,True,True,AMBIGUOUS,ambiguous,False,identity,referenced_entity_ambiguous,
train,8f77e55639324dd2,count_within_radius,B,True,True,AMBIGUOUS,ambiguous,False,identity,referenced_entity_ambiguous,
train,5132bcd4265812ef,count_within_radius,B,True,True,AMBIGUOUS,ambiguous,False,identity,referenced_entity_ambiguous,
train,202ef7da7c889387,count_within_radius,B,True,True,AMBIGUOUS,ambiguous,False,identity,referenced_entity_ambiguous,
train,5defd9ffe844321a,count_within_radius,B,True,True,AMBIGUOUS,ambiguous,False,identity,referenced_entity_ambiguous,
train,8e215fe720a0bf6e,count_within_radius,B,True,True,AMBIGUOUS,ambiguous,False,identity,referenced_entity_ambiguous,
train,07ee805770da8dce,count_within_radius,B,True,True,AMBIGUOUS,ambiguous,False,identity,referenced_entity_ambiguous,
train,fc8eb1d38ea9d9e5,count_within_radius,B,True,True,AMBIGUOUS,ambiguous,False,identity,referenced_entity_ambiguous,
train,e94257a9060e506b,count_within_radius,B,True,True,AMBIGUOUS,ambiguous,False,identity,referenced_entity_ambiguous,
train,209ada1430ff1351,count_within_radius,B,True,True,AMBIGUOUS,ambiguous,False,identity,referenced_entity_ambiguous,
train,cde7d2b1ffa6de31,count_within_radius,B,True,True,AMBIGUOUS,ambiguous,False,identity,referenced_entity_ambiguous,
train,393f8d06b2e9b110,count_within_radius,B,True,True,AMBIGUOUS,ambiguous,False,identity,referenced_entity_ambiguous,
train,2d9c2482103fe15a,count_within_radius,B,True,True,AMBIGUOUS,ambiguous,False,identity,referenced_entity_ambiguous,
train,4508a49bd46da03d,count_within_radius,B,True,True,AMBIGUOUS,ambiguous,False,identity,referenced_entity_ambiguous,
train,3ed6768e59ba3b02,count_within_radius,B,True,True,AMBIGUOUS,ambiguous,False,identity,referenced_entity_ambiguous,
train,23b435c9cf9929a7,count_within_radius,B,True,True,AMBIGUOUS,ambiguous,False,identity,referenced_entity_ambiguous,
train,68a00fd5193cb6fb,count_within_radius,B,True,True,AMBIGUOUS,ambiguous,False,identity,referenced_entity_ambiguous,
train,d335383bddb380a0,count_within_radius,B,True,True,AMBIGUOUS,ambiguous,False,identity,referenced_entity_ambiguous,
train,ad2c9bd177890045,count_within_radius,B,True,True,AMBIGUOUS,ambiguous,False,identity,referenced_entity_ambiguous,
train,11c14a2933dc9bd8,count_within_radius,B,True,True,AMBIGUOUS,ambiguous,False,identity,referenced_entity_ambiguous,
train,af8a16217e750e3a,count_within_radius,B,True,True,AMBIGUOUS,ambiguous,False,identity,referenced_entity_ambiguous,
train,af216a5754322574,count_within_radius,B,True,True,AMBIGUOUS,ambiguous,False,identity,referenced_entity_ambiguous,
train,e1c1229d57b23e5e,count_within_radius,B,True,True,AMBIGUOUS,ambiguous,False,identity,referenced_entity_ambiguous,
train,ae6c11865ad8a206,count_within_radius,B,True,True,AMBIGUOUS,ambiguous,False,identity,referenced_entity_ambiguous,
train,3c779ec1d56a9159,count_within_radius,B,True,True,AMBIGUOUS,ambiguous,False,identity,referenced_entity_ambiguous,
train,cbd8be147e63edfc,count_within_radius,B,True,True,AMBIGUOUS,ambiguous,False,identity,referenced_entity_ambiguous,
train,9ea67a7c84ca3470,count_within_radius,B,True,True,AMBIGUOUS,ambiguous,False,identity,referenced_entity_ambiguous,
train,637e0aa45dfe1c75,count_within_radius,B,True,True,AMBIGUOUS,ambiguous,False,identity,referenced_entity_ambiguous,
train,e8b9aa3747dff709,count_within_radius,B,True,True,AMBIGUOUS,ambiguous,False,identity,referenced_entity_ambiguous,
train,d6926530e41de25b,count_within_radius,B,True,True,AMBIGUOUS,ambiguous,False,identity,referenced_entity_ambiguous,
train,c8032edb3ed45922,count_within_radius,B,True,True,AMBIGUOUS,ambiguous,False,identity,referenced_entity_ambiguous,
train,7aaef31e831b68d1,count_within_radius,B,True,True,AMBIGUOUS,ambiguous,False,identity,referenced_entity_ambiguous,
