scope,id,task_type,language_register,complexity_level,predicted_intent,confidence,intent_correct,query_exact,query_produced,answer_correct,status,failure_stage,reason,reconstructable,pipeline_ms,parser_ms,oov_tokens,tokens
original_validation,c3cf00c8e5e1a274,nearest_category,original_template,original_template,nearest_category,0.9999302625656128,True,True,True,True,success,none,,True,20.21529200000005,19.768333000000027,0,12
original_validation,0fd6b5a0cbe2d994,nearest_category,original_template,original_template,nearest_category,0.9999312162399292,True,True,True,True,success,none,,True,0.588959,0.42275000000002727,0,12
original_validation,e7fb3418843d38bb,nearest_category,original_template,original_template,nearest_category,0.999937891960144,True,True,True,True,success,none,,True,0.5118339999999888,0.3669589999999445,0,12
original_validation,6c2d0269996cc0e7,nearest_category,original_template,original_template,nearest_category,0.9999417066574097,True,True,True,True,success,none,,True,0.4993749999999686,0.3580829999999535,0,12
original_validation,992ab6f7910ce312,nearest_category,original_template,original_template,nearest_category,0.9999368190765381,True,True,True,True,success,none,,True,0.49079100000004594,0.34808399999997075,0,12
original_validation,a6ed4fc1228d45f7,nearest_category,original_template,original_template,nearest_category,0.9999300241470337,True,True,True,True,success,none,,True,0.49433299999990243,0.35087500000008376,0,12
original_validation,dd2ce62771b34b04,nearest_category,original_template,original_template,nearest_category,0.9999326467514038,True,True,True,True,success,none,,True,0.49079200000001766,0.3465830000000114,0,12
original_validation,f92207b7bfddff98,nearest_category,original_template,original_template,nearest_category,0.9999309778213501,True,True,True,True,success,none,,True,0.4839170000000559,0.3433750000000346,0,12
original_validation,6cc73afac08c29b5,nearest_category,original_template,original_template,nearest_category,0.9999374151229858,True,True,True,True,success,none,,True,0.48683400000004706,0.34400000000001096,0,12
original_validation,024f690437d389cb,nearest_category,original_template,original_template,nearest_category,0.9999321699142456,True,True,True,True,success,none,,True,0.5113330000000582,0.3630000000000022,0,13
original_validation,4f16d04c43192713,nearest_category,original_template,original_template,nearest_category,0.9999302625656128,True,True,True,True,success,none,,True,0.6186249999999838,0.3621249999999909,0,12
original_validation,35b71c01be8c48f7,nearest_category,original_template,original_template,nearest_category,0.9999312162399292,True,True,True,True,success,none,,True,0.47229100000001356,0.3550420000000276,0,12
original_validation,04965fac325163ad,nearest_category,original_template,original_template,nearest_category,0.999937891960144,True,True,True,True,success,none,,True,0.4753749999999446,0.35729200000000905,0,12
original_validation,c91104cf2b09310e,nearest_category,original_template,original_template,nearest_category,0.9999368190765381,True,True,True,True,success,none,,True,0.4629999999999912,0.3533749999999891,0,12
original_validation,5c628fefe3d4b9d3,nearest_category,original_template,original_template,nearest_category,0.9999300241470337,True,True,True,True,success,none,,True,0.46112499999995116,0.3518750000000015,0,12
original_validation,5abcde7d883ec744,nearest_category,original_template,original_template,nearest_category,0.9999326467514038,True,True,True,True,success,none,,True,0.4653749999999901,0.3502499999999964,0,12
original_validation,f05d076aef5c90a1,nearest_category,original_template,original_template,nearest_category,0.9999309778213501,True,True,True,True,success,none,,True,0.4642499999999439,0.3519170000000349,0,12
original_validation,c593c3afa01baccb,nearest_category,original_template,original_template,nearest_category,0.9999374151229858,True,True,True,True,success,none,,True,0.4649159999999819,0.35079100000001695,0,12
original_validation,5a8fe9b5d3604800,nearest_category,original_template,original_template,nearest_category,0.9999321699142456,True,True,True,True,success,none,,True,0.46720799999999674,0.3758339999999638,0,13
original_validation,7dd6a22245f06812,nearest_category,original_template,original_template,nearest_category,0.9999302625656128,True,True,True,True,success,none,,True,0.5755409999999017,0.37524999999993813,0,12
original_validation,9f0bab4bd33d68ed,nearest_category,original_template,original_template,nearest_category,0.9999312162399292,True,True,True,True,success,none,,True,0.45466599999999247,0.3627090000000166,0,12
original_validation,322f7dc4d52b3af5,nearest_category,original_template,original_template,nearest_category,0.999937891960144,True,True,True,True,success,none,,True,0.4673330000000142,0.370541000000002,0,12
original_validation,854f3048e8bd2c3c,nearest_category,original_template,original_template,nearest_category,0.9999300241470337,True,True,True,True,success,none,,True,0.9351250000000366,0.363416999999977,0,12
original_validation,57e98dd7af883eae,nearest_category,original_template,original_template,nearest_category,0.9999326467514038,True,True,True,True,success,none,,True,0.471083999999955,0.37362499999993304,0,12
original_validation,12c0c21739c28d35,nearest_category,original_template,original_template,nearest_category,0.9999309778213501,True,True,True,True,success,none,,True,0.45845899999996664,0.3622500000000084,0,12
original_validation,5f69bd6918668d0d,nearest_category,original_template,original_template,nearest_category,0.9999374151229858,True,True,True,True,success,none,,True,0.46083299999999383,0.36720899999997947,0,12
original_validation,ec750011bf0adc3b,nearest_category,original_template,original_template,nearest_category,0.9999321699142456,True,True,True,True,success,none,,True,0.4699169999999864,0.37691699999997663,0,13
original_validation,41d12d8646f4ecaa,nearest_category,original_template,original_template,nearest_category,0.9999302625656128,True,True,True,True,success,none,,True,0.8676669999999609,0.45162499999995553,0,12
original_validation,0976e0fed4f87d01,nearest_category,original_template,original_template,nearest_category,0.9999312162399292,True,True,True,True,success,none,,True,0.5343749999999758,0.3838749999999225,0,12
original_validation,b8d6f4475404cca5,nearest_category,original_template,original_template,nearest_category,0.999937891960144,True,True,True,True,success,none,,True,0.5120410000000186,0.36512499999996617,0,12
original_validation,57eb1dda1ad03bcd,nearest_category,original_template,original_template,nearest_category,0.9999417066574097,True,True,True,True,success,none,,True,0.5034999999999901,0.3614579999999812,0,12
original_validation,93d72c5e8ae0b9d4,nearest_category,original_template,original_template,nearest_category,0.9999368190765381,True,True,True,True,success,none,,True,0.5011249999999912,0.357542000000044,0,12
original_validation,cb0118064e54a316,nearest_category,original_template,original_template,nearest_category,0.9999300241470337,True,True,True,True,success,none,,True,0.5154579999999687,0.35637499999996436,0,12
original_validation,10d5d4faae7eed87,nearest_category,original_template,original_template,nearest_category,0.9999326467514038,True,True,True,True,success,none,,True,0.5039580000000266,0.35366699999994644,0,12
original_validation,112a2a44b76c5f9d,nearest_category,original_template,original_template,nearest_category,0.9999309778213501,True,True,True,True,success,none,,True,0.49829199999995577,0.35324999999997164,0,12
original_validation,bd96ea2530982905,nearest_category,original_template,original_template,nearest_category,0.9999374151229858,True,True,True,True,success,none,,True,0.4989169999999321,0.3514999999999491,0,12
original_validation,e41108b6de6fdbe1,nearest_category,original_template,original_template,nearest_category,0.9999321699142456,True,True,True,True,success,none,,True,0.520415999999968,0.3793749999999596,0,13
original_validation,75806d1ac564999a,nearest_category,original_template,original_template,nearest_category,0.9999302625656128,True,True,True,True,success,none,,True,0.7209999999999717,0.381874999999976,0,12
original_validation,2b8df730b19f9f28,nearest_category,original_template,original_template,nearest_category,0.9999312162399292,True,True,True,True,success,none,,True,0.5121250000000854,0.3754999999999731,0,12
original_validation,7cbc5d782176e3f9,nearest_category,original_template,original_template,nearest_category,0.999937891960144,True,True,True,True,success,none,,True,0.5068750000000177,0.3718750000000215,0,12
original_validation,9d15b92c4fa1054b,nearest_category,original_template,original_template,nearest_category,0.9999417066574097,True,True,True,True,success,none,,True,0.504332999999968,0.3715420000000025,0,12
original_validation,3dc92d1a1a41a852,nearest_category,original_template,original_template,nearest_category,0.9999368190765381,True,True,True,True,success,none,,True,0.507083999999991,0.3696659999999907,0,12
original_validation,dadd8f7db23415e1,nearest_category,original_template,original_template,nearest_category,0.9999300241470337,True,True,True,True,success,none,,True,0.5073749999999766,0.37125000000004515,0,12
original_validation,6ae6c9b35ea2b0ee,nearest_category,original_template,original_template,nearest_category,0.9999326467514038,True,True,True,True,success,none,,True,0.4985419999999907,0.3675840000000319,0,12
original_validation,1703c993db4bedb7,nearest_category,original_template,original_template,nearest_category,0.9999309778213501,True,True,True,True,success,none,,True,0.5130420000000191,0.37724999999999564,0,12
original_validation,fcf0dbc70581f110,nearest_category,original_template,original_template,nearest_category,0.9999374151229858,True,True,True,True,success,none,,True,0.5149999999999322,0.37958300000007217,0,12
original_validation,6cf4eefc1853b5a0,nearest_category,original_template,original_template,nearest_category,0.9999321699142456,True,True,True,True,success,none,,True,0.5535839999999403,0.4125830000000219,0,13
original_validation,2382ea7f87adf615,nearest_category,original_template,original_template,nearest_category,0.9999321699142456,True,True,True,True,success,none,,True,0.47412500000010294,0.3818340000000253,0,13
original_validation,32483568fbef467f,nearest_category,original_template,original_template,nearest_category,0.9999321699142456,True,True,True,True,success,none,,True,0.4381660000000176,0.355416999999969,0,13
original_validation,c3d47a43ba3b8d97,nearest_category,original_template,original_template,nearest_category,0.999937891960144,True,True,True,True,success,none,,True,0.47241700000000275,0.3487500000000088,0,12
original_validation,3b52b513fea15888,nearest_category,original_template,original_template,nearest_category,0.9999300241470337,True,True,True,True,success,none,,True,0.4199169999999919,0.34979200000007094,0,12
original_validation,de5e3fd9c0b55c1c,nearest_category,original_template,original_template,nearest_category,0.9999326467514038,True,True,True,True,success,none,,True,0.41641599999997503,0.3466669999999672,0,12
original_validation,9ba80702e2d7bf2f,nearest_category,original_template,original_template,nearest_category,0.9999321699142456,True,True,True,True,success,none,,True,0.45441700000004026,0.37604199999996535,0,13
original_validation,9d8b0e7dfc314d0b,nearest_category,original_template,original_template,nearest_category,0.9999321699142456,True,True,True,True,success,none,,True,0.47562500000009056,0.3734589999999649,0,13
original_validation,7fb72e8598773511,nearest_category,original_template,original_template,nearest_category,0.9999302625656128,True,True,True,True,success,none,,True,0.7427500000000142,0.38199999999999346,0,12
original_validation,0f9bb2a3a1c3f296,nearest_category,original_template,original_template,nearest_category,0.999937891960144,True,True,True,True,success,none,,True,0.48508299999994176,0.36079099999997144,0,12
original_validation,870f1942afbe9b55,nearest_category,original_template,original_template,nearest_category,0.9999368190765381,True,True,True,True,success,none,,True,0.46674999999996025,0.34962499999990904,0,12
original_validation,0f4b68d530df5a28,nearest_category,original_template,original_template,nearest_category,0.9999326467514038,True,True,True,True,success,none,,True,0.47549999999996206,0.35270799999997937,0,12
original_validation,67b2cd3040fdcd25,nearest_category,original_template,original_template,nearest_category,0.9999309778213501,True,True,True,True,success,none,,True,0.4677080000000666,0.34645799999999394,0,12
original_validation,a44d166eb3ea8104,nearest_category,original_template,original_template,nearest_category,0.9999374151229858,True,True,True,True,success,none,,True,0.4672090000000795,0.3450409999999904,0,12
original_validation,08b073a89fc87a73,nearest_category,original_template,original_template,nearest_category,0.9999321699142456,True,True,True,True,success,none,,True,0.49399999999999444,0.37474999999997927,0,13
original_validation,836761550bb76d17,nearest_category,original_template,original_template,nearest_category,0.9999309778213501,True,True,True,True,success,none,,True,0.46129200000000203,0.349542000000036,0,12
original_validation,b91b385241709fe2,nearest_category,original_template,original_template,nearest_category,0.9999321699142456,True,True,True,True,success,none,,True,0.4497500000000265,0.37870799999994986,0,13
original_validation,0c9c8677b611519f,nearest_category,original_template,original_template,nearest_category,0.9999302625656128,True,True,True,True,success,none,,True,0.6871250000000106,0.3717920000000374,0,12
original_validation,265a32fe362ffafa,nearest_category,original_template,original_template,nearest_category,0.9999312162399292,True,True,True,True,success,none,,True,0.5038750000000425,0.37733399999995143,0,12
original_validation,2d5221ec65d53fea,nearest_category,original_template,original_template,nearest_category,0.999937891960144,True,True,True,True,success,none,,True,0.4947500000000993,0.36287499999998474,0,12
original_validation,d436481cd31441a6,nearest_category,original_template,original_template,nearest_category,0.9999417066574097,True,True,True,True,success,none,,True,0.4912910000000048,0.36587499999996,0,12
original_validation,74f01cbf6938dfab,nearest_category,original_template,original_template,nearest_category,0.9999300241470337,True,True,True,True,success,none,,True,0.48883399999999355,0.3621249999999909,0,12
original_validation,f6e8b10b10936091,nearest_category,original_template,original_template,nearest_category,0.9999326467514038,True,True,True,True,success,none,,True,0.49037499999993184,0.3609999999999447,0,12
original_validation,af8792b5b9658280,nearest_category,original_template,original_template,nearest_category,0.9999309778213501,True,True,True,True,success,none,,True,0.49116699999995905,0.3598339999999478,0,12
original_validation,40df63338e4bbb75,nearest_category,original_template,original_template,nearest_category,0.9999374151229858,True,True,True,True,success,none,,True,0.49079199999990664,0.36012500000004444,0,12
original_validation,cdfc38c7f6e75c61,nearest_category,original_template,original_template,nearest_category,0.9999321699142456,True,True,True,True,success,none,,True,0.5159160000000051,0.38804199999997735,0,13
original_validation,0f2fbed3df014037,nearest_category,original_template,original_template,nearest_category,0.9999302625656128,True,True,True,True,success,none,,True,0.6773329999999467,0.36958300000000666,0,12
original_validation,8f8e454cdb46f5f3,nearest_category,original_template,original_template,nearest_category,0.9999312162399292,True,True,True,True,success,none,,True,0.48679200000001366,0.3598750000000095,0,12
original_validation,583c5432426d90ae,nearest_category,original_template,original_template,nearest_category,0.999937891960144,True,True,True,True,success,none,,True,0.4890419999999951,0.35487499999997674,0,12
original_validation,4760974a59f0ccc9,nearest_category,original_template,original_template,nearest_category,0.9999417066574097,True,True,True,True,success,none,,True,0.47912500000002467,0.34870799999997537,0,12
original_validation,b929fc2fde103842,nearest_category,original_template,original_template,nearest_category,0.9999300241470337,True,True,True,True,success,none,,True,0.47962499999998354,0.35037499999990285,0,12
original_validation,b1c2bbd5b7827455,nearest_category,original_template,original_template,nearest_category,0.9999326467514038,True,True,True,True,success,none,,True,0.49195800000001455,0.35458399999999113,0,12
original_validation,6e0d596122d77c28,nearest_category,original_template,original_template,nearest_category,0.9999309778213501,True,True,True,True,success,none,,True,0.47095900000004853,0.342208000000066,0,12
original_validation,d99d0204a261038b,nearest_category,original_template,original_template,nearest_category,0.9999374151229858,True,True,True,True,success,none,,True,0.48345799999993666,0.35479199999999267,0,12
original_validation,9c05bfdd2f7db332,nearest_category,original_template,original_template,nearest_category,0.9999321699142456,True,True,True,True,success,none,,True,0.4969580000000473,0.36975000000005753,0,13
original_validation,9b6af5b6a54ac494,nearest_category,original_template,original_template,nearest_category,0.9999302625656128,True,True,True,True,success,none,,True,0.7510419999999796,0.47483400000003506,0,12
original_validation,9e7a6404683ab947,nearest_category,original_template,original_template,nearest_category,0.9999312162399292,True,True,True,True,success,none,,True,0.5264999999999853,0.40479100000001544,0,12
original_validation,1120ab6435ddfbfd,nearest_category,original_template,original_template,nearest_category,0.9999300241470337,True,True,True,True,success,none,,True,0.4796669999999059,0.36841700000000976,0,12
original_validation,5869df6f276a8f2a,nearest_category,original_template,original_template,nearest_category,0.9999326467514038,True,True,True,True,success,none,,True,0.4781249999999959,0.3656659999999867,0,12
original_validation,740c4a8fa840a762,nearest_category,original_template,original_template,nearest_category,0.9999309778213501,True,True,True,True,success,none,,True,0.4573749999999821,0.3537080000000081,0,12
original_validation,2facf4912dc9e5bf,nearest_category,original_template,original_template,nearest_category,0.9999374151229858,True,True,True,True,success,none,,True,0.45962499999996353,0.3574169999999155,0,12
original_validation,6b47b8eece56a585,nearest_category,original_template,original_template,nearest_category,0.9999321699142456,True,True,True,True,success,none,,True,0.47850000000004833,0.37195799999989454,0,13
original_validation,86effaa2880e9efb,nearest_category,original_template,original_template,nearest_category,0.9999302625656128,True,True,True,True,success,none,,True,0.6605419999999862,0.35683300000000084,0,12
original_validation,88913fc2589700a0,nearest_category,original_template,original_template,nearest_category,0.9999312162399292,True,True,True,True,success,none,,True,0.4790000000000072,0.35762500000002806,0,12
original_validation,4005819ff989aa5c,nearest_category,original_template,original_template,nearest_category,0.999937891960144,True,True,True,True,success,none,,True,0.4746250000000618,0.3505830000000154,0,12
original_validation,f507a1455f67876e,nearest_category,original_template,original_template,nearest_category,0.9999417066574097,True,True,True,True,success,none,,True,0.4673330000000142,0.3491669999999836,0,12
original_validation,db9f3af170b86800,nearest_category,original_template,original_template,nearest_category,0.9999326467514038,True,True,True,True,success,none,,True,0.471749999999993,0.3494589999999409,0,12
original_validation,c01ea56b8d49882e,nearest_category,original_template,original_template,nearest_category,0.9999309778213501,True,True,True,True,success,none,,True,0.4753330000000222,0.34966700000005346,0,12
original_validation,067c6a80f4b8e442,nearest_category,original_template,original_template,nearest_category,0.9999374151229858,True,True,True,True,success,none,,True,0.47479100000002994,0.35125000000002515,0,12
original_validation,a9324c9a4dde2962,nearest_category,original_template,original_template,nearest_category,0.9999321699142456,True,True,True,True,success,none,,True,0.5007080000000164,0.3778330000000496,0,13
original_validation,b4b8640c1071958a,nearest_category,original_template,original_template,nearest_category,0.9999302625656128,True,True,True,True,success,none,,True,0.619166999999976,0.3738329999999346,0,12
original_validation,fd1d8b877d3f2912,nearest_category,original_template,original_template,nearest_category,0.999937891960144,True,True,True,True,success,none,,True,0.4637920000000184,0.35200000000001896,0,12
original_validation,f9d6343322ca79d3,nearest_category,original_template,original_template,nearest_category,0.9999417066574097,True,True,True,True,success,none,,True,0.45637499999995335,0.3506249999999378,0,12
original_validation,39aab364d0850b38,nearest_category,original_template,original_template,nearest_category,0.9999326467514038,True,True,True,True,success,none,,True,0.45829199999991577,0.3487920000000422,0,12
original_validation,dd2363f74a556e06,nearest_category,original_template,original_template,nearest_category,0.9999309778213501,True,True,True,True,success,none,,True,0.4637079999999516,0.3557910000000497,0,12
original_validation,f6225fc973f991cd,nearest_category,original_template,original_template,nearest_category,0.9999374151229858,True,True,True,True,success,none,,True,0.46920800000005425,0.3486249999999913,0,12
original_validation,1267deb2c92ed0b1,nearest_category,original_template,original_template,nearest_category,0.9999321699142456,True,True,True,True,success,none,,True,0.49995899999999427,0.38854200000004724,0,13
original_validation,5afa1ec7d3d37b5d,nearest_category,original_template,original_template,nearest_category,0.9999302625656128,True,True,True,True,success,none,,True,0.6880420000000553,0.3711250000000277,0,12
original_validation,ca3aad3ba0504022,nearest_category,original_template,original_template,nearest_category,0.9999312162399292,True,True,True,True,success,none,,True,0.4894589999999699,0.35733400000004245,0,12
original_validation,e49eecf51a40d421,nearest_category,original_template,original_template,nearest_category,0.999937891960144,True,True,True,True,success,none,,True,0.4870419999999376,0.3551250000000117,0,12
original_validation,230bf519c88b935c,nearest_category,original_template,original_template,nearest_category,0.9999417066574097,True,True,True,True,success,none,,True,0.47445899999998264,0.35208300000000303,0,12
original_validation,051148af7b78d12f,nearest_category,original_template,original_template,nearest_category,0.9999300241470337,True,True,True,True,success,none,,True,0.488959000000011,0.3670419999999286,0,12
original_validation,e93448fcc4dfea79,nearest_category,original_template,original_template,nearest_category,0.9999326467514038,True,True,True,True,success,none,,True,0.48204100000004413,0.3526249999999953,0,12
original_validation,5b3c7972c243614c,nearest_category,original_template,original_template,nearest_category,0.9999309778213501,True,True,True,True,success,none,,True,0.5291670000000526,0.38687500000000874,0,12
original_validation,06e65320cfe4d96e,nearest_category,original_template,original_template,nearest_category,0.9999374151229858,True,True,True,True,success,none,,True,0.5079580000000306,0.3669589999999445,0,12
original_validation,87e426f20849e550,nearest_category,original_template,original_template,nearest_category,0.9999321699142456,True,True,True,True,success,none,,True,0.5044589999999571,0.379750000000012,0,13
original_validation,8c2e139769f72525,nearest_category,original_template,original_template,nearest_category,0.9999302625656128,True,True,True,True,success,none,,True,0.7300000000000084,0.3582919999999268,0,12
original_validation,caff295a8f10355a,nearest_category,original_template,original_template,nearest_category,0.9999312162399292,True,True,True,True,success,none,,True,0.4945419999999867,0.35441699999994025,0,12
original_validation,58d6578afd720a78,nearest_category,original_template,original_template,nearest_category,0.999937891960144,True,True,True,True,success,none,,True,0.4923340000000387,0.3533749999999891,0,12
original_validation,50df2fd155e32dff,nearest_category,original_template,original_template,nearest_category,0.9999300241470337,True,True,True,True,success,none,,True,0.49433300000001346,0.3549580000000718,0,12
original_validation,32af4541b2b43e36,nearest_category,original_template,original_template,nearest_category,0.9999326467514038,True,True,True,True,success,none,,True,0.48999999999999044,0.34854200000000723,0,12
original_validation,9f1babb128d49c35,nearest_category,original_template,original_template,nearest_category,0.9999309778213501,True,True,True,True,success,none,,True,0.49808300000009353,0.3555840000000199,0,12
original_validation,6a3c47a1e44cad76,nearest_category,original_template,original_template,nearest_category,0.9999374151229858,True,True,True,True,success,none,,True,0.4937499999999595,0.348333000000034,0,12
original_validation,a59a3711e7676c0d,nearest_category,original_template,original_template,nearest_category,0.9999321699142456,True,True,True,True,success,none,,True,0.5149159999999764,0.3774579999999972,0,13
original_validation,af3203dab62bfb02,nearest_category,original_template,original_template,nearest_category,0.9999302625656128,True,True,True,True,success,none,,True,0.573625000000022,0.3779580000000671,0,12
original_validation,e1ca182201227dab,nearest_category,original_template,original_template,nearest_category,0.9999312162399292,True,True,True,True,success,none,,True,0.463749999999985,0.3690419999999861,0,12
original_validation,b1a08f318ae73e8a,nearest_category,original_template,original_template,nearest_category,0.999937891960144,True,True,True,True,success,none,,True,0.47166700000000894,0.37641600000004605,0,12
original_validation,9d58ec24528a2904,nearest_category,original_template,original_template,nearest_category,0.9999300241470337,True,True,True,True,success,none,,True,0.46954099999996224,0.37562499999999055,0,12
original_validation,0c156f213e134ed4,nearest_category,original_template,original_template,nearest_category,0.9999326467514038,True,True,True,True,success,none,,True,0.4598339999999368,0.36933399999994343,0,12
original_validation,cac7278fcb81d3c0,nearest_category,original_template,original_template,nearest_category,0.9999309778213501,True,True,True,True,success,none,,True,0.4813750000000061,0.38404199999997335,0,12
original_validation,a154c58a78ace9d7,nearest_category,original_template,original_template,nearest_category,0.9999374151229858,True,True,True,True,success,none,,True,0.46075000000000976,0.3714590000000184,0,12
original_validation,089c3db9a4cecce1,nearest_category,original_template,original_template,nearest_category,0.9999321699142456,True,True,True,True,success,none,,True,0.5015839999999994,0.40612500000003493,0,13
original_validation,89a9b9ce81a0b633,nearest_category,original_template,original_template,nearest_category,0.9999368190765381,True,True,True,True,success,none,,True,0.5586670000000682,0.3854159999999718,0,12
original_validation,e251c9207e16c571,nearest_category,original_template,original_template,nearest_category,0.9999300241470337,True,True,True,True,success,none,,True,0.4657080000000091,0.3778330000000496,0,12
original_validation,79e26ea1d22dcea9,nearest_category,original_template,original_template,nearest_category,0.9999326467514038,True,True,True,True,success,none,,True,0.4672909999999808,0.3690830000000478,0,12
original_validation,2a5fca3d39222a4a,nearest_category,original_template,original_template,nearest_category,0.9999309778213501,True,True,True,True,success,none,,True,0.4478340000000358,0.36329199999995954,0,12
original_validation,d3d857ec7e1588eb,nearest_category,original_template,original_template,nearest_category,0.9999321699142456,True,True,True,True,success,none,,True,0.49158299999996213,0.39641700000003777,0,13
original_validation,2c764cf818023161,nearest_category,original_template,original_template,nearest_category,0.9999302625656128,True,True,True,True,success,none,,True,0.6929580000000213,0.37966700000002795,0,12
original_validation,5f1b64e7efb23a8c,nearest_category,original_template,original_template,nearest_category,0.9999312162399292,True,True,True,True,success,none,,True,0.4909169999999241,0.3650830000000438,0,12
original_validation,b573d09bf0392cb7,nearest_category,original_template,original_template,nearest_category,0.999937891960144,True,True,True,True,success,none,,True,0.5076669999999339,0.37799999999998946,0,12
original_validation,4f8ea6076de99d5e,nearest_category,original_template,original_template,nearest_category,0.9999417066574097,True,True,True,True,success,none,,True,0.5395829999998991,0.3983750000000619,0,12
original_validation,8664e26cc4c0eda4,nearest_category,original_template,original_template,nearest_category,0.9999368190765381,True,True,True,True,success,none,,True,0.48533400000005944,0.36616700000002833,0,12
original_validation,045ddc603b68ae42,nearest_category,original_template,original_template,nearest_category,0.9999300241470337,True,True,True,True,success,none,,True,0.4994160000000303,0.36954199999994497,0,12
original_validation,52300190711a6b7d,nearest_category,original_template,original_template,nearest_category,0.9999326467514038,True,True,True,True,success,none,,True,0.4901249999998969,0.3646670000000407,0,12
original_validation,0a0bca7c1743a804,nearest_category,original_template,original_template,nearest_category,0.9999309778213501,True,True,True,True,success,none,,True,0.5034999999999901,0.3741659999999536,0,12
original_validation,e24b0bfccd24be46,nearest_category,original_template,original_template,nearest_category,0.9999374151229858,True,True,True,True,success,none,,True,0.4859590000000358,0.3606669999999257,0,12
original_validation,5194d4ffd536ad08,nearest_category,original_template,original_template,nearest_category,0.9999321699142456,True,True,True,True,success,none,,True,0.5152080000000447,0.38837499999999636,0,13
original_validation,bcce6d39ae0498cd,nearest_category,original_template,original_template,nearest_category,0.9999302625656128,True,True,True,True,success,none,,True,0.6890419999999731,0.3653750000000011,0,12
original_validation,b1648a8ba1a731b7,nearest_category,original_template,original_template,nearest_category,0.9999312162399292,True,True,True,True,success,none,,True,0.5026660000000405,0.3681660000000031,0,12
original_validation,b480f63a6a9b3829,nearest_category,original_template,original_template,nearest_category,0.999937891960144,True,True,True,True,success,none,,True,0.504416000000063,0.3662919999999348,0,12
original_validation,bba5ea9af8e8ff2d,nearest_category,original_template,original_template,nearest_category,0.9999417066574097,True,True,True,True,success,none,,True,0.48987499999997297,0.36279200000000067,0,12
original_validation,081c9fc5fcbf050b,nearest_category,original_template,original_template,nearest_category,0.9999368190765381,True,True,True,True,success,none,,True,0.5102919999999678,0.384082999999924,0,12
original_validation,0b042af0360d5eda,nearest_category,original_template,original_template,nearest_category,0.9999300241470337,True,True,True,True,success,none,,True,0.5051249999999952,0.3651250000000772,0,12
original_validation,0182d809ba6e8ab5,nearest_category,original_template,original_template,nearest_category,0.9999326467514038,True,True,True,True,success,none,,True,0.5028750000000137,0.3685839999999496,0,12
original_validation,0844a2a17652051a,nearest_category,original_template,original_template,nearest_category,0.9999309778213501,True,True,True,True,success,none,,True,0.49974999999991,0.3642919999999883,0,12
original_validation,2b84ca194db01ac1,nearest_category,original_template,original_template,nearest_category,0.9999374151229858,True,True,True,True,success,none,,True,0.4937079999999261,0.3598750000000095,0,12
original_validation,8a94f8ea302e884a,nearest_category,original_template,original_template,nearest_category,0.9999321699142456,True,True,True,True,success,none,,True,0.5158749999999435,0.3887089999999871,0,13
original_validation,a836a7dff951d8fd,nearest_category,original_template,original_template,nearest_category,0.9999302625656128,True,True,True,True,success,none,,True,0.5023749999999438,0.36041699999989074,0,12
original_validation,4e5693e0f95235e4,nearest_category,original_template,original_template,nearest_category,0.9999312162399292,True,True,True,True,success,none,,True,0.4503340000000522,0.3716659999999372,0,12
original_validation,d2320a1f1a90f867,nearest_category,original_template,original_template,nearest_category,0.9999417066574097,True,True,True,True,success,none,,True,0.4391250000000957,0.3633750000000546,0,12
original_validation,7f057555d38c63fc,nearest_category,original_template,original_template,nearest_category,0.9999326467514038,True,True,True,True,success,none,,True,0.43387499999991697,0.35520799999999575,0,12
original_validation,4d6638a23538afc0,nearest_category,original_template,original_template,nearest_category,0.9999309778213501,True,True,True,True,success,none,,True,0.4429999999999712,0.36258399999999913,0,12
original_validation,6bf2297c877e740c,nearest_category,original_template,original_template,nearest_category,0.9999321699142456,True,True,True,True,success,none,,True,0.4638329999999691,0.3810839999999205,0,13
original_validation,f7f1a181919c8d00,nearest_category,original_template,original_template,nearest_category,0.9999302625656128,True,True,True,True,success,none,,True,0.663832999999947,0.37079200000000867,0,12
original_validation,2ddb05ec02533117,nearest_category,original_template,original_template,nearest_category,0.9999312162399292,True,True,True,True,success,none,,True,0.46120800000004625,0.343749999999976,0,12
original_validation,31900024c8885b24,nearest_category,original_template,original_template,nearest_category,0.999937891960144,True,True,True,True,success,none,,True,0.4693749999999941,0.34562499999990504,0,12
original_validation,d9f680915483ed23,nearest_category,original_template,original_template,nearest_category,0.9999368190765381,True,True,True,True,success,none,,True,0.46800000000002395,0.34687499999996874,0,12
original_validation,01b1f2bea104d3cc,nearest_category,original_template,original_template,nearest_category,0.9999300241470337,True,True,True,True,success,none,,True,0.4849580000000353,0.362540999999994,0,12
original_validation,7ed70be0b1d17498,nearest_category,original_template,original_template,nearest_category,0.9999326467514038,True,True,True,True,success,none,,True,0.5077919999999514,0.38045800000008345,0,12
original_validation,bb53ba4c2fcff079,nearest_category,original_template,original_template,nearest_category,0.9999309778213501,True,True,True,True,success,none,,True,0.48391599999997315,0.36120799999994624,0,12
original_validation,1db039c3fab6c80a,nearest_category,original_template,original_template,nearest_category,0.9999374151229858,True,True,True,True,success,none,,True,0.4698340000000023,0.3509160000000344,0,12
original_validation,dfc212d117d9c34b,nearest_category,original_template,original_template,nearest_category,0.9999321699142456,True,True,True,True,success,none,,True,0.4930840000000325,0.3607500000000208,0,13
original_validation,dc41948f6b581797,nearest_category,original_template,original_template,nearest_category,0.9999302625656128,True,True,True,True,success,none,,True,0.6669580000000508,0.3538329999999146,0,12
original_validation,e587695cdd8a8ea1,nearest_category,original_template,original_template,nearest_category,0.9999312162399292,True,True,True,True,success,none,,True,0.48933400000006344,0.3590420000000316,0,12
original_validation,46e36b81e422a5d2,nearest_category,original_template,original_template,nearest_category,0.999937891960144,True,True,True,True,success,none,,True,0.4797079999999676,0.3497080000000041,0,12
original_validation,9d984ca4d51330a5,nearest_category,original_template,original_template,nearest_category,0.9999368190765381,True,True,True,True,success,none,,True,0.4829579999999778,0.35595799999998956,0,12
original_validation,f9ed5c0189f0b245,nearest_category,original_template,original_template,nearest_category,0.9999300241470337,True,True,True,True,success,none,,True,0.4908750000000017,0.35483300000005435,0,12
original_validation,cd78375c03b7bd25,nearest_category,original_template,original_template,nearest_category,0.9999326467514038,True,True,True,True,success,none,,True,0.4732079999999472,0.3466249999999338,0,12
original_validation,9d5099b454d5519e,nearest_category,original_template,original_template,nearest_category,0.9999309778213501,True,True,True,True,success,none,,True,0.4973329999999887,0.36479199999994716,0,12
original_validation,87e2d4ee30b58385,nearest_category,original_template,original_template,nearest_category,0.9999374151229858,True,True,True,True,success,none,,True,0.4677920000000224,0.34599999999995745,0,12
original_validation,608c19b17ce1a6c3,nearest_category,original_template,original_template,nearest_category,0.9999321699142456,True,True,True,True,success,none,,True,0.509541999999974,0.37474999999997927,0,13
original_validation,27bc5236c2564e15,nearest_category,original_template,original_template,nearest_category,0.9999302625656128,True,True,True,True,success,none,,True,0.6202920000000223,0.36879199999995116,0,12
original_validation,e38e2ea2f909b1d6,nearest_category,original_template,original_template,nearest_category,0.9999312162399292,True,True,True,True,success,none,,True,0.4654170000000235,0.3514999999999491,0,12
original_validation,c13c5c6c6120a3de,nearest_category,original_template,original_template,nearest_category,0.999937891960144,True,True,True,True,success,none,,True,0.468958999999991,0.3601669999999668,0,12
original_validation,b8f2a5e319fb1e59,nearest_category,original_template,original_template,nearest_category,0.9999417066574097,True,True,True,True,success,none,,True,0.4631670000000421,0.35237499999996036,0,12
original_validation,375092fb192bf228,nearest_category,original_template,original_template,nearest_category,0.9999368190765381,True,True,True,True,success,none,,True,0.46170899999997683,0.35125000000002515,0,12
original_validation,bbd845b097fea2b7,nearest_category,original_template,original_template,nearest_category,0.9999326467514038,True,True,True,True,success,none,,True,0.4701249999999879,0.35329200000000505,0,12
original_validation,73f2de706b30e956,nearest_category,original_template,original_template,nearest_category,0.9999309778213501,True,True,True,True,success,none,,True,0.4965419999999332,0.361209000000029,0,12
original_validation,80dfab5477524d0a,nearest_category,original_template,original_template,nearest_category,0.9999374151229858,True,True,True,True,success,none,,True,0.4818340000000143,0.36800000000003497,0,12
original_validation,1b0b8774e819f26a,nearest_category,original_template,original_template,nearest_category,0.9999321699142456,True,True,True,True,success,none,,True,0.5061249999999129,0.39116699999997007,0,13
original_validation,9007327dbc4bdf48,nearest_category,original_template,original_template,nearest_category,0.9999321699142456,True,True,True,True,success,none,,True,0.44399999999999995,0.37237499999998036,0,13
original_validation,3339ea1c77ade454,nearest_category,original_template,original_template,nearest_category,0.9999302625656128,True,True,True,True,success,none,,True,0.7447909999999114,0.39595800000002956,0,12
original_validation,d6f120bdc8fd41b9,nearest_category,original_template,original_template,nearest_category,0.9999312162399292,True,True,True,True,success,none,,True,0.523417000000026,0.3790830000000023,0,12
original_validation,e80a02f6c2347b13,nearest_category,original_template,original_template,nearest_category,0.999937891960144,True,True,True,True,success,none,,True,0.5285420000000762,0.37320800000006926,0,12
original_validation,d4d32066fc62e24a,nearest_category,original_template,original_template,nearest_category,0.9999417066574097,True,True,True,True,success,none,,True,0.5287499999999667,0.37695900000001004,0,12
original_validation,b42c256491cf9612,nearest_category,original_template,original_template,nearest_category,0.9999300241470337,True,True,True,True,success,none,,True,0.529875000000013,0.38554099999998925,0,12
original_validation,a024c5b2d02c8621,nearest_category,original_template,original_template,nearest_category,0.9999326467514038,True,True,True,True,success,none,,True,0.522208000000024,0.37441699999996025,0,12
original_validation,85537b829afd6f50,nearest_category,original_template,original_template,nearest_category,0.9999309778213501,True,True,True,True,success,none,,True,0.5131670000000366,0.3722080000000405,0,12
original_validation,d45298844c22b607,nearest_category,original_template,original_template,nearest_category,0.9999374151229858,True,True,True,True,success,none,,True,0.5353750000000046,0.39058400000002713,0,12
original_validation,dd0cfe0b9b365b9b,nearest_category,original_template,original_template,nearest_category,0.9999321699142456,True,True,True,True,success,none,,True,0.5640839999999647,0.4033329999999502,0,13
original_validation,5cdd62927e154c06,nearest_category,original_template,original_template,nearest_category,0.9999302625656128,True,True,True,True,success,none,,True,0.6514589999999654,0.3566249999999993,0,12
original_validation,311ed4d49c7c5e0f,nearest_category,original_template,original_template,nearest_category,0.9999312162399292,True,True,True,True,success,none,,True,0.47587499999990346,0.3500829999999455,0,12
original_validation,520c096bd37800c5,nearest_category,original_template,original_template,nearest_category,0.999937891960144,True,True,True,True,success,none,,True,0.4862920000000548,0.35633299999993095,0,12
original_validation,3fcee5a3382e7639,nearest_category,original_template,original_template,nearest_category,0.9999417066574097,True,True,True,True,success,none,,True,0.4776659999999877,0.35395799999993205,0,12
original_validation,ddcc010c701641e3,nearest_category,original_template,original_template,nearest_category,0.9999300241470337,True,True,True,True,success,none,,True,0.49637499999999335,0.3654579999999852,0,12
original_validation,d6ac772ba40b6480,nearest_category,original_template,original_template,nearest_category,0.9999326467514038,True,True,True,True,success,none,,True,0.47916699999994705,0.3511670000000411,0,12
original_validation,b6f07414f0213d69,nearest_category,original_template,original_template,nearest_category,0.9999309778213501,True,True,True,True,success,none,,True,0.4822500000000174,0.35279099999996344,0,12
original_validation,f4737c87fb72ccb7,nearest_category,original_template,original_template,nearest_category,0.9999374151229858,True,True,True,True,success,none,,True,0.49037500000004286,0.3523750000000714,0,12
original_validation,44ba5ab2e1a58283,nearest_category,original_template,original_template,nearest_category,0.9999321699142456,True,True,True,True,success,none,,True,0.5054580000000142,0.371750000000004,0,13
original_validation,71d005539e30695b,nearest_category,original_template,original_template,nearest_category,0.9999321699142456,True,True,True,True,success,none,,True,0.49149999999997807,0.3904579999999269,0,13
original_validation,91a6c73e976c8064,nearest_category,original_template,original_template,nearest_category,0.9999302625656128,True,True,True,True,success,none,,True,0.6586659999999744,0.3862500000000324,0,12
original_validation,4efd628b50a119d9,nearest_category,original_template,original_template,nearest_category,0.9999312162399292,True,True,True,True,success,none,,True,0.5120840000000237,0.3907090000000446,0,12
original_validation,d65ec7bcb8fbb325,nearest_category,original_template,original_template,nearest_category,0.999937891960144,True,True,True,True,success,none,,True,0.5013329999999927,0.39000000000000146,0,12
original_validation,db244319a1ea555e,nearest_category,original_template,original_template,nearest_category,0.9999417066574097,True,True,True,True,success,none,,True,0.5229589999999895,0.3999169999999719,0,12
original_validation,55d256c0086c125e,nearest_category,original_template,original_template,nearest_category,0.9999300241470337,True,True,True,True,success,none,,True,0.49549999999998207,0.38054200000003924,0,12
original_validation,be34d363ccedfe14,nearest_category,original_template,original_template,nearest_category,0.9999326467514038,True,True,True,True,success,none,,True,0.6643750000000503,0.4021659999999816,0,12
original_validation,311d5ff3f6040364,nearest_category,original_template,original_template,nearest_category,0.9999309778213501,True,True,True,True,success,none,,True,0.49591699999995686,0.37874999999998327,0,12
original_validation,cf243241c1d0d664,nearest_category,original_template,original_template,nearest_category,0.9999321699142456,True,True,True,True,success,none,,True,0.5217499999999875,0.4038749999999425,0,13
original_validation,c80ceabd63a56554,nearest_category,original_template,original_template,nearest_category,0.9999302625656128,True,True,True,True,success,none,,True,0.7252079999999772,0.36758299999994914,0,12
original_validation,bac1588f94316fb3,nearest_category,original_template,original_template,nearest_category,0.9999312162399292,True,True,True,True,success,none,,True,0.5118750000000505,0.3625830000000274,0,12
original_validation,441fd30f84d04feb,nearest_category,original_template,original_template,nearest_category,0.999937891960144,True,True,True,True,success,none,,True,0.5123750000000094,0.35920799999999975,0,12
original_validation,1e0a52222b0a5258,nearest_category,original_template,original_template,nearest_category,0.9999417066574097,True,True,True,True,success,none,,True,0.5346250000000108,0.37362500000004406,0,12
original_validation,9c152e7a0a6d86df,nearest_category,original_template,original_template,nearest_category,0.9999368190765381,True,True,True,True,success,none,,True,0.5034590000000394,0.3647079999999914,0,12
original_validation,b3681def9cf8971a,nearest_category,original_template,original_template,nearest_category,0.9999300241470337,True,True,True,True,success,none,,True,0.5084170000000388,0.36324999999992613,0,12
original_validation,d1cad452de339c50,nearest_category,original_template,original_template,nearest_category,0.9999326467514038,True,True,True,True,success,none,,True,0.5072910000000208,0.3550409999999449,0,12
original_validation,116f95fb946fee27,nearest_category,original_template,original_template,nearest_category,0.9999309778213501,True,True,True,True,success,none,,True,0.506541000000027,0.36637500000002987,0,12
original_validation,2aeb0ae88e671a4a,nearest_category,original_template,original_template,nearest_category,0.9999374151229858,True,True,True,True,success,none,,True,0.4965829999999949,0.3561669999999628,0,12
original_validation,8ad5b31cf9f21675,nearest_category,original_template,original_template,nearest_category,0.9999321699142456,True,True,True,True,success,none,,True,0.5198750000000585,0.3768749999999432,0,13
original_validation,3e9c116c926fc2fd,nearest_category,original_template,original_template,nearest_category,0.9999302625656128,True,True,True,True,success,none,,True,0.6511660000000363,0.36445900000003917,0,12
original_validation,b57809301beaf5f5,nearest_category,original_template,original_template,nearest_category,0.9999312162399292,True,True,True,True,success,none,,True,0.4689999999999417,0.3510420000000236,0,12
original_validation,be6000b22620ae1b,nearest_category,original_template,original_template,nearest_category,0.999937891960144,True,True,True,True,success,none,,True,0.4667909999999109,0.3485410000000355,0,12
original_validation,ef1eccb40701b177,nearest_category,original_template,original_template,nearest_category,0.9999417066574097,True,True,True,True,success,none,,True,0.47316699999999656,0.35433299999998447,0,12
original_validation,bfdcd6bd9b137d20,nearest_category,original_template,original_template,nearest_category,0.9999300241470337,True,True,True,True,success,none,,True,0.47866600000001647,0.35633299999993095,0,12
original_validation,61ad907eba35ff3e,nearest_category,original_template,original_template,nearest_category,0.9999326467514038,True,True,True,True,success,none,,True,0.47474999999996825,0.34766699999999595,0,12
original_validation,1f92d7a55e862917,nearest_category,original_template,original_template,nearest_category,0.9999309778213501,True,True,True,True,success,none,,True,0.47712499999996716,0.35758299999999466,0,12
original_validation,9eeab6cc12c73219,nearest_category,original_template,original_template,nearest_category,0.9999321699142456,True,True,True,True,success,none,,True,0.48479200000006717,0.3630000000000022,0,13
original_validation,719b5746bedf08fd,nearest_category,original_template,original_template,nearest_category,0.9999302625656128,True,True,True,True,success,none,,True,0.6533750000000671,0.37520800000001575,0,12
original_validation,7e5f129b4a90655d,nearest_category,original_template,original_template,nearest_category,0.9999312162399292,True,True,True,True,success,none,,True,0.5066249999999828,0.36487500000004225,0,12
original_validation,928ce4cdc36b36bc,nearest_category,original_template,original_template,nearest_category,0.999937891960144,True,True,True,True,success,none,,True,0.47387499999995697,0.35474999999995926,0,12
original_validation,cd303fdf18f1979b,nearest_category,original_template,original_template,nearest_category,0.9999300241470337,True,True,True,True,success,none,,True,0.4934170000000515,0.3750420000000476,0,12
original_validation,15be5157165a6a45,nearest_category,original_template,original_template,nearest_category,0.9999326467514038,True,True,True,True,success,none,,True,0.4750000000000032,0.35445899999997366,0,12
original_validation,b440dd1b80ebeeb1,nearest_category,original_template,original_template,nearest_category,0.9999309778213501,True,True,True,True,success,none,,True,0.4976660000000077,0.37712499999997817,0,12
original_validation,6d64157b198e2831,nearest_category,original_template,original_template,nearest_category,0.9999374151229858,True,True,True,True,success,none,,True,0.49029199999994777,0.3674579999999317,0,12
original_validation,0c76c2eb6cad9e22,nearest_category,original_template,original_template,nearest_category,0.9999321699142456,True,True,True,True,success,none,,True,0.4949159999999564,0.38250000000006334,0,13
original_validation,dfd349d2a0d8644c,nearest_category,original_template,original_template,nearest_category,0.9999302625656128,True,True,True,True,success,none,,True,0.7072089999999864,0.388958999999911,0,12
original_validation,c872c2373842da02,nearest_category,original_template,original_template,nearest_category,0.9999312162399292,True,True,True,True,success,none,,True,0.5203750000000174,0.3854580000000052,0,12
original_validation,2cb8cd621dd4b548,nearest_category,original_template,original_template,nearest_category,0.999937891960144,True,True,True,True,success,none,,True,0.4960410000000026,0.36766700000001595,0,12
original_validation,1dcea528b25d9f38,nearest_category,original_template,original_template,nearest_category,0.9999417066574097,True,True,True,True,success,none,,True,0.5145420000000067,0.37483300000007436,0,12
original_validation,76525473be5575fa,nearest_category,original_template,original_template,nearest_category,0.9999368190765381,True,True,True,True,success,none,,True,0.5140829999999985,0.3835420000000145,0,12
original_validation,fec1d3c667cf42d0,nearest_category,original_template,original_template,nearest_category,0.9999300241470337,True,True,True,True,success,none,,True,0.5157079999998926,0.38879099999999944,0,12
original_validation,a7d982686872b7d5,nearest_category,original_template,original_template,nearest_category,0.9999326467514038,True,True,True,True,success,none,,True,0.4872090000000995,0.36674999999997127,0,12
original_validation,4697b0531b3c86e1,nearest_category,original_template,original_template,nearest_category,0.9999309778213501,True,True,True,True,success,none,,True,0.5088750000000752,0.3782920000000578,0,12
original_validation,458e34527fb0fcd6,nearest_category,original_template,original_template,nearest_category,0.9999374151229858,True,True,True,True,success,none,,True,0.49712499999998716,0.3677079999999666,0,12
original_validation,f4960a8668a9a443,nearest_category,original_template,original_template,nearest_category,0.9999321699142456,True,True,True,True,success,none,,True,0.5133339999999764,0.3886250000000313,0,13
original_validation,9e507610194cbc9b,nearest_category,original_template,original_template,nearest_category,0.9999302625656128,True,True,True,True,success,none,,True,0.7624579999999659,0.3861669999999373,0,12
original_validation,cc194e7bd00fad4e,nearest_category,original_template,original_template,nearest_category,0.9999312162399292,True,True,True,True,success,none,,True,0.5423329999999504,0.3919169999999639,0,12
original_validation,ef63e2b0bc1ec05b,nearest_category,original_template,original_template,nearest_category,0.999937891960144,True,True,True,True,success,none,,True,0.53974999999995,0.3957909999999787,0,12
original_validation,9be30721581d30b0,nearest_category,original_template,original_template,nearest_category,0.9999417066574097,True,True,True,True,success,none,,True,0.5272080000000567,0.38037499999998836,0,12
original_validation,43ccfac0ea6483b2,nearest_category,original_template,original_template,nearest_category,0.9999368190765381,True,True,True,True,success,none,,True,0.5335000000000756,0.383084000000089,0,12
original_validation,576981babcc201dc,nearest_category,original_template,original_template,nearest_category,0.9999300241470337,True,True,True,True,success,none,,True,0.5212079999999952,0.3786669999999992,0,12
original_validation,69a8024d0efa3ca3,nearest_category,original_template,original_template,nearest_category,0.9999326467514038,True,True,True,True,success,none,,True,0.5307500000000243,0.38516600000004786,0,12
original_validation,9c31f426f2dba263,nearest_category,original_template,original_template,nearest_category,0.9999309778213501,True,True,True,True,success,none,,True,0.5289580000000793,0.37970899999995034,0,12
original_validation,cda84a0a0f918f1d,nearest_category,original_template,original_template,nearest_category,0.9999374151229858,True,True,True,True,success,none,,True,0.5321249999999944,0.3777079999999211,0,12
original_validation,073ad9daa712141e,nearest_category,original_template,original_template,nearest_category,0.9999321699142456,True,True,True,True,success,none,,True,0.5447090000000321,0.4086670000000847,0,13
original_validation,29208d9c1e6ff0e4,nearest_category,original_template,original_template,nearest_category,0.9999302625656128,True,True,True,True,success,none,,True,0.7339589999999507,0.39154100000005077,0,12
original_validation,ad66ef8767e55340,nearest_category,original_template,original_template,nearest_category,0.9999312162399292,True,True,True,True,success,none,,True,0.506541000000027,0.37120799999990073,0,12
original_validation,bf699d0847db8252,nearest_category,original_template,original_template,nearest_category,0.999937891960144,True,True,True,True,success,none,,True,0.5213339999999844,0.3746660000000235,0,12
original_validation,ac418e6661324163,nearest_category,original_template,original_template,nearest_category,0.9999417066574097,True,True,True,True,success,none,,True,0.5201670000000158,0.37433300000000447,0,12
original_validation,2eb6d5b1663bd1e3,nearest_category,original_template,original_template,nearest_category,0.9999368190765381,True,True,True,True,success,none,,True,0.49720799999997123,0.35845800000000594,0,12
original_validation,01611bc2322fe135,nearest_category,original_template,original_template,nearest_category,0.9999300241470337,True,True,True,True,success,none,,True,0.5049999999999777,0.361874999999956,0,12
original_validation,c2ff7faa88069fb9,nearest_category,original_template,original_template,nearest_category,0.9999326467514038,True,True,True,True,success,none,,True,0.5067920000000337,0.3657499999999425,0,12
original_validation,26b600b8646de5eb,nearest_category,original_template,original_template,nearest_category,0.9999309778213501,True,True,True,True,success,none,,True,0.49991699999996086,0.359083999999954,0,12
original_validation,504413f5515a31a2,nearest_category,original_template,original_template,nearest_category,0.9999374151229858,True,True,True,True,success,none,,True,0.5114999999999981,0.3682499999999589,0,12
original_validation,1df778140cfdbc9c,nearest_category,original_template,original_template,nearest_category,0.9999321699142456,True,True,True,True,success,none,,True,0.5490410000000834,0.39233299999996696,0,13
original_validation,d2e732410c619acb,nearest_category,original_template,original_template,nearest_category,0.9999321699142456,True,True,True,True,success,none,,True,0.4866250000000738,0.38158299999990763,0,13
original_validation,64a87410c64ae1a0,nearest_category,original_template,original_template,nearest_category,0.9999302625656128,True,True,True,True,success,none,,True,0.6760410000000716,0.35791600000001367,0,12
original_validation,c68639592e906d06,nearest_category,original_template,original_template,nearest_category,0.9999312162399292,True,True,True,True,success,none,,True,0.4853750000000101,0.3522500000000539,0,12
original_validation,99cd51c8f860942b,nearest_category,original_template,original_template,nearest_category,0.999937891960144,True,True,True,True,success,none,,True,0.495416999999998,0.35608399999997875,0,12
original_validation,870b08fbf2a57820,nearest_category,original_template,original_template,nearest_category,0.9999417066574097,True,True,True,True,success,none,,True,0.47474999999996825,0.35162499999996655,0,12
original_validation,eeaf8f3d7d5acc69,nearest_category,original_template,original_template,nearest_category,0.9999300241470337,True,True,True,True,success,none,,True,0.48958300000001564,0.3597079999999586,0,12
original_validation,bac3d42de4cc076b,nearest_category,original_template,original_template,nearest_category,0.9999326467514038,True,True,True,True,success,none,,True,0.47641700000000675,0.3459169999999734,0,12
original_validation,ea1f62a3fbb4e296,nearest_category,original_template,original_template,nearest_category,0.9999309778213501,True,True,True,True,success,none,,True,0.5027499999999963,0.34691700000000214,0,12
original_validation,2dda7dea057eb7b8,nearest_category,original_template,original_template,nearest_category,0.9999374151229858,True,True,True,True,success,none,,True,0.493542000000069,0.35804200000000286,0,12
original_validation,63c21dffabf96ac8,nearest_category,original_template,original_template,nearest_category,0.9999321699142456,True,True,True,True,success,none,,True,0.508000000000064,0.37487499999999674,0,13
original_validation,b79aed38c4d64eda,nearest_category,original_template,original_template,nearest_category,0.9999302625656128,True,True,True,True,success,none,,True,0.8688749999999912,0.3717920000000374,0,12
original_validation,1e6f34b5868eb0c1,nearest_category,original_template,original_template,nearest_category,0.9999312162399292,True,True,True,True,success,none,,True,0.5799579999999915,0.3634160000000053,0,12
original_validation,93ae7e8cc2bfbee5,nearest_category,original_template,original_template,nearest_category,0.999937891960144,True,True,True,True,success,none,,True,0.5916249999999845,0.36487500000004225,0,12
original_validation,60120800c58b3b14,nearest_category,original_template,original_template,nearest_category,0.9999417066574097,True,True,True,True,success,none,,True,0.5962919999999983,0.3725829999999819,0,12
original_validation,8d81815b8a0581b5,nearest_category,original_template,original_template,nearest_category,0.9999368190765381,True,True,True,True,success,none,,True,0.6002920000000023,0.3686250000000113,0,12
original_validation,50c0324af14a993b,nearest_category,original_template,original_template,nearest_category,0.9999300241470337,True,True,True,True,success,none,,True,0.5774159999999418,0.35804200000000286,0,12
original_validation,b894a87ad42840aa,nearest_category,original_template,original_template,nearest_category,0.9999326467514038,True,True,True,True,success,none,,True,0.635417000000027,0.4047080000000314,0,12
original_validation,93cd8fd0d2cf171b,nearest_category,original_template,original_template,nearest_category,0.9999309778213501,True,True,True,True,success,none,,True,0.6087499999999357,0.386207999999999,0,12
original_validation,9a105960c191191b,nearest_category,original_template,original_template,nearest_category,0.9999374151229858,True,True,True,True,success,none,,True,0.5914590000000164,0.3703339999999722,0,12
original_validation,b46d25efd7a4bca0,nearest_category,original_template,original_template,nearest_category,0.9999321699142456,True,True,True,True,success,none,,True,0.6099999999999994,0.39012500000001893,0,13
original_validation,8ab7dd7653def093,nearest_category,original_template,original_template,nearest_category,0.9999309778213501,True,True,True,True,success,none,,True,0.4507500000000553,0.35358299999999065,0,12
original_validation,49861b5a6c36747f,nearest_category,original_template,original_template,nearest_category,0.9999321699142456,True,True,True,True,success,none,,True,0.44199999999994244,0.3773749999999021,0,13
original_validation,75e73e2074bd6c68,nearest_category,original_template,original_template,nearest_category,0.9999302625656128,True,True,True,True,success,none,,True,0.5295839999999163,0.34774999999998,0,12
original_validation,2874bb27f9fc4c27,nearest_category,original_template,original_template,nearest_category,0.9999300241470337,True,True,True,True,success,none,,True,0.4346250000000218,0.3439589999999493,0,12
original_validation,3561c503439ed42c,nearest_category,original_template,original_template,nearest_category,0.9999309778213501,True,True,True,True,success,none,,True,0.43887500000006074,0.34762500000007357,0,12
original_validation,087542dbebac9ad6,nearest_category,original_template,original_template,nearest_category,0.9999374151229858,True,True,True,True,success,none,,True,0.4409579999999913,0.3522919999999763,0,12
original_validation,50dc6d2947dc5ba8,nearest_category,original_template,original_template,nearest_category,0.9999321699142456,True,True,True,True,success,none,,True,0.4585830000000124,0.36995799999994805,0,13
original_validation,528d72229665f05a,nearest_category,original_template,original_template,nearest_category,0.9999321699142456,True,True,True,True,success,none,,True,0.43345799999994217,0.3674580000000427,0,13
original_validation,bdc166b42cd5f408,nearest_category,original_template,original_template,nearest_category,0.9999302625656128,True,True,True,True,success,none,,True,0.5631670000000311,0.3661249999999949,0,12
original_validation,d656af603110de97,nearest_category,original_template,original_template,nearest_category,0.9999312162399292,True,True,True,True,success,none,,True,0.4617080000000051,0.3649579999999153,0,12
original_validation,6886e2d2c2984103,nearest_category,original_template,original_template,nearest_category,0.9999368190765381,True,True,True,True,success,none,,True,0.47145799999992466,0.3767089999999751,0,12
original_validation,ac4ffbf703089511,nearest_category,original_template,original_template,nearest_category,0.9999326467514038,True,True,True,True,success,none,,True,0.44920800000003425,0.36050000000009685,0,12
original_validation,a810caabd02fb98b,nearest_category,original_template,original_template,nearest_category,0.9999309778213501,True,True,True,True,success,none,,True,0.4713339999999899,0.3775000000000306,0,12
original_validation,1a49c48884ddf3a5,nearest_category,original_template,original_template,nearest_category,0.9999374151229858,True,True,True,True,success,none,,True,0.4534170000000115,0.3610840000000115,0,12
original_validation,c39e3111db563d74,nearest_category,original_template,original_template,nearest_category,0.9999321699142456,True,True,True,True,success,none,,True,0.4914590000000274,0.3983340000000002,0,13
original_validation,24b6ce30644a9685,nearest_category,original_template,original_template,nearest_category,0.9999302625656128,True,True,True,True,success,none,,True,0.7922080000000165,0.37525000000004916,0,12
original_validation,90f7ea1df3cc7930,nearest_category,original_template,original_template,nearest_category,0.9999312162399292,True,True,True,True,success,none,,True,0.521291999999951,0.365875000000071,0,12
original_validation,a9a0796262d10dfa,nearest_category,original_template,original_template,nearest_category,0.999937891960144,True,True,True,True,success,none,,True,0.5264579999999519,0.36154199999993697,0,12
original_validation,e13ccdd87d5e0e6e,nearest_category,original_template,original_template,nearest_category,0.9999417066574097,True,True,True,True,success,none,,True,0.5084169999999277,0.35970900000004136,0,12
original_validation,8ff7804218f7eb19,nearest_category,original_template,original_template,nearest_category,0.9999368190765381,True,True,True,True,success,none,,True,0.5085420000000562,0.3608749999999272,0,12
original_validation,5eec7357ce719ef0,nearest_category,original_template,original_template,nearest_category,0.9999300241470337,True,True,True,True,success,none,,True,0.5654159999999298,0.39245799999998443,0,12
original_validation,9d070bc81555a128,nearest_category,original_template,original_template,nearest_category,0.9999326467514038,True,True,True,True,success,none,,True,0.5166249999999373,0.3611669999999956,0,12
original_validation,2506f072747bee96,nearest_category,original_template,original_template,nearest_category,0.9999309778213501,True,True,True,True,success,none,,True,0.5161670000000118,0.366540999999998,0,12
original_validation,d077f38c317cd658,nearest_category,original_template,original_template,nearest_category,0.9999374151229858,True,True,True,True,success,none,,True,0.5158750000000545,0.36074999999990975,0,12
original_validation,506eb48bfb40cace,nearest_category,original_template,original_template,nearest_category,0.9999321699142456,True,True,True,True,success,none,,True,0.5387920000001767,0.3791659999998753,0,13
original_validation,cabc221a567ac030,nearest_category,original_template,original_template,nearest_category,0.9999302625656128,True,True,True,True,success,none,,True,0.7434589999999464,0.38074999999992976,0,12
original_validation,f937778901258c99,nearest_category,original_template,original_template,nearest_category,0.9999312162399292,True,True,True,True,success,none,,True,0.5108329999998773,0.3607500000000208,0,12
original_validation,81db5d5584eb786c,nearest_category,original_template,original_template,nearest_category,0.999937891960144,True,True,True,True,success,none,,True,0.5109169999999441,0.3612080000001683,0,12
original_validation,096a5cc5f42c3350,nearest_category,original_template,original_template,nearest_category,0.9999417066574097,True,True,True,True,success,none,,True,0.4962500000000869,0.356958999999879,0,12
original_validation,54dc7b60dd0a6eb0,nearest_category,original_template,original_template,nearest_category,0.9999300241470337,True,True,True,True,success,none,,True,0.5099170000000264,0.3624170000000593,0,12
original_validation,0b7da0a7376ca9ed,nearest_category,original_template,original_template,nearest_category,0.9999326467514038,True,True,True,True,success,none,,True,0.5119169999998618,0.35791699999987436,0,12
original_validation,8204562d0ad7406d,nearest_category,original_template,original_template,nearest_category,0.9999309778213501,True,True,True,True,success,none,,True,0.5110830000001343,0.36825000000018093,0,12
original_validation,f9ce7fe0313ed12f,nearest_category,original_template,original_template,nearest_category,0.9999374151229858,True,True,True,True,success,none,,True,0.5057090000000208,0.3610830000000398,0,12
original_validation,5a90b46d7d604d93,nearest_category,original_template,original_template,nearest_category,0.9999321699142456,True,True,True,True,success,none,,True,0.5382089999999007,0.39179100000019673,0,13
original_validation,dcf104dd592dbf4e,nearest_category,original_template,original_template,nearest_category,0.9999302625656128,True,True,True,True,success,none,,True,0.5561670000000518,0.35929100000009484,0,12
original_validation,c4dd3522284ea4a5,nearest_category,original_template,original_template,nearest_category,0.999937891960144,True,True,True,True,success,none,,True,0.45954199999997947,0.3672499999998191,0,12
original_validation,da520ddf5e2b4396,nearest_category,original_template,original_template,nearest_category,0.9999300241470337,True,True,True,True,success,none,,True,0.4457079999999891,0.353875000000059,0,12
original_validation,739b63bea7855066,nearest_category,original_template,original_template,nearest_category,0.9999326467514038,True,True,True,True,success,none,,True,0.45433299999997345,0.35995799999999356,0,12
original_validation,726a63a25c616711,nearest_category,original_template,original_template,nearest_category,0.9999309778213501,True,True,True,True,success,none,,True,0.4699169999999864,0.37650000000000183,0,12
original_validation,0d54ee1fdbbe83af,nearest_category,original_template,original_template,nearest_category,0.9999321699142456,True,True,True,True,success,none,,True,0.48854100000017553,0.39079199999991765,0,13
original_validation,7c07a131e62dafab,nearest_category,original_template,original_template,nearest_category,0.9999302625656128,True,True,True,True,success,none,,True,0.7516670000000669,0.36970800000002413,0,12
original_validation,96bbef3dae772657,nearest_category,original_template,original_template,nearest_category,0.9999312162399292,True,True,True,True,success,none,,True,0.5384999999999973,0.39054200000010475,0,12
original_validation,2aa8640d08c27404,nearest_category,original_template,original_template,nearest_category,0.999937891960144,True,True,True,True,success,none,,True,0.5153749999999846,0.3642910000001276,0,12
original_validation,2415902739422fc6,nearest_category,original_template,original_template,nearest_category,0.9999417066574097,True,True,True,True,success,none,,True,0.5027079999999629,0.3638329999999801,0,12
original_validation,507ab46a4e024581,nearest_category,original_template,original_template,nearest_category,0.9999368190765381,True,True,True,True,success,none,,True,0.5023330000000215,0.36054200000013026,0,12
original_validation,ad8c4e48e279e0a8,nearest_category,original_template,original_template,nearest_category,0.9999300241470337,True,True,True,True,success,none,,True,0.502208000000115,0.3588749999998697,0,12
original_validation,29eb42b39c14aaa9,nearest_category,original_template,original_template,nearest_category,0.9999326467514038,True,True,True,True,success,none,,True,0.5520420000000303,0.38212500000001093,0,12
original_validation,38b671d19f515ddf,nearest_category,original_template,original_template,nearest_category,0.9999309778213501,True,True,True,True,success,none,,True,0.6247079999999183,0.47758399999997536,0,12
original_validation,d474171c34862709,nearest_category,original_template,original_template,nearest_category,0.9999374151229858,True,True,True,True,success,none,,True,0.5358750000001855,0.39074999999999527,0,12
original_validation,790838552df7b724,nearest_category,original_template,original_template,nearest_category,0.9999321699142456,True,True,True,True,success,none,,True,0.5348330000001233,0.396333000000082,0,13
original_validation,c1e056fe5183df4a,nearest_category,original_template,original_template,nearest_category,0.9999302625656128,True,True,True,True,success,none,,True,0.7702919999998947,0.3747089999999176,0,12
original_validation,e0e4a959e87a78fa,nearest_category,original_template,original_template,nearest_category,0.9999312162399292,True,True,True,True,success,none,,True,0.5280410000001456,0.3667920000001157,0,12
original_validation,6ebcc14432116ba3,nearest_category,original_template,original_template,nearest_category,0.999937891960144,True,True,True,True,success,none,,True,0.519749999999819,0.3620829999999575,0,12
original_validation,d67f842166643e68,nearest_category,original_template,original_template,nearest_category,0.9999417066574097,True,True,True,True,success,none,,True,0.5333750000000581,0.3741250000000029,0,12
original_validation,37d0d844afbc3585,nearest_category,original_template,original_template,nearest_category,0.9999368190765381,True,True,True,True,success,none,,True,0.5193330000001772,0.3606250000001143,0,12
original_validation,574ee020ce12be8d,nearest_category,original_template,original_template,nearest_category,0.9999300241470337,True,True,True,True,success,none,,True,0.5137919999997909,0.3588749999998697,0,12
original_validation,d973b330c882c13e,nearest_category,original_template,original_template,nearest_category,0.9999326467514038,True,True,True,True,success,none,,True,0.5153329999998402,0.3587089999999016,0,12
original_validation,bd7ee01ca6e23a82,nearest_category,original_template,original_template,nearest_category,0.9999309778213501,True,True,True,True,success,none,,True,0.5135839999999003,0.3570410000000024,0,12
original_validation,86ccdee15ebd26d7,nearest_category,original_template,original_template,nearest_category,0.9999374151229858,True,True,True,True,success,none,,True,0.513874999999997,0.35600000000002296,0,12
original_validation,8ed9c2df4c7b59cf,nearest_category,original_template,original_template,nearest_category,0.9999321699142456,True,True,True,True,success,none,,True,0.541625000000101,0.38791699999984885,0,13
original_validation,97ba40621364645b,nearest_category,original_template,original_template,nearest_category,0.9999302625656128,True,True,True,True,success,none,,True,0.6983750000000288,0.35562500000008157,0,12
original_validation,6945e9602ad471f7,nearest_category,original_template,original_template,nearest_category,0.9999312162399292,True,True,True,True,success,none,,True,0.495750000000017,0.3574170000000265,0,12
original_validation,2c2ae21e1c5c805c,nearest_category,original_template,original_template,nearest_category,0.999937891960144,True,True,True,True,success,none,,True,0.5016659999999007,0.35570800000006564,0,12
original_validation,5d7ce641aa4bb32f,nearest_category,original_template,original_template,nearest_category,0.9999417066574097,True,True,True,True,success,none,,True,0.48466699999982765,0.34549999999988756,0,12
original_validation,b31096fca0f7e67c,nearest_category,original_template,original_template,nearest_category,0.9999300241470337,True,True,True,True,success,none,,True,0.4898339999999113,0.3491250000000612,0,12
original_validation,b55585e4c91297b0,nearest_category,original_template,original_template,nearest_category,0.9999326467514038,True,True,True,True,success,none,,True,0.4817500000000585,0.34425000000015693,0,12
original_validation,84a195e694761361,nearest_category,original_template,original_template,nearest_category,0.9999309778213501,True,True,True,True,success,none,,True,0.5002080000000575,0.3646669999999297,0,12
original_validation,eefe22e6850db4b7,nearest_category,original_template,original_template,nearest_category,0.9999374151229858,True,True,True,True,success,none,,True,0.4802090000000092,0.3430829999999663,0,12
original_validation,fad6d5d5406286b2,nearest_category,original_template,original_template,nearest_category,0.9999321699142456,True,True,True,True,success,none,,True,0.5053329999999967,0.36999999999998145,0,13
original_validation,155966d68145bf1a,nearest_category,original_template,original_template,nearest_category,0.9999302625656128,True,True,True,True,success,none,,True,0.7312919999999945,0.3581660000000486,0,12
original_validation,a54bf1e2f1a548c2,nearest_category,original_template,original_template,nearest_category,0.9999312162399292,True,True,True,True,success,none,,True,0.524958999999825,0.3527500000000128,0,12
original_validation,f35162604c87e319,nearest_category,original_template,original_template,nearest_category,0.999937891960144,True,True,True,True,success,none,,True,0.5299160000000747,0.37212500000016746,0,12
original_validation,d1f1abf36ebc6813,nearest_category,original_template,original_template,nearest_category,0.9999417066574097,True,True,True,True,success,none,,True,0.498541000000019,0.3556659999999212,0,12
original_validation,cc3d0eca167240f5,nearest_category,original_template,original_template,nearest_category,0.9999368190765381,True,True,True,True,success,none,,True,0.49479100000016096,0.3484579999999404,0,12
original_validation,cfd6f7cefdedaf13,nearest_category,original_template,original_template,nearest_category,0.9999300241470337,True,True,True,True,success,none,,True,0.4918339999999688,0.3492500000001897,0,12
original_validation,55317f0c31981743,nearest_category,original_template,original_template,nearest_category,0.9999326467514038,True,True,True,True,success,none,,True,0.5013750000000261,0.35362500000002406,0,12
original_validation,125fe49a363e355a,nearest_category,original_template,original_template,nearest_category,0.9999309778213501,True,True,True,True,success,none,,True,0.4933750000000181,0.3471659999998433,0,12
original_validation,4d5756ff3d703c78,nearest_category,original_template,original_template,nearest_category,0.9999374151229858,True,True,True,True,success,none,,True,0.49450000000006433,0.34354099999989174,0,12
original_validation,caaf0210b22346a4,nearest_category,original_template,original_template,nearest_category,0.9999321699142456,True,True,True,True,success,none,,True,0.5274589999999524,0.3783340000000912,0,13
original_validation,bd556c6a129a98e2,nearest_category,original_template,original_template,nearest_category,0.9999417066574097,True,True,True,True,success,none,,True,0.4706670000000912,0.3508340000000221,0,12
original_validation,418ecb5a7c63bad3,nearest_category,original_template,original_template,nearest_category,0.9999326467514038,True,True,True,True,success,none,,True,0.42170900000004785,0.3514159999999933,0,12
original_validation,9239924323e68bd9,nearest_category,original_template,original_template,nearest_category,0.9999309778213501,True,True,True,True,success,none,,True,0.41470799999987484,0.34724999999991013,0,12
original_validation,0b5297e331755b52,nearest_category,original_template,original_template,nearest_category,0.9999321699142456,True,True,True,True,success,none,,True,0.4425830000001074,0.37466599999991246,0,13
original_validation,fd27703a818e9389,nearest_category,original_template,original_template,nearest_category,0.9999417066574097,True,True,True,True,success,none,,True,0.4843340000000307,0.34633299999997647,0,12
original_validation,5328488e0ec636bd,nearest_category,original_template,original_template,nearest_category,0.9999326467514038,True,True,True,True,success,none,,True,0.4165419999999642,0.3459169999999734,0,12
original_validation,4111f20bb08fbca1,nearest_category,original_template,original_template,nearest_category,0.9999309778213501,True,True,True,True,success,none,,True,0.41362499999997304,0.34366699999988093,0,12
original_validation,e41c6dff5c9ae35e,nearest_category,original_template,original_template,nearest_category,0.9999321699142456,True,True,True,True,success,none,,True,0.44166700000003445,0.3713750000000626,0,13
original_validation,9488cb1bd7a5260a,nearest_category,original_template,original_template,nearest_category,0.9999302625656128,True,True,True,True,success,none,,True,0.4902500000001364,0.3466669999998562,0,12
original_validation,9361ff5151cac4a3,nearest_category,original_template,original_template,nearest_category,0.9999417066574097,True,True,True,True,success,none,,True,0.4333750000000691,0.3550420000000276,0,12
original_validation,92704384f97b5fa1,nearest_category,original_template,original_template,nearest_category,0.9999326467514038,True,True,True,True,success,none,,True,0.4223750000000859,0.3424999999999123,0,12
original_validation,f6f395c69744e507,nearest_category,original_template,original_template,nearest_category,0.9999309778213501,True,True,True,True,success,none,,True,0.4243750000001434,0.34787499999988647,0,12
original_validation,0b0d0152921fbe91,nearest_category,original_template,original_template,nearest_category,0.9999374151229858,True,True,True,True,success,none,,True,0.44637499999988783,0.3706670000001022,0,12
original_validation,bcdd2a425d4a2ddb,nearest_category,original_template,original_template,nearest_category,0.9999321699142456,True,True,True,True,success,none,,True,0.4552090000000675,0.38083300000013587,0,13
original_validation,ad35fb96af71bbb8,nearest_category,original_template,original_template,nearest_category,0.9999302625656128,True,True,True,True,success,none,,True,0.6148750000001257,0.3588749999998697,0,12
original_validation,1f129105346cf28b,nearest_category,original_template,original_template,nearest_category,0.9999368190765381,True,True,True,True,success,none,,True,0.460333000000146,0.3489580000000103,0,12
original_validation,2d07f85527e19994,nearest_category,original_template,original_template,nearest_category,0.9999300241470337,True,True,True,True,success,none,,True,0.461875000000056,0.3491250000000612,0,12
original_validation,74f63f63cbfc5cfc,nearest_category,original_template,original_template,nearest_category,0.9999326467514038,True,True,True,True,success,none,,True,0.46554199999992996,0.3484579999999404,0,12
original_validation,6bde3de38fef9a21,nearest_category,original_template,original_template,nearest_category,0.9999309778213501,True,True,True,True,success,none,,True,0.4682089999998862,0.34929199999989,0,12
original_validation,13c1dfdd3ba5f4b6,nearest_category,original_template,original_template,nearest_category,0.9999374151229858,True,True,True,True,success,none,,True,0.48274999999997625,0.357291999999898,0,12
original_validation,70daa61dfd2d8d5c,nearest_category,original_template,original_template,nearest_category,0.9999321699142456,True,True,True,True,success,none,,True,0.5573340000000204,0.4205409999999965,0,13
original_validation,a593e65956900314,nearest_category,original_template,original_template,nearest_category,0.9999321699142456,True,True,True,True,success,none,,True,0.5046669999999587,0.41866599999984544,0,13
original_validation,30f7508c80a57f86,nearest_category,original_template,original_template,nearest_category,0.9999302625656128,True,True,True,True,success,none,,True,0.7049999999999557,0.36479099999997544,0,12
original_validation,43f4c6382310445e,nearest_category,original_template,original_template,nearest_category,0.9999312162399292,True,True,True,True,success,none,,True,0.49341700000016253,0.3579590000000188,0,12
original_validation,90853076b0c08978,nearest_category,original_template,original_template,nearest_category,0.999937891960144,True,True,True,True,success,none,,True,0.4971250000000982,0.35674999999990575,0,12
original_validation,ace1be5cbf9c5952,nearest_category,original_template,original_template,nearest_category,0.9999417066574097,True,True,True,True,success,none,,True,0.49195800000001455,0.3577919999999679,0,12
original_validation,c18ae3c60e2c3863,nearest_category,original_template,original_template,nearest_category,0.9999300241470337,True,True,True,True,success,none,,True,0.49320799999996723,0.3526250000001063,0,12
original_validation,ee6ae83824106005,nearest_category,original_template,original_template,nearest_category,0.9999326467514038,True,True,True,True,success,none,,True,0.4949579999999898,0.35391700000020343,0,12
original_validation,45826dd55b1dd649,nearest_category,original_template,original_template,nearest_category,0.9999309778213501,True,True,True,True,success,none,,True,0.49266599999997496,0.35241699999999376,0,12
original_validation,980f7f1f2e894f1c,nearest_category,original_template,original_template,nearest_category,0.9999374151229858,True,True,True,True,success,none,,True,0.4881249999999504,0.3507080000000329,0,12
original_validation,46327a316f1ccd81,nearest_category,original_template,original_template,nearest_category,0.9999321699142456,True,True,True,True,success,none,,True,0.5177499999999835,0.3798749999999185,0,13
original_validation,564f7ef7448a01bf,nearest_category,original_template,original_template,nearest_category,0.9999321699142456,True,True,True,True,success,none,,True,0.4535829999998686,0.37733300000009073,0,13
original_validation,9790b954669f395e,nearest_category,original_template,original_template,nearest_category,0.9999302625656128,True,True,True,True,success,none,,True,0.5636669999999899,0.3768749999999432,0,12
original_validation,6105f76297e1dc53,nearest_category,original_template,original_template,nearest_category,0.9999312162399292,True,True,True,True,success,none,,True,0.4610000000000447,0.37512499999992066,0,12
original_validation,72e8e137f02e94c0,nearest_category,original_template,original_template,nearest_category,0.999937891960144,True,True,True,True,success,none,,True,0.458540999999979,0.3727090000000821,0,12
original_validation,c80ab67f30b95532,nearest_category,original_template,original_template,nearest_category,0.9999417066574097,True,True,True,True,success,none,,True,0.46099999999982266,0.37458400000001113,0,12
original_validation,aee13860388920aa,nearest_category,original_template,original_template,nearest_category,0.9999326467514038,True,True,True,True,success,none,,True,0.459417000000073,0.3727500000001438,0,12
original_validation,45d1e65e2d6da394,nearest_category,original_template,original_template,nearest_category,0.9999374151229858,True,True,True,True,success,none,,True,0.4569580000000073,0.3705419999999737,0,12
original_validation,c85e4495d61d0f50,nearest_category,original_template,original_template,nearest_category,0.9999321699142456,True,True,True,True,success,none,,True,0.5011669999999135,0.40095900000003404,0,13
original_validation,0007e1547e941e2e,nearest_category,original_template,original_template,nearest_category,0.9999302625656128,True,True,True,True,success,none,,True,0.7317920000000644,0.3802079999999375,0,12
original_validation,605003509ffadcb6,nearest_category,original_template,original_template,nearest_category,0.9999312162399292,True,True,True,True,success,none,,True,0.49879199999991464,0.36187499999984496,0,12
original_validation,b7ef14e5fefeea7b,nearest_category,original_template,original_template,nearest_category,0.999937891960144,True,True,True,True,success,none,,True,0.49925000000006214,0.35520799999999575,0,12
original_validation,0f6e0f9a91320277,nearest_category,original_template,original_template,nearest_category,0.9999417066574097,True,True,True,True,success,none,,True,0.48658400000012314,0.34920800000004526,0,12
original_validation,bc0fa0522285715a,nearest_category,original_template,original_template,nearest_category,0.9999368190765381,True,True,True,True,success,none,,True,0.47837499999991984,0.3462919999999148,0,12
original_validation,3b3e356c2e685944,nearest_category,original_template,original_template,nearest_category,0.9999300241470337,True,True,True,True,success,none,,True,0.5505420000000427,0.35941700000008403,0,12
original_validation,dc101369f0e8c0be,nearest_category,original_template,original_template,nearest_category,0.9999326467514038,True,True,True,True,success,none,,True,0.4917079999999796,0.34774999999998,0,12
original_validation,adc6c161741471f6,nearest_category,original_template,original_template,nearest_category,0.9999309778213501,True,True,True,True,success,none,,True,0.4925839999998516,0.34787499999988647,0,12
original_validation,0f291baf258f114a,nearest_category,original_template,original_template,nearest_category,0.9999374151229858,True,True,True,True,success,none,,True,0.5311670000001101,0.38241600000010756,0,12
original_validation,3040fccbc9e2ad90,nearest_category,original_template,original_template,nearest_category,0.9999321699142456,True,True,True,True,success,none,,True,0.5477080000000356,0.3941249999999119,0,13
original_validation,0d442dbab6a61d19,nearest_category,original_template,original_template,nearest_category,0.9999321699142456,True,True,True,True,success,none,,True,0.46779099999993967,0.37245799999996443,0,13
original_validation,435ed705eb33bebe,nearest_category,original_template,original_template,nearest_category,0.9999302625656128,True,True,True,True,success,none,,True,0.77329199999987,0.3755420000000065,0,12
original_validation,62a17611e01be5c2,nearest_category,original_template,original_template,nearest_category,0.9999312162399292,True,True,True,True,success,none,,True,0.5274589999999524,0.3537080000000081,0,12
original_validation,9563f75f0c560459,nearest_category,original_template,original_template,nearest_category,0.999937891960144,True,True,True,True,success,none,,True,0.5159999999999609,0.35154099999989974,0,12
original_validation,9dc07d7a1d0ce5cc,nearest_category,original_template,original_template,nearest_category,0.9999417066574097,True,True,True,True,success,none,,True,0.5078749999998244,0.3488749999998042,0,12
original_validation,81a53abc0efbe1a5,nearest_category,original_template,original_template,nearest_category,0.9999368190765381,True,True,True,True,success,none,,True,0.5151670000000941,0.3486249999999913,0,12
original_validation,18ede1b92ebbadba,nearest_category,original_template,original_template,nearest_category,0.9999300241470337,True,True,True,True,success,none,,True,0.5189999999999362,0.35837500000002187,0,12
original_validation,0b0c6a9251097231,nearest_category,original_template,original_template,nearest_category,0.9999326467514038,True,True,True,True,success,none,,True,0.5340419999999568,0.3597920000000254,0,12
original_validation,a72b6449c852eb98,nearest_category,original_template,original_template,nearest_category,0.9999309778213501,True,True,True,True,success,none,,True,0.510208000000123,0.34662500000015584,0,12
original_validation,dbec201ef13796e1,nearest_category,original_template,original_template,nearest_category,0.9999374151229858,True,True,True,True,success,none,,True,0.5295409999999112,0.3599160000000712,0,12
original_validation,c9c37ab9d0a97260,nearest_category,original_template,original_template,nearest_category,0.9999321699142456,True,True,True,True,success,none,,True,0.5425420000000347,0.37762500000004806,0,13
original_validation,bd1498e307514082,nearest_category,original_template,original_template,nearest_category,0.9999302625656128,True,True,True,True,success,none,,True,0.555416999999947,0.3620420000001179,0,12
original_validation,9cee66386c27d3a7,nearest_category,original_template,original_template,nearest_category,0.999937891960144,True,True,True,True,success,none,,True,0.46837500000007637,0.37754199999984195,0,12
original_validation,7f387a60d76de039,nearest_category,original_template,original_template,nearest_category,0.9999417066574097,True,True,True,True,success,none,,True,0.45804199999999184,0.36279099999991793,0,12
original_validation,28b015e8691852a0,nearest_category,original_template,original_template,nearest_category,0.9999300241470337,True,True,True,True,success,none,,True,0.44966700000004245,0.3621249999998799,0,12
original_validation,c7245873b72e0000,nearest_category,original_template,original_template,nearest_category,0.9999326467514038,True,True,True,True,success,none,,True,0.4611670000000956,0.36849999999999383,0,12
original_validation,13e75df62b85767b,nearest_category,original_template,original_template,nearest_category,0.9999309778213501,True,True,True,True,success,none,,True,0.4485839999999186,0.351416999999854,0,12
original_validation,20f6812cae7376fb,nearest_category,original_template,original_template,nearest_category,0.9999321699142456,True,True,True,True,success,none,,True,0.4743339999999652,0.38245800000002994,0,13
original_validation,bb9d9f9e2d7c1da3,nearest_category,original_template,original_template,nearest_category,0.9999417066574097,True,True,True,True,success,none,,True,0.462208000000075,0.36324999999992613,0,12
original_validation,ec779c89f53cbd80,nearest_category,original_template,original_template,nearest_category,0.9999321699142456,True,True,True,True,success,none,,True,0.47487500000009675,0.3792079999997977,0,13
original_validation,8f364f9f7845234a,nearest_category,original_template,original_template,nearest_category,0.9999302625656128,True,True,True,True,success,none,,True,0.6641249999999044,0.3670829999999903,0,12
original_validation,6fde2c33a694a6ea,nearest_category,original_template,original_template,nearest_category,0.9999312162399292,True,True,True,True,success,none,,True,0.4899170000001174,0.3577909999998852,0,12
original_validation,d192b8f99b7134ce,nearest_category,original_template,original_template,nearest_category,0.999937891960144,True,True,True,True,success,none,,True,0.544082999999862,0.39004200000003486,0,12
original_validation,8d3e618289846272,nearest_category,original_template,original_template,nearest_category,0.9999417066574097,True,True,True,True,success,none,,True,0.48200000000009346,0.36362500000008957,0,12
original_validation,e75017a5d72352e3,nearest_category,original_template,original_template,nearest_category,0.9999368190765381,True,True,True,True,success,none,,True,0.483417000000097,0.3613340000001575,0,12
original_validation,863981e0aa1d63b7,nearest_category,original_template,original_template,nearest_category,0.9999300241470337,True,True,True,True,success,none,,True,0.4784579999999039,0.3559580000001006,0,12
original_validation,bcccdc49fa16e1fd,nearest_category,original_template,original_template,nearest_category,0.9999326467514038,True,True,True,True,success,none,,True,0.4937080000000371,0.36733400000010796,0,12
original_validation,a3ea0b6645f18111,nearest_category,original_template,original_template,nearest_category,0.9999309778213501,True,True,True,True,success,none,,True,0.4924169999998007,0.3626669999998722,0,12
original_validation,9c7e81861c21eb5b,nearest_category,original_template,original_template,nearest_category,0.9999374151229858,True,True,True,True,success,none,,True,0.47883399999992804,0.3537919999998529,0,12
original_validation,e9b658d91b713bb3,nearest_category,original_template,original_template,nearest_category,0.9999321699142456,True,True,True,True,success,none,,True,0.5061669999999463,0.3828330000001934,0,13
original_validation,c44ebdc5a18c6c32,nearest_category,original_template,original_template,nearest_category,0.9999321699142456,True,True,True,True,success,none,,True,0.4562500000000469,0.37945900000013744,0,13
original_validation,316a3c545573b605,nearest_category,original_template,original_template,nearest_category,0.9999321699142456,True,True,True,True,success,none,,True,0.47491700000001913,0.3672909999998808,0,13
original_validation,cf732bea6c92f3dd,nearest_category,original_template,original_template,nearest_category,0.9999309778213501,True,True,True,True,success,none,,True,0.4409169999999296,0.34854200000000723,0,12
original_validation,5cc4e87641ad6e45,nearest_category,original_template,original_template,nearest_category,0.9999321699142456,True,True,True,True,success,none,,True,0.42450000000004984,0.3619169999999894,0,13
original_validation,dd23649f2c07577c,nearest_category,original_template,original_template,nearest_category,0.9999321699142456,True,True,True,True,success,none,,True,0.45325000000007165,0.37599999999993194,0,13
original_validation,311ccf92eec03880,nearest_category,original_template,original_template,nearest_category,0.9999302625656128,True,True,True,True,success,none,,True,0.6053329999999857,0.34658400000009415,0,12
original_validation,049440eba40c11fb,nearest_category,original_template,original_template,nearest_category,0.9999312162399292,True,True,True,True,success,none,,True,0.4666250000000538,0.3522499999999429,0,12
original_validation,d7c02d12973569ff,nearest_category,original_template,original_template,nearest_category,0.999937891960144,True,True,True,True,success,none,,True,0.46604100000013915,0.3457080000000001,0,12
original_validation,5b2e6d3557ec2b82,nearest_category,original_template,original_template,nearest_category,0.9999417066574097,True,True,True,True,success,none,,True,0.45741599999993277,0.3449159999999729,0,12
original_validation,37f2605116e9f6a2,nearest_category,original_template,original_template,nearest_category,0.9999368190765381,True,True,True,True,success,none,,True,0.4754580000001507,0.35724999999997564,0,12
original_validation,ff8c6c4257335f47,nearest_category,original_template,original_template,nearest_category,0.9999326467514038,True,True,True,True,success,none,,True,0.4554580000000197,0.34154100000005627,0,12
original_validation,ffba791bec779bf0,nearest_category,original_template,original_template,nearest_category,0.9999309778213501,True,True,True,True,success,none,,True,0.48754100000003575,0.3726250000000153,0,12
original_validation,3ee3c591a4fdf24a,nearest_category,original_template,original_template,nearest_category,0.9999374151229858,True,True,True,True,success,none,,True,0.48124999999998863,0.3655000000000186,0,12
original_validation,673dbc8df9e07a0f,nearest_category,original_template,original_template,nearest_category,0.9999321699142456,True,True,True,True,success,none,,True,0.49120899999999246,0.377291999999807,0,13
original_validation,2c3a6f3cb91b12c4,nearest_category,original_template,original_template,nearest_category,0.9999326467514038,True,True,True,True,success,none,,True,0.46725000000003014,0.3621249999998799,0,12
original_validation,77c85ca3519c6fd9,nearest_category,original_template,original_template,nearest_category,0.9999374151229858,True,True,True,True,success,none,,True,0.40799999999996395,0.344333000000141,0,12
original_validation,cfd4621ed7b0658a,nearest_category,original_template,original_template,nearest_category,0.9999321699142456,True,True,True,True,success,none,,True,0.4412500000001707,0.37241600000004205,0,13
original_validation,7a1861311d451516,nearest_category,original_template,original_template,nearest_category,0.9999321699142456,True,True,True,True,success,none,,True,0.45916599999995533,0.37845800000013696,0,13
original_validation,79e2999b8d9feef4,nearest_category,original_template,original_template,nearest_category,0.9999302625656128,True,True,True,True,success,none,,True,0.4752499999998161,0.36795800000000156,0,12
original_validation,1d3bd517e6413c30,nearest_category,original_template,original_template,nearest_category,0.9999417066574097,True,True,True,True,success,none,,True,0.42308299999982424,0.35508399999995,0,12
original_validation,770a548bfaea2e7c,nearest_category,original_template,original_template,nearest_category,0.9999368190765381,True,True,True,True,success,none,,True,0.455083999999939,0.37191599999997216,0,12
original_validation,5b4b04365ca0906d,nearest_category,original_template,original_template,nearest_category,0.9999321699142456,True,True,True,True,success,none,,True,0.47916699999994705,0.40320800000004375,0,13
original_validation,75c88e00c67a1db9,nearest_category,original_template,original_template,nearest_category,0.9999302625656128,True,True,True,True,success,none,,True,0.7258329999999535,0.3716659999999372,0,12
original_validation,b6098b5970eb57eb,nearest_category,original_template,original_template,nearest_category,0.9999312162399292,True,True,True,True,success,none,,True,0.4929169999998706,0.35479199999999267,0,12
original_validation,4840f0c4803637d1,nearest_category,original_template,original_template,nearest_category,0.999937891960144,True,True,True,True,success,none,,True,0.5066660000001555,0.3625419999999657,0,12
original_validation,14d831a29b6f4dd5,nearest_category,original_template,original_template,nearest_category,0.9999417066574097,True,True,True,True,success,none,,True,0.5071249999999417,0.3597079999999586,0,12
original_validation,2bb77a2f888d1498,nearest_category,original_template,original_template,nearest_category,0.9999368190765381,True,True,True,True,success,none,,True,0.4889580000000393,0.3544999999998133,0,12
original_validation,5514d770d6b785ee,nearest_category,original_template,original_template,nearest_category,0.9999300241470337,True,True,True,True,success,none,,True,0.4992919999999845,0.36529100000004533,0,12
original_validation,927b4999df36626c,nearest_category,original_template,original_template,nearest_category,0.9999326467514038,True,True,True,True,success,none,,True,0.49358399999999136,0.35379200000007494,0,12
original_validation,19d7ddf55918094a,nearest_category,original_template,original_template,nearest_category,0.9999309778213501,True,True,True,True,success,none,,True,0.5102089999999837,0.36395799999988654,0,12
original_validation,8b5baea02ec407f8,nearest_category,original_template,original_template,nearest_category,0.9999374151229858,True,True,True,True,success,none,,True,0.5001250000000734,0.3539169999999814,0,12
original_validation,ca09d5e7f09b93da,nearest_category,original_template,original_template,nearest_category,0.9999321699142456,True,True,True,True,success,none,,True,0.5215000000000636,0.3893329999999917,0,13
original_validation,27b96968d977e150,nearest_category,original_template,original_template,nearest_category,0.9999302625656128,True,True,True,True,success,none,,True,0.6895000000000095,0.3822499999999174,0,12
original_validation,996c9069ec6ad7df,nearest_category,original_template,original_template,nearest_category,0.999937891960144,True,True,True,True,success,none,,True,0.48549999999991655,0.3546660000000035,0,12
original_validation,41b9d965f001a539,nearest_category,original_template,original_template,nearest_category,0.9999368190765381,True,True,True,True,success,none,,True,0.4830000000000112,0.3548750000001988,0,12
original_validation,76587a3f774ecaad,nearest_category,original_template,original_template,nearest_category,0.9999300241470337,True,True,True,True,success,none,,True,0.49929200000020657,0.3607500000000208,0,12
original_validation,c154bdf56dafd318,nearest_category,original_template,original_template,nearest_category,0.9999326467514038,True,True,True,True,success,none,,True,0.4985829999999414,0.35791600000001367,0,12
original_validation,652cffa6e35e004c,nearest_category,original_template,original_template,nearest_category,0.9999309778213501,True,True,True,True,success,none,,True,0.5677910000001507,0.4198330000000361,0,12
original_validation,f5f4ba2ce57112e9,nearest_category,original_template,original_template,nearest_category,0.9999374151229858,True,True,True,True,success,none,,True,0.5542910000000401,0.3928340000001196,0,12
original_validation,30ad3073e96eb4a7,nearest_category,original_template,original_template,nearest_category,0.9999321699142456,True,True,True,True,success,none,,True,0.5382499999999624,0.3836659999998382,0,13
original_validation,575a8a81a5b354c9,nearest_category,original_template,original_template,nearest_category,0.9999321699142456,True,True,True,True,success,none,,True,0.9083749999998503,0.7184159999999995,0,13
original_validation,3e02696e1dff4e86,nearest_category,original_template,original_template,nearest_category,0.9999302625656128,True,True,True,True,success,none,,True,0.991833000000053,0.5170840000001675,0,12
original_validation,e4099e9d9c7e0611,nearest_category,original_template,original_template,nearest_category,0.9999312162399292,True,True,True,True,success,none,,True,0.5930000000000657,0.41883300000011836,0,12
original_validation,45381aa67d0be9a7,nearest_category,original_template,original_template,nearest_category,0.999937891960144,True,True,True,True,success,none,,True,0.6934590000000629,0.5177909999998231,0,12
original_validation,c1dc5b2e4825b9e8,nearest_category,original_template,original_template,nearest_category,0.9999417066574097,True,True,True,True,success,none,,True,0.5648339999999585,0.40149999999994357,0,12
original_validation,def87680b4efac30,nearest_category,original_template,original_template,nearest_category,0.9999368190765381,True,True,True,True,success,none,,True,0.5269999999999442,0.37850000000005934,0,12
original_validation,e9ed18223eaf0588,nearest_category,original_template,original_template,nearest_category,0.9999300241470337,True,True,True,True,success,none,,True,0.5212080000001063,0.37254200000003124,0,12
original_validation,b22ddbc382d99ca4,nearest_category,original_template,original_template,nearest_category,0.9999326467514038,True,True,True,True,success,none,,True,0.5260830000000105,0.3737909999999012,0,12
original_validation,42cf3117d5e67ae1,nearest_category,original_template,original_template,nearest_category,0.9999309778213501,True,True,True,True,success,none,,True,0.5186249999999948,0.3692499999998766,0,12
original_validation,5d2b9abe179f7f00,nearest_category,original_template,original_template,nearest_category,0.9999374151229858,True,True,True,True,success,none,,True,0.5173329999998977,0.3661249999999949,0,12
original_validation,5826004b85280a35,nearest_category,original_template,original_template,nearest_category,0.9999321699142456,True,True,True,True,success,none,,True,0.5445829999999319,0.3980409999999601,0,13
original_validation,feabf9eed0c8f82c,nearest_category,original_template,original_template,nearest_category,0.9999302625656128,True,True,True,True,success,none,,True,0.6501660000000076,0.3544170000000513,0,12
original_validation,ed81913758a7ec28,nearest_category,original_template,original_template,nearest_category,0.9999312162399292,True,True,True,True,success,none,,True,0.46775000000010003,0.34966700000005346,0,12
original_validation,0941a3b92f157f54,nearest_category,original_template,original_template,nearest_category,0.999937891960144,True,True,True,True,success,none,,True,0.48316699999984003,0.3506669999999712,0,12
original_validation,7c29178cab32c957,nearest_category,original_template,original_template,nearest_category,0.9999417066574097,True,True,True,True,success,none,,True,0.4686250000001113,0.3502499999998854,0,12
original_validation,d861cbea01c3262a,nearest_category,original_template,original_template,nearest_category,0.9999300241470337,True,True,True,True,success,none,,True,0.46833299999993194,0.35008300000005654,0,12
original_validation,87abd02f53725f19,nearest_category,original_template,original_template,nearest_category,0.9999326467514038,True,True,True,True,success,none,,True,0.469875000000064,0.34900000000015474,0,12
original_validation,03570ab3a87b7ea0,nearest_category,original_template,original_template,nearest_category,0.9999309778213501,True,True,True,True,success,none,,True,0.4690419999999751,0.34958299999998665,0,12
original_validation,2575f7dbafcc0bca,nearest_category,original_template,original_template,nearest_category,0.9999374151229858,True,True,True,True,success,none,,True,0.46958399999996736,0.34787499999988647,0,12
original_validation,058428d482769a80,nearest_category,original_template,original_template,nearest_category,0.9999321699142456,True,True,True,True,success,none,,True,0.49254099999984646,0.37716699999990055,0,13
original_validation,d4f9c35ca7160ae5,nearest_category,original_template,original_template,nearest_category,0.9999302625656128,True,True,True,True,success,none,,True,0.7490000000001107,0.3869999999999152,0,12
original_validation,e69274aa9e563094,nearest_category,original_template,original_template,nearest_category,0.9999312162399292,True,True,True,True,success,none,,True,0.5347909999999789,0.37887500000000074,0,12
original_validation,98528a8d593317eb,nearest_category,original_template,original_template,nearest_category,0.999937891960144,True,True,True,True,success,none,,True,0.5502499999998633,0.3872910000000118,0,12
original_validation,de2a5c1e3dc99f0d,nearest_category,original_template,original_template,nearest_category,0.9999417066574097,True,True,True,True,success,none,,True,0.5190000000001582,0.3757079999999746,0,12
original_validation,b3d92afc8dcd563c,nearest_category,original_template,original_template,nearest_category,0.9999368190765381,True,True,True,True,success,none,,True,0.5381669999999783,0.38795799999991054,0,12
original_validation,c3d4492c41b74e26,nearest_category,original_template,original_template,nearest_category,0.9999300241470337,True,True,True,True,success,none,,True,0.6211659999999508,0.3766250000001303,0,12
original_validation,7a0ce68914a2e29e,nearest_category,original_template,original_template,nearest_category,0.9999326467514038,True,True,True,True,success,none,,True,0.5195420000001505,0.37458400000001113,0,12
original_validation,b2aad5a52240da99,nearest_category,original_template,original_template,nearest_category,0.9999309778213501,True,True,True,True,success,none,,True,0.5304170000000052,0.3774579999999972,0,12
original_validation,c202d2ffd074b044,nearest_category,original_template,original_template,nearest_category,0.9999374151229858,True,True,True,True,success,none,,True,0.6229169999998341,0.4489579999999993,0,12
original_validation,7ed0c0b3ed1df0ff,nearest_category,original_template,original_template,nearest_category,0.9999321699142456,True,True,True,True,success,none,,True,0.559749999999859,0.41854200000002173,0,13
original_validation,e54c7d02d1e08cff,nearest_category,original_template,original_template,nearest_category,0.9999302625656128,True,True,True,True,success,none,,True,0.7907080000000288,0.38845799999998043,0,12
original_validation,1ef768acf18aee8b,nearest_category,original_template,original_template,nearest_category,0.9999312162399292,True,True,True,True,success,none,,True,0.5329999999998947,0.3767909999998764,0,12
original_validation,de5f8fb71f3e884d,nearest_category,original_template,original_template,nearest_category,0.999937891960144,True,True,True,True,success,none,,True,0.5325839999998916,0.3750000000000142,0,12
original_validation,829961ff2ea1fb35,nearest_category,original_template,original_template,nearest_category,0.9999417066574097,True,True,True,True,success,none,,True,0.5314590000000674,0.37679100000009846,0,12
original_validation,99513d8caca1f45b,nearest_category,original_template,original_template,nearest_category,0.9999368190765381,True,True,True,True,success,none,,True,0.5272499999999791,0.37287500000005025,0,12
original_validation,f1d15a08bf7767df,nearest_category,original_template,original_template,nearest_category,0.9999300241470337,True,True,True,True,success,none,,True,0.5241659999999371,0.37166700000001995,0,12
original_validation,78e3a7a3c27cc79a,nearest_category,original_template,original_template,nearest_category,0.9999326467514038,True,True,True,True,success,none,,True,0.523417000000137,0.3700829999999655,0,12
original_validation,adcdee58b293c544,nearest_category,original_template,original_template,nearest_category,0.9999309778213501,True,True,True,True,success,none,,True,0.530291000000016,0.3780829999999735,0,12
original_validation,582023bb0715ea3d,nearest_category,original_template,original_template,nearest_category,0.9999374151229858,True,True,True,True,success,none,,True,0.5333750000000581,0.37154199999989146,0,12
original_validation,8ada51d82226c5c4,nearest_category,original_template,original_template,nearest_category,0.9999321699142456,True,True,True,True,success,none,,True,0.543667000000081,0.3949999999999232,0,13
original_validation,fb77f34397e25fca,nearest_category,original_template,original_template,nearest_category,0.9999321699142456,True,True,True,True,success,none,,True,0.45949999999983504,0.38462500000013833,0,13
original_validation,daf51681daa8b5f5,nearest_category,original_template,original_template,nearest_category,0.9999312162399292,True,True,True,True,success,none,,True,0.45237500000006037,0.34991600000000567,0,12
original_validation,c0f30006af28c6a2,nearest_category,original_template,original_template,nearest_category,0.9999321699142456,True,True,True,True,success,none,,True,0.43987499999986746,0.37491700000003014,0,13
original_validation,64cdd520fddc70f5,nearest_category,original_template,original_template,nearest_category,0.9999312162399292,True,True,True,True,success,none,,True,0.5061250000000239,0.36779100000017273,0,12
original_validation,4df86e1d6b8fe6d0,nearest_category,original_template,original_template,nearest_category,0.9999321699142456,True,True,True,True,success,none,,True,0.464083000000004,0.3870420000000596,0,13
original_validation,6d87b26a7cc2a32e,nearest_category,original_template,original_template,nearest_category,0.9999302625656128,True,True,True,True,success,none,,True,0.6906669999999782,0.3716249999998755,0,12
original_validation,6829950c58ee1582,nearest_category,original_template,original_template,nearest_category,0.9999312162399292,True,True,True,True,success,none,,True,0.5095830000001467,0.3693329999998607,0,12
original_validation,2e078e7bc1db3190,nearest_category,original_template,original_template,nearest_category,0.999937891960144,True,True,True,True,success,none,,True,0.5205000000001458,0.3898330000000616,0,12
original_validation,79e04d60b0c3f24f,nearest_category,original_template,original_template,nearest_category,0.9999417066574097,True,True,True,True,success,none,,True,0.48216700000014434,0.35983299999986507,0,12
original_validation,86fdbeb888333c89,nearest_category,original_template,original_template,nearest_category,0.9999368190765381,True,True,True,True,success,none,,True,0.49595799999990753,0.3692499999998766,0,12
original_validation,949aae216480c5a5,nearest_category,original_template,original_template,nearest_category,0.9999300241470337,True,True,True,True,success,none,,True,0.49162499999999554,0.36166699999995444,0,12
original_validation,a7bb96997d0f4115,nearest_category,original_template,original_template,nearest_category,0.9999326467514038,True,True,True,True,success,none,,True,0.49962500000000354,0.36354100000002276,0,12
original_validation,8013ead271013235,nearest_category,original_template,original_template,nearest_category,0.9999309778213501,True,True,True,True,success,none,,True,0.5034999999999901,0.36966699999996244,0,12
original_validation,9efe5df2e6ff7535,nearest_category,original_template,original_template,nearest_category,0.9999374151229858,True,True,True,True,success,none,,True,0.4903339999999812,0.3597920000000254,0,12
original_validation,f49521d6547390cd,nearest_category,original_template,original_template,nearest_category,0.9999321699142456,True,True,True,True,success,none,,True,0.5417910000000692,0.39912499999994466,0,13
original_validation,55a86fd8d1bc30d8,nearest_category,original_template,original_template,nearest_category,0.9999302625656128,True,True,True,True,success,none,,True,0.6147499999999972,0.36966600000010175,0,12
original_validation,a8c106d049c8f609,nearest_category,original_template,original_template,nearest_category,0.9999312162399292,True,True,True,True,success,none,,True,0.4634589999998884,0.3602499999999509,0,12
original_validation,4af1a1d3388e176a,nearest_category,original_template,original_template,nearest_category,0.999937891960144,True,True,True,True,success,none,,True,0.4669580000000728,0.3587080000000409,0,12
original_validation,1e21158ec742c052,nearest_category,original_template,original_template,nearest_category,0.9999300241470337,True,True,True,True,success,none,,True,0.46008399999997174,0.35608300000000703,0,12
original_validation,8584e9886156c1f0,nearest_category,original_template,original_template,nearest_category,0.9999326467514038,True,True,True,True,success,none,,True,0.4637910000000467,0.3559170000000389,0,12
original_validation,5959b5e3feabe257,nearest_category,original_template,original_template,nearest_category,0.9999309778213501,True,True,True,True,success,none,,True,0.4638329999999691,0.35604100000008465,0,12
original_validation,28b80684014407e4,nearest_category,original_template,original_template,nearest_category,0.9999374151229858,True,True,True,True,success,none,,True,0.463416999999966,0.35879100000002495,0,12
original_validation,1d218ac63aa4a01b,nearest_category,original_template,original_template,nearest_category,0.9999321699142456,True,True,True,True,success,none,,True,0.5042499999998729,0.39474999999988825,0,13
original_validation,440950763eaa17f8,nearest_category,original_template,original_template,nearest_category,0.9999302625656128,True,True,True,True,success,none,,True,0.7430420000000826,0.3673749999999476,0,12
original_validation,d6447256bcef78f0,nearest_category,original_template,original_template,nearest_category,0.9999312162399292,True,True,True,True,success,none,,True,0.4901250000000079,0.35708299999992477,0,12
original_validation,0b612685e6fef6a0,nearest_category,original_template,original_template,nearest_category,0.999937891960144,True,True,True,True,success,none,,True,0.49725000000000463,0.3581249999999869,0,12
original_validation,2da7c540543fec21,nearest_category,original_template,original_template,nearest_category,0.9999368190765381,True,True,True,True,success,none,,True,0.4947919999997996,0.35975000000010304,0,12
original_validation,63c2c7bb0bc5cfc8,nearest_category,original_template,original_template,nearest_category,0.9999300241470337,True,True,True,True,success,none,,True,0.49399999999999444,0.3559170000000389,0,12
original_validation,468cae8776597977,nearest_category,original_template,original_template,nearest_category,0.9999326467514038,True,True,True,True,success,none,,True,0.493542000000069,0.3537499999999305,0,12
original_validation,0ec87600b17bbf86,nearest_category,original_template,original_template,nearest_category,0.9999309778213501,True,True,True,True,success,none,,True,0.49245899999994514,0.35395800000004307,0,12
original_validation,d0b0dd0d81e1a19c,nearest_category,original_template,original_template,nearest_category,0.9999374151229858,True,True,True,True,success,none,,True,0.4935829999999086,0.3542919999999228,0,12
original_validation,05f0e67b41b6bcbb,nearest_category,original_template,original_template,nearest_category,0.9999321699142456,True,True,True,True,success,none,,True,0.5245409999998785,0.3827090000001476,0,13
original_validation,25de839fb10cd25f,nearest_category,original_template,original_template,nearest_category,0.9999302625656128,True,True,True,True,success,none,,True,0.5432089999999334,0.35258300000018394,0,12
original_validation,73d5c70483c41292,nearest_category,original_template,original_template,nearest_category,0.9999312162399292,True,True,True,True,success,none,,True,0.4505830000001154,0.3552909999999798,0,12
original_validation,eab493678f0d2aa0,nearest_category,original_template,original_template,nearest_category,0.999937891960144,True,True,True,True,success,none,,True,0.4353749999999046,0.3457919999998449,0,12
original_validation,70d228a009bf08d6,nearest_category,original_template,original_template,nearest_category,0.9999368190765381,True,True,True,True,success,none,,True,0.44587500000004,0.35204200000005237,0,12
original_validation,12db27f8694ce1e1,nearest_category,original_template,original_template,nearest_category,0.9999326467514038,True,True,True,True,success,none,,True,0.44333400000007295,0.35083299999993933,0,12
original_validation,bc0f08e1e2cdaab8,nearest_category,original_template,original_template,nearest_category,0.9999309778213501,True,True,True,True,success,none,,True,0.4359999999998809,0.34320899999995547,0,12
original_validation,b8796b70fc7072f4,nearest_category,original_template,original_template,nearest_category,0.9999374151229858,True,True,True,True,success,none,,True,0.4398340000000278,0.3451670000000906,0,12
original_validation,072312e5fc2ac501,nearest_category,original_template,original_template,nearest_category,0.9999321699142456,True,True,True,True,success,none,,True,0.4697909999999972,0.3742499999999094,0,13
original_validation,9732c264836a5990,nearest_category,original_template,original_template,nearest_category,0.9999312162399292,True,True,True,True,success,none,,True,0.4606670000000257,0.34966700000005346,0,12
original_validation,d804d38ba81669e8,nearest_category,original_template,original_template,nearest_category,0.9999321699142456,True,True,True,True,success,none,,True,0.44195799999990903,0.37641700000001777,0,13
original_validation,5d3fe55acd9d5e74,nearest_category,original_template,original_template,nearest_category,0.9999312162399292,True,True,True,True,success,none,,True,0.620083000000049,0.42966700000013347,0,12
original_validation,aa0f9853b8b9be41,nearest_category,original_template,original_template,nearest_category,0.999937891960144,True,True,True,True,success,none,,True,0.4824999999999413,0.39579099999986767,0,12
original_validation,6aa2e55cc6c0fecd,nearest_category,original_template,original_template,nearest_category,0.9999368190765381,True,True,True,True,success,none,,True,0.44725000000012116,0.3633329999999102,0,12
original_validation,d37c2087fb1db4a0,nearest_category,original_template,original_template,nearest_category,0.9999300241470337,True,True,True,True,success,none,,True,0.441875000000147,0.3567920000000502,0,12
original_validation,03f8bd238bc97135,nearest_category,original_template,original_template,nearest_category,0.9999326467514038,True,True,True,True,success,none,,True,0.4384159999999415,0.35379200000007494,0,12
original_validation,adb892d62a620b14,nearest_category,original_template,original_template,nearest_category,0.9999309778213501,True,True,True,True,success,none,,True,0.43691700000003664,0.35225000000016493,0,12
original_validation,3a2335e94e1ed05b,nearest_category,original_template,original_template,nearest_category,0.9999321699142456,True,True,True,True,success,none,,True,0.4650830000001438,0.3817499999998475,0,13
original_validation,06158abee0dc6027,nearest_category,original_template,original_template,nearest_category,0.9999302625656128,True,True,True,True,success,none,,True,0.49770800000015214,0.3594590000000064,0,12
original_validation,f180a779350517a7,nearest_category,original_template,original_template,nearest_category,0.9999312162399292,True,True,True,True,success,none,,True,0.43320800000001825,0.353875000000059,0,12
original_validation,370e1471c5a79cb9,nearest_category,original_template,original_template,nearest_category,0.9999417066574097,True,True,True,True,success,none,,True,0.42716700000000607,0.354208000000078,0,12
original_validation,d4d7088b0cd06312,nearest_category,original_template,original_template,nearest_category,0.9999326467514038,True,True,True,True,success,none,,True,0.42450000000004984,0.35204200000005237,0,12
original_validation,a0456dc29a1b7d6c,nearest_category,original_template,original_template,nearest_category,0.9999321699142456,True,True,True,True,success,none,,True,0.4544159999999575,0.38091699999998063,0,13
original_validation,8028080811a31740,nearest_category,original_template,original_template,nearest_category,0.9999302625656128,True,True,True,True,success,none,,True,0.5107079999999709,0.36154099999996525,0,12
original_validation,52b070f156231ca7,nearest_category,original_template,original_template,nearest_category,0.9999300241470337,True,True,True,True,success,none,,True,0.43770900000006385,0.36079100000008246,0,12
original_validation,499752f65d5ba484,nearest_category,original_template,original_template,nearest_category,0.9999309778213501,True,True,True,True,success,none,,True,0.4337500000000105,0.3569999999999407,0,12
original_validation,dfedae8eece85f82,nearest_category,original_template,original_template,nearest_category,0.9999321699142456,True,True,True,True,success,none,,True,0.4697080000000131,0.38700000000013723,0,13
original_validation,1d7c5bf675114a85,nearest_category,original_template,original_template,nearest_category,0.9999302625656128,True,True,True,True,success,none,,True,0.6712500000001231,0.35358299999987963,0,12
original_validation,210476d7ebb4deeb,nearest_category,original_template,original_template,nearest_category,0.9999312162399292,True,True,True,True,success,none,,True,0.4842499999999639,0.34962499999990904,0,12
original_validation,cbe4c944fb011ab2,nearest_category,original_template,original_template,nearest_category,0.999937891960144,True,True,True,True,success,none,,True,0.4876659999999422,0.34870799999997537,0,12
original_validation,fd7dec2b124892bc,nearest_category,original_template,original_template,nearest_category,0.9999417066574097,True,True,True,True,success,none,,True,0.4948329999998613,0.3601669999999668,0,12
original_validation,690952dce0104321,nearest_category,original_template,original_template,nearest_category,0.9999368190765381,True,True,True,True,success,none,,True,0.48850000000011384,0.35316699999987655,0,12
original_validation,2f6718376e851af1,nearest_category,original_template,original_template,nearest_category,0.9999300241470337,True,True,True,True,success,none,,True,0.4953750000000756,0.36250000000004334,0,12
original_validation,07de97f95099fa87,nearest_category,original_template,original_template,nearest_category,0.9999326467514038,True,True,True,True,success,none,,True,0.48562500000004505,0.35654200000001524,0,12
original_validation,c1bfebd2dd8bc95a,nearest_category,original_template,original_template,nearest_category,0.9999309778213501,True,True,True,True,success,none,,True,0.47866600000001647,0.34591599999989064,0,12
original_validation,553a653ffb4bc834,nearest_category,original_template,original_template,nearest_category,0.9999374151229858,True,True,True,True,success,none,,True,0.4907080000000619,0.3527500000000128,0,12
original_validation,326e46fc6dfcfcce,nearest_category,original_template,original_template,nearest_category,0.9999321699142456,True,True,True,True,success,none,,True,0.512083000000052,0.3759169999999479,0,13
original_validation,0b40dc7204525fa2,nearest_category,original_template,original_template,nearest_category,0.9999302625656128,True,True,True,True,success,none,,True,0.6125000000001268,0.3540420000001099,0,12
original_validation,c391f97fa2428ff1,nearest_category,original_template,original_template,nearest_category,0.9999312162399292,True,True,True,True,success,none,,True,0.4922920000001163,0.3733329999999757,0,12
original_validation,f123d4a9a7028a9f,nearest_category,original_template,original_template,nearest_category,0.999937891960144,True,True,True,True,success,none,,True,0.47645800000006844,0.3586660000001185,0,12
original_validation,f691499d3555ce72,nearest_category,original_template,original_template,nearest_category,0.9999300241470337,True,True,True,True,success,none,,True,0.5148749999999147,0.38091699999998063,0,12
original_validation,e46cf59075bbdac0,nearest_category,original_template,original_template,nearest_category,0.9999326467514038,True,True,True,True,success,none,,True,0.49845800000003493,0.3794999999999771,0,12
original_validation,91625ca47d54b34c,nearest_category,original_template,original_template,nearest_category,0.9999309778213501,True,True,True,True,success,none,,True,0.4655840000000744,0.348333000000034,0,12
original_validation,7fa6157b4f000ff0,nearest_category,original_template,original_template,nearest_category,0.9999374151229858,True,True,True,True,success,none,,True,0.47245800000017546,0.35041699999993625,0,12
original_validation,e1a0e30f811671af,nearest_category,original_template,original_template,nearest_category,0.9999321699142456,True,True,True,True,success,none,,True,0.5032080000000327,0.38637499999993885,0,13
original_validation,1515196b63d5107f,nearest_category,original_template,original_template,nearest_category,0.9999302625656128,True,True,True,True,success,none,,True,0.7156669999999199,0.3587080000000409,0,12
original_validation,423f889c90eee256,nearest_category,original_template,original_template,nearest_category,0.9999312162399292,True,True,True,True,success,none,,True,0.518540999999928,0.37112499999980564,0,12
original_validation,58f69bd98085fa6a,nearest_category,original_template,original_template,nearest_category,0.999937891960144,True,True,True,True,success,none,,True,0.5303340000000212,0.38233299999990145,0,12
original_validation,13a2388f840a8c19,nearest_category,original_template,original_template,nearest_category,0.9999417066574097,True,True,True,True,success,none,,True,0.4870000000001262,0.35137500000015365,0,12
original_validation,fc236d0de71e1ef8,nearest_category,original_template,original_template,nearest_category,0.9999368190765381,True,True,True,True,success,none,,True,0.5094590000001009,0.3655840000000854,0,12
original_validation,c726c103c3bab6cb,nearest_category,original_template,original_template,nearest_category,0.9999300241470337,True,True,True,True,success,none,,True,0.5027090000000456,0.3572500000001977,0,12
original_validation,9089c645a8fcb6f9,nearest_category,original_template,original_template,nearest_category,0.9999326467514038,True,True,True,True,success,none,,True,0.5146249999998798,0.3619160000001287,0,12
original_validation,dd2991fdfbebcd57,nearest_category,original_template,original_template,nearest_category,0.9999309778213501,True,True,True,True,success,none,,True,0.512000000000068,0.35891700000001414,0,12
original_validation,8c0af886504874cf,nearest_category,original_template,original_template,nearest_category,0.9999374151229858,True,True,True,True,success,none,,True,0.5077920000000624,0.36679199999989365,0,12
original_validation,08fd5edebbd5dccb,nearest_category,original_template,original_template,nearest_category,0.9999321699142456,True,True,True,True,success,none,,True,0.5605829999999479,0.37562499999999055,0,13
original_validation,43475094b6d1e5bb,nearest_category,original_template,original_template,nearest_category,0.9999302625656128,True,True,True,True,success,none,,True,0.6501660000000076,0.36754099999991574,0,12
original_validation,7bdb132b0de5c356,nearest_category,original_template,original_template,nearest_category,0.999937891960144,True,True,True,True,success,none,,True,0.47729200000001804,0.351749999999873,0,12
original_validation,2a8eedb1f51a337d,nearest_category,original_template,original_template,nearest_category,0.9999300241470337,True,True,True,True,success,none,,True,0.4725409999999375,0.35445800000011296,0,12
original_validation,0603aebb9c14f68d,nearest_category,original_template,original_template,nearest_category,0.9999326467514038,True,True,True,True,success,none,,True,0.49399999999999444,0.36141700000014154,0,12
original_validation,b17d491f79fbd023,nearest_category,original_template,original_template,nearest_category,0.9999309778213501,True,True,True,True,success,none,,True,0.49512500000004067,0.3649580000000263,0,12
original_validation,613f18a0f4decb94,nearest_category,original_template,original_template,nearest_category,0.9999374151229858,True,True,True,True,success,none,,True,0.48887500000005524,0.36037499999985734,0,12
original_validation,6bc66d00828a7a17,nearest_category,original_template,original_template,nearest_category,0.9999321699142456,True,True,True,True,success,none,,True,0.5054579999999032,0.3870420000000596,0,13
original_validation,f2401c64c6d2e573,nearest_category,original_template,original_template,nearest_category,0.9999321699142456,True,True,True,True,success,none,,True,0.47408300000006953,0.3819580000001821,0,13
original_validation,3705a345961248fd,nearest_category,original_template,original_template,nearest_category,0.9999300241470337,True,True,True,True,success,none,,True,0.4404999999998438,0.3501660000000406,0,12
original_validation,158c045dab4fff35,nearest_category,original_template,original_template,nearest_category,0.9999321699142456,True,True,True,True,success,none,,True,0.4332910000000023,0.36891700000007965,0,13
original_validation,bb71b68e8523da86,nearest_category,original_template,original_template,nearest_category,0.9999321699142456,True,True,True,True,success,none,,True,0.4290829999999968,0.35937500000016165,0,13
original_validation,b32b71179056ff89,nearest_category,original_template,original_template,nearest_category,0.9999326467514038,True,True,True,True,success,none,,True,0.4989159999999604,0.3563339999999027,0,12
original_validation,3f9bbc927472f275,nearest_category,original_template,original_template,nearest_category,0.9999321699142456,True,True,True,True,success,none,,True,0.5096659999999087,0.41633299999999096,0,13
original_validation,81a90d48f3f0183c,nearest_category,original_template,original_template,nearest_category,0.9999302625656128,True,True,True,True,success,none,,True,0.739417000000131,0.403083999999998,0,12
original_validation,4ac4217571dba833,nearest_category,original_template,original_template,nearest_category,0.9999312162399292,True,True,True,True,success,none,,True,0.4873750000000676,0.3570419999998631,0,12
original_validation,9adf495b98ba8157,nearest_category,original_template,original_template,nearest_category,0.999937891960144,True,True,True,True,success,none,,True,0.48279199999989864,0.35233299999992695,0,12
original_validation,eae0bfd480b24350,nearest_category,original_template,original_template,nearest_category,0.9999417066574097,True,True,True,True,success,none,,True,0.4815000000000236,0.3517920000000174,0,12
original_validation,b042da8502496025,nearest_category,original_template,original_template,nearest_category,0.9999368190765381,True,True,True,True,success,none,,True,0.4811250000000822,0.35204200000005237,0,12
original_validation,02cb86dcaec72d62,nearest_category,original_template,original_template,nearest_category,0.9999300241470337,True,True,True,True,success,none,,True,0.47404200000000785,0.34975000000003753,0,12
original_validation,713b09616dba4e97,nearest_category,original_template,original_template,nearest_category,0.9999326467514038,True,True,True,True,success,none,,True,0.4770000000000607,0.3513749999999316,0,12
original_validation,dad02eae0b44b292,nearest_category,original_template,original_template,nearest_category,0.9999309778213501,True,True,True,True,success,none,,True,0.4832499999998241,0.3478750000001085,0,12
original_validation,0fa6c0bae8e0e667,nearest_category,original_template,original_template,nearest_category,0.9999374151229858,True,True,True,True,success,none,,True,0.48200000000009346,0.3523750000000714,0,12
original_validation,8fcc86d02f3d6977,nearest_category,original_template,original_template,nearest_category,0.9999321699142456,True,True,True,True,success,none,,True,0.5063329999999144,0.38008300000003103,0,13
original_validation,e43050379fa0d713,nearest_category,original_template,original_template,nearest_category,0.9999302625656128,True,True,True,True,success,none,,True,0.7549170000000771,0.41220800000019153,0,12
original_validation,b64d354abda25261,nearest_category,original_template,original_template,nearest_category,0.9999312162399292,True,True,True,True,success,none,,True,0.5134580000001332,0.3747090000001396,0,12
original_validation,6280b87acbedf0d7,nearest_category,original_template,original_template,nearest_category,0.999937891960144,True,True,True,True,success,none,,True,0.5042500000000949,0.3692499999998766,0,12
original_validation,17db62d833387abb,nearest_category,original_template,original_template,nearest_category,0.9999417066574097,True,True,True,True,success,none,,True,0.5060839999999622,0.37120800000001175,0,12
original_validation,c9ddf6a595005fda,nearest_category,original_template,original_template,nearest_category,0.9999368190765381,True,True,True,True,success,none,,True,0.5057500000000825,0.36908299999982574,0,12
original_validation,86776694a004fac4,nearest_category,original_template,original_template,nearest_category,0.9999300241470337,True,True,True,True,success,none,,True,0.5092079999999832,0.37208399999988373,0,12
original_validation,57155a5dd7631415,nearest_category,original_template,original_template,nearest_category,0.9999326467514038,True,True,True,True,success,none,,True,0.5040839999999047,0.36895800000014134,0,12
original_validation,850e92c05e17ce1c,nearest_category,original_template,original_template,nearest_category,0.9999309778213501,True,True,True,True,success,none,,True,0.5210829999999778,0.3778340000000213,0,12
original_validation,977685199ea85cce,nearest_category,original_template,original_template,nearest_category,0.9999374151229858,True,True,True,True,success,none,,True,0.5290000000000017,0.39270799999990835,0,12
original_validation,4d73035eab4e4a0f,nearest_category,original_template,original_template,nearest_category,0.9999321699142456,True,True,True,True,success,none,,True,0.5334999999999646,0.39270799999990835,0,13
original_validation,f2470a7f8e5b4afa,nearest_category,original_template,original_template,nearest_category,0.9999302625656128,True,True,True,True,success,none,,True,0.6851250000001752,0.36258400000011015,0,12
original_validation,b71cbcde1ea73bda,nearest_category,original_template,original_template,nearest_category,0.9999312162399292,True,True,True,True,success,none,,True,0.4773330000000797,0.34908299999991677,0,12
original_validation,90ecdd3347e7a071,nearest_category,original_template,original_template,nearest_category,0.999937891960144,True,True,True,True,success,none,,True,0.493875000000088,0.3561249999999294,0,12
original_validation,c8dbdb577a50807b,nearest_category,original_template,original_template,nearest_category,0.9999417066574097,True,True,True,True,success,none,,True,0.4767920000001702,0.3487090000000581,0,12
original_validation,28403934208eed6c,nearest_category,original_template,original_template,nearest_category,0.9999368190765381,True,True,True,True,success,none,,True,0.4798330000002071,0.3501249999999789,0,12
original_validation,15a862b31b8e9cca,nearest_category,original_template,original_template,nearest_category,0.9999300241470337,True,True,True,True,success,none,,True,0.48000000000003595,0.34837499999995636,0,12
original_validation,936dc7c180ef4076,nearest_category,original_template,original_template,nearest_category,0.9999326467514038,True,True,True,True,success,none,,True,0.5271659999999123,0.3918750000000415,0,12
original_validation,69149852f714e928,nearest_category,original_template,original_template,nearest_category,0.9999309778213501,True,True,True,True,success,none,,True,0.5001249999998514,0.36470899999985207,0,12
original_validation,b7fa0c1a341c8b5d,nearest_category,original_template,original_template,nearest_category,0.9999374151229858,True,True,True,True,success,none,,True,0.49358300000013067,0.3513749999999316,0,12
original_validation,44b9e19d3b018da2,nearest_category,original_template,original_template,nearest_category,0.9999321699142456,True,True,True,True,success,none,,True,0.507416999999899,0.3787500000000943,0,13
original_validation,aaec2bf7d08c4dad,nearest_category,original_template,original_template,nearest_category,0.9999302625656128,True,True,True,True,success,none,,True,0.7542920000001008,0.3710420000000436,0,12
original_validation,7f2a345fa16b8c8f,nearest_category,original_template,original_template,nearest_category,0.9999312162399292,True,True,True,True,success,none,,True,0.5242090000001642,0.36966699999996244,0,12
original_validation,963ebd9a2f14fc1b,nearest_category,original_template,original_template,nearest_category,0.999937891960144,True,True,True,True,success,none,,True,0.512000000000068,0.3638329999999801,0,12
original_validation,b26992c51ce56cc2,nearest_category,original_template,original_template,nearest_category,0.9999417066574097,True,True,True,True,success,none,,True,0.5181249999999249,0.3687089999999671,0,12
original_validation,cb6ccc53ae213d7a,nearest_category,original_template,original_template,nearest_category,0.9999368190765381,True,True,True,True,success,none,,True,0.5216660000000317,0.3639580000001086,0,12
original_validation,cd7bfff011741ac5,nearest_category,original_template,original_template,nearest_category,0.9999300241470337,True,True,True,True,success,none,,True,0.5202500000001109,0.36562499999992504,0,12
original_validation,3559cfd8baac7bd1,nearest_category,original_template,original_template,nearest_category,0.9999326467514038,True,True,True,True,success,none,,True,0.509957999999866,0.36162500000003206,0,12
original_validation,969c6fb0acdc7393,nearest_category,original_template,original_template,nearest_category,0.9999309778213501,True,True,True,True,success,none,,True,0.5259580000001041,0.3690830000000478,0,12
original_validation,81a4614ea312339a,nearest_category,original_template,original_template,nearest_category,0.9999374151229858,True,True,True,True,success,none,,True,0.5092499999999056,0.3624170000000593,0,12
original_validation,a32359928a41a792,nearest_category,original_template,original_template,nearest_category,0.9999302625656128,True,True,True,True,success,none,,True,0.6958340000000618,0.3781659999999576,0,12
original_validation,fba6efecb392b497,nearest_category,original_template,original_template,nearest_category,0.9999312162399292,True,True,True,True,success,none,,True,0.5042089999998112,0.3722500000000739,0,12
original_validation,aba3f4d395ceaa17,nearest_category,original_template,original_template,nearest_category,0.999937891960144,True,True,True,True,success,none,,True,0.510541000000142,0.37733300000009073,0,12
original_validation,3c16128db3f9b03d,nearest_category,original_template,original_template,nearest_category,0.9999417066574097,True,True,True,True,success,none,,True,0.5150000000000432,0.37270899999986007,0,12
original_validation,b9c778a153867577,nearest_category,original_template,original_template,nearest_category,0.9999368190765381,True,True,True,True,success,none,,True,0.5037079999998806,0.36654200000008075,0,12
original_validation,f073c9f23aaabe60,nearest_category,original_template,original_template,nearest_category,0.9999300241470337,True,True,True,True,success,none,,True,0.529208999999975,0.38962499999994904,0,12
original_validation,08b3bf49ada29d41,nearest_category,original_template,original_template,nearest_category,0.9999326467514038,True,True,True,True,success,none,,True,0.5092079999999832,0.3750000000000142,0,12
original_validation,9c873d9433b178cf,nearest_category,original_template,original_template,nearest_category,0.9999309778213501,True,True,True,True,success,none,,True,0.5012499999998976,0.3714580000000467,0,12
original_validation,647bea539c4ba383,nearest_category,original_template,original_template,nearest_category,0.9999374151229858,True,True,True,True,success,none,,True,0.515166999999872,0.375749999999897,0,12
original_validation,532f5b03c26d3a85,nearest_category,original_template,original_template,nearest_category,0.9999321699142456,True,True,True,True,success,none,,True,0.5260420000001709,0.40004100000001763,0,13
original_validation,f1535ec26931822e,nearest_category,original_template,original_template,nearest_category,0.9999302625656128,True,True,True,True,success,none,,True,0.6109999999999172,0.3751250000001427,0,12
original_validation,92b6c46d4f829c16,nearest_category,original_template,original_template,nearest_category,0.999937891960144,True,True,True,True,success,none,,True,0.6499170000000554,0.5310419999999816,0,12
original_validation,1e7682fc4d97ec73,nearest_category,original_template,original_template,nearest_category,0.9999417066574097,True,True,True,True,success,none,,True,0.4797919999999234,0.3774579999999972,0,12
original_validation,3ffa6a43749f1c68,nearest_category,original_template,original_template,nearest_category,0.9999326467514038,True,True,True,True,success,none,,True,0.47916699999994705,0.3747090000001396,0,12
original_validation,d1676644c5a87420,nearest_category,original_template,original_template,nearest_category,0.9999309778213501,True,True,True,True,success,none,,True,0.47512499999990965,0.37033300000000047,0,12
original_validation,7c00342200534abc,nearest_category,original_template,original_template,nearest_category,0.9999374151229858,True,True,True,True,success,none,,True,0.4683749999998543,0.3698330000001526,0,12
original_validation,2db5d9cce2e82c2e,nearest_category,original_template,original_template,nearest_category,0.9999321699142456,True,True,True,True,success,none,,True,0.48874999999992674,0.3876250000001136,0,13
original_validation,44569911003557ed,nearest_category,original_template,original_template,nearest_category,0.9999302625656128,True,True,True,True,success,none,,True,0.8547919999999376,0.3599590000000763,0,12
original_validation,675f8d2b9a2a5350,nearest_category,original_template,original_template,nearest_category,0.999937891960144,True,True,True,True,success,none,,True,0.4784579999999039,0.3509580000000678,0,12
original_validation,1b48fe99ba042b7a,nearest_category,original_template,original_template,nearest_category,0.9999368190765381,True,True,True,True,success,none,,True,0.47116699999993905,0.3497499999998155,0,12
original_validation,e6b580fda2d9dd10,nearest_category,original_template,original_template,nearest_category,0.9999300241470337,True,True,True,True,success,none,,True,0.47191699999982184,0.3487500000001198,0,12
original_validation,06a996127acd3a57,nearest_category,original_template,original_template,nearest_category,0.9999326467514038,True,True,True,True,success,none,,True,0.4775000000001306,0.35041699999993625,0,12
original_validation,0367d5941d92be7c,nearest_category,original_template,original_template,nearest_category,0.9999309778213501,True,True,True,True,success,none,,True,0.47554199999999547,0.34816700000006584,0,12
original_validation,4974f5f41ab2c53f,nearest_category,original_template,original_template,nearest_category,0.9999374151229858,True,True,True,True,success,none,,True,0.48208300000007753,0.34866700000013573,0,12
original_validation,f3481567675daccb,nearest_category,original_template,original_template,nearest_category,0.9999321699142456,True,True,True,True,success,none,,True,0.5004170000000308,0.37608300000013806,0,13
original_validation,c1c0816904b575d8,nearest_category,original_template,original_template,nearest_category,0.9999302625656128,True,True,True,True,success,none,,True,0.6474579999999897,0.35083299999993933,0,12
original_validation,6a547ec4953570e9,nearest_category,original_template,original_template,nearest_category,0.999937891960144,True,True,True,True,success,none,,True,0.4889160000001169,0.3527500000000128,0,12
original_validation,e10031838d672091,nearest_category,original_template,original_template,nearest_category,0.9999368190765381,True,True,True,True,success,none,,True,0.47491700000001913,0.3469999999998752,0,12
original_validation,66311183400b5d1a,nearest_category,original_template,original_template,nearest_category,0.9999300241470337,True,True,True,True,success,none,,True,0.46733400000009695,0.346540999999867,0,12
original_validation,c2d6a40038f38d51,nearest_category,original_template,original_template,nearest_category,0.9999326467514038,True,True,True,True,success,none,,True,0.5047080000000204,0.3722079999999295,0,12
original_validation,dee054b70b96dc2b,nearest_category,original_template,original_template,nearest_category,0.9999309778213501,True,True,True,True,success,none,,True,0.4779590000001388,0.349874999999944,0,12
original_validation,3de0d48b893762ab,nearest_category,original_template,original_template,nearest_category,0.9999374151229858,True,True,True,True,success,none,,True,0.48433399999980864,0.3515000000000601,0,12
original_validation,84f17586624b8a33,nearest_category,original_template,original_template,nearest_category,0.9999321699142456,True,True,True,True,success,none,,True,0.5094580000000182,0.3757920000000414,0,13
original_validation,eebc30cbfc499754,nearest_category,original_template,original_template,nearest_category,0.9999368190765381,True,True,True,True,success,none,,True,0.4277919999999824,0.34845800000016247,0,12
original_validation,e4abee2f017e6b4d,nearest_category,original_template,original_template,nearest_category,0.9999321699142456,True,True,True,True,success,none,,True,0.43395799999990103,0.377624999999826,0,13
original_validation,297d4312292b3349,nearest_category,original_template,original_template,nearest_category,0.9999302625656128,True,True,True,True,success,none,,True,0.6267920000000426,0.393209000000061,0,12
original_validation,d39c5fe65f3cd436,nearest_category,original_template,original_template,nearest_category,0.9999368190765381,True,True,True,True,success,none,,True,0.46999999999997044,0.3613329999998527,0,12
original_validation,1abd16d85dd92abd,nearest_category,original_template,original_template,nearest_category,0.9999300241470337,True,True,True,True,success,none,,True,0.48725000000016117,0.37437500000003787,0,12
original_validation,ac613ec230c504cf,nearest_category,original_template,original_template,nearest_category,0.9999326467514038,True,True,True,True,success,none,,True,0.5278340000001158,0.3968329999999298,0,12
original_validation,08b4d36d06b7b395,nearest_category,original_template,original_template,nearest_category,0.9999309778213501,True,True,True,True,success,none,,True,0.4838750000000225,0.37958299999996115,0,12
original_validation,1dd4b38dd06e54c0,nearest_category,original_template,original_template,nearest_category,0.9999374151229858,True,True,True,True,success,none,,True,0.4737910000001122,0.3647920000000582,0,12
original_validation,de13975aaa8b74d5,nearest_category,original_template,original_template,nearest_category,0.9999300241470337,True,True,True,True,success,none,,True,0.4799170000000519,0.356958999999879,0,12
original_validation,10a5a1a8cf3ded52,nearest_category,original_template,original_template,nearest_category,0.9999309778213501,True,True,True,True,success,none,,True,0.4220829999999065,0.35312499999995417,0,12
original_validation,76b4b126c53b5936,nearest_category,original_template,original_template,nearest_category,0.9999321699142456,True,True,True,True,success,none,,True,0.43604200000002535,0.36450000000010085,0,13
original_validation,f4c5d037230a7031,nearest_category,original_template,original_template,nearest_category,0.9999326467514038,True,True,True,True,success,none,,True,0.4464579999998719,0.34883300000010387,0,12
original_validation,f479498b8425738c,nearest_category,original_template,original_template,nearest_category,0.9999321699142456,True,True,True,True,success,none,,True,0.42608300000002153,0.36233299999999247,0,13
original_validation,7b51f9230bc33955,nearest_category,original_template,original_template,nearest_category,0.9999321699142456,True,True,True,True,success,none,,True,0.44704099999992586,0.3765419999999242,0,13
original_validation,20617d343b13fb54,nearest_category,original_template,original_template,nearest_category,0.9999302625656128,True,True,True,True,success,none,,True,0.5884170000001188,0.35366699999994644,0,12
original_validation,13c20cccb75eeccc,nearest_category,original_template,original_template,nearest_category,0.9999312162399292,True,True,True,True,success,none,,True,0.4507500000001663,0.34691700000011316,0,12
original_validation,75fdab0389eaa169,nearest_category,original_template,original_template,nearest_category,0.9999300241470337,True,True,True,True,success,none,,True,0.45874999999995225,0.3501660000000406,0,12
original_validation,10139f366421a9d0,nearest_category,original_template,original_template,nearest_category,0.9999326467514038,True,True,True,True,success,none,,True,0.4550830000000783,0.3472500000001322,0,12
original_validation,f637cfd25f956d1a,nearest_category,original_template,original_template,nearest_category,0.9999309778213501,True,True,True,True,success,none,,True,0.4588329999999363,0.35333300000006673,0,12
original_validation,0048945d3ebe0c7f,nearest_category,original_template,original_template,nearest_category,0.9999374151229858,True,True,True,True,success,none,,True,0.44841600000000703,0.3464579999998829,0,12
original_validation,10cb2d847ebb0fca,nearest_category,original_template,original_template,nearest_category,0.9999321699142456,True,True,True,True,success,none,,True,0.47525000000003814,0.3708340000001531,0,13
original_validation,a2bea86b26857350,nearest_category,original_template,original_template,nearest_category,0.9999302625656128,True,True,True,True,success,none,,True,0.683416999999853,0.3527920000001572,0,12
original_validation,8eb044c5eff9a201,nearest_category,original_template,original_template,nearest_category,0.9999312162399292,True,True,True,True,success,none,,True,0.49175000000012403,0.3521660000000981,0,12
original_validation,5081eb5241c3698c,nearest_category,original_template,original_template,nearest_category,0.999937891960144,True,True,True,True,success,none,,True,0.49112499999992565,0.3518339999999398,0,12
original_validation,19f11e4b6af4d69c,nearest_category,original_template,original_template,nearest_category,0.9999417066574097,True,True,True,True,success,none,,True,0.49154099999992873,0.35437499999990685,0,12
original_validation,113fbfc0780002ec,nearest_category,original_template,original_template,nearest_category,0.9999368190765381,True,True,True,True,success,none,,True,0.49412500000012294,0.3543340000000672,0,12
original_validation,958a23cda7027117,nearest_category,original_template,original_template,nearest_category,0.9999300241470337,True,True,True,True,success,none,,True,0.5090409999999324,0.3707080000001639,0,12
original_validation,659e046a5e2d0a68,nearest_category,original_template,original_template,nearest_category,0.9999326467514038,True,True,True,True,success,none,,True,0.49533400000001393,0.35195799999998556,0,12
original_validation,1f849ac2fe63bd4d,nearest_category,original_template,original_template,nearest_category,0.9999309778213501,True,True,True,True,success,none,,True,0.49804200000003185,0.3510410000000519,0,12
original_validation,128c07d89790cd1c,nearest_category,original_template,original_template,nearest_category,0.9999374151229858,True,True,True,True,success,none,,True,0.48599999999998644,0.3508340000000221,0,12
original_validation,64f39a9806b92a45,nearest_category,original_template,original_template,nearest_category,0.9999321699142456,True,True,True,True,success,none,,True,0.5165000000000308,0.38320799999991273,0,13
original_validation,2f19c030534abfa0,nearest_category,original_template,original_template,nearest_category,0.9999302625656128,True,True,True,True,success,none,,True,0.6952499999999251,0.3622920000001528,0,12
original_validation,2c21a7e27562188a,nearest_category,original_template,original_template,nearest_category,0.999937891960144,True,True,True,True,success,none,,True,0.4647080000002024,0.34962499999990904,0,12
original_validation,779f2f27e94f4a72,nearest_category,original_template,original_template,nearest_category,0.9999368190765381,True,True,True,True,success,none,,True,0.5656659999999647,0.4276250000001536,0,12
original_validation,62ec43ce8e59dfb0,nearest_category,original_template,original_template,nearest_category,0.9999300241470337,True,True,True,True,success,none,,True,0.523667000000172,0.3984999999999683,0,12
original_validation,a621f268be135742,nearest_category,original_template,original_template,nearest_category,0.9999326467514038,True,True,True,True,success,none,,True,0.49054200000009374,0.3618329999999226,0,12
original_validation,a811659960291cc6,nearest_category,original_template,original_template,nearest_category,0.9999309778213501,True,True,True,True,success,none,,True,0.4747920000001127,0.3543750000001289,0,12
original_validation,c8c0004b02afb766,nearest_category,original_template,original_template,nearest_category,0.9999374151229858,True,True,True,True,success,none,,True,0.46691700000001113,0.35116699999981904,0,12
original_validation,73ed052871520df6,nearest_category,original_template,original_template,nearest_category,0.9999321699142456,True,True,True,True,success,none,,True,0.49641699999991573,0.37900000000012923,0,13
original_validation,a3f600ba7c095368,nearest_category,original_template,original_template,nearest_category,0.9999312162399292,True,True,True,True,success,none,,True,0.4574999999999996,0.3459169999999734,0,12
original_validation,6def172947be8212,nearest_category,original_template,original_template,nearest_category,0.9999300241470337,True,True,True,True,success,none,,True,0.4070000000000462,0.34399999999989994,0,12
original_validation,70bbd5b481822970,nearest_category,original_template,original_template,nearest_category,0.9999302625656128,True,True,True,True,success,none,,True,0.6909999999999972,0.35283299999999684,0,12
original_validation,780a3f533296b5de,nearest_category,original_template,original_template,nearest_category,0.9999312162399292,True,True,True,True,success,none,,True,0.48804100000010564,0.34874999999989775,0,12
original_validation,c816ed23520adedf,nearest_category,original_template,original_template,nearest_category,0.999937891960144,True,True,True,True,success,none,,True,0.49254200000015125,0.35116699999981904,0,12
original_validation,db53a830329bd0dd,nearest_category,original_template,original_template,nearest_category,0.9999417066574097,True,True,True,True,success,none,,True,0.48800000000004395,0.34683300000004635,0,12
original_validation,cdb8d83a354a8f33,nearest_category,original_template,original_template,nearest_category,0.9999368190765381,True,True,True,True,success,none,,True,0.49041699999996524,0.3534590000000559,0,12
original_validation,0c642648d88adbf2,nearest_category,original_template,original_template,nearest_category,0.9999300241470337,True,True,True,True,success,none,,True,0.48587500000008,0.34662500000015584,0,12
original_validation,65b1839b7212a31c,nearest_category,original_template,original_template,nearest_category,0.9999326467514038,True,True,True,True,success,none,,True,0.48712500000003267,0.3473329999998942,0,12
original_validation,3266b9efb789ae22,nearest_category,original_template,original_template,nearest_category,0.9999309778213501,True,True,True,True,success,none,,True,0.48433299999994794,0.34800000000001496,0,12
original_validation,9f1e7a15a201befc,nearest_category,original_template,original_template,nearest_category,0.9999374151229858,True,True,True,True,success,none,,True,0.48279100000003794,0.34395899999983826,0,12
original_validation,90e2fee9692563a5,nearest_category,original_template,original_template,nearest_category,0.9999321699142456,True,True,True,True,success,none,,True,0.5118330000000171,0.3736669999998554,0,13
original_validation,b5a65e076e5394f9,nearest_category,original_template,original_template,nearest_category,0.9999302625656128,True,True,True,True,success,none,,True,0.6115419999999094,0.35616700000007384,0,12
original_validation,cf05340bab64cf00,nearest_category,original_template,original_template,nearest_category,0.9999312162399292,True,True,True,True,success,none,,True,0.46445900000002815,0.355749999999988,0,12
original_validation,aba1a3f07db56b01,nearest_category,original_template,original_template,nearest_category,0.999937891960144,True,True,True,True,success,none,,True,0.4620829999999465,0.3495000000000026,0,12
original_validation,8af1a76daa72f610,nearest_category,original_template,original_template,nearest_category,0.9999417066574097,True,True,True,True,success,none,,True,0.46650000000014735,0.35079199999987765,0,12
original_validation,aa243ea95cd1b45b,nearest_category,original_template,original_template,nearest_category,0.9999326467514038,True,True,True,True,success,none,,True,0.4564579999999374,0.34558299999987163,0,12
original_validation,ac35280eaddc5998,nearest_category,original_template,original_template,nearest_category,0.9999309778213501,True,True,True,True,success,none,,True,0.4579999999998474,0.34729200000005456,0,12
original_validation,3d0f219581760eef,nearest_category,original_template,original_template,nearest_category,0.9999374151229858,True,True,True,True,success,none,,True,0.4577919999999569,0.34395799999997756,0,12
original_validation,8ecebcf796a11874,nearest_category,original_template,original_template,nearest_category,0.9999321699142456,True,True,True,True,success,none,,True,0.4844999999999988,0.3718329999999881,0,13
original_validation,ee65ef2b263b1cf6,nearest_category,original_template,original_template,nearest_category,0.9999302625656128,True,True,True,True,success,none,,True,0.4797910000000627,0.35200000000013,0,12
original_validation,24f5f3f5ef5c1437,nearest_category,original_template,original_template,nearest_category,0.9999326467514038,True,True,True,True,success,none,,True,0.4777080000000211,0.37204199999996135,0,12
original_validation,59d38fb4388b4784,nearest_category,original_template,original_template,nearest_category,0.9999321699142456,True,True,True,True,success,none,,True,0.467749999999878,0.38158300000001866,0,13
original_validation,72773c97a67eaeae,nearest_category,original_template,original_template,nearest_category,0.9999302625656128,True,True,True,True,success,none,,True,0.7253330000001057,0.3689159999999969,0,12
original_validation,b1a15598d673b601,nearest_category,original_template,original_template,nearest_category,0.9999312162399292,True,True,True,True,success,none,,True,0.5119160000000011,0.3642079999999215,0,12
original_validation,c3865810c6dc4bb3,nearest_category,original_template,original_template,nearest_category,0.999937891960144,True,True,True,True,success,none,,True,0.5093750000000341,0.36379200000014045,0,12
original_validation,40be8a77bc4c7acc,nearest_category,original_template,original_template,nearest_category,0.9999417066574097,True,True,True,True,success,none,,True,0.5073749999999766,0.36324999999992613,0,12
original_validation,fa856172aa494436,nearest_category,original_template,original_template,nearest_category,0.9999368190765381,True,True,True,True,success,none,,True,0.5072500000000701,0.3621659999999416,0,12
original_validation,b62c2c63fdbce073,nearest_category,original_template,original_template,nearest_category,0.9999300241470337,True,True,True,True,success,none,,True,0.5032919999998775,0.3617089999998768,0,12
original_validation,c4ca5b109662e2d7,nearest_category,original_template,original_template,nearest_category,0.9999326467514038,True,True,True,True,success,none,,True,0.5092500000001277,0.36274999999985624,0,12
original_validation,bb9a6ac1540b2580,nearest_category,original_template,original_template,nearest_category,0.9999309778213501,True,True,True,True,success,none,,True,0.5048340000000096,0.3589999999999982,0,12
original_validation,553855f974e349cc,nearest_category,original_template,original_template,nearest_category,0.9999374151229858,True,True,True,True,success,none,,True,0.5078339999999848,0.36120899999980693,0,12
original_validation,e0b7552c2c046470,nearest_category,original_template,original_template,nearest_category,0.9999321699142456,True,True,True,True,success,none,,True,0.5364169999999557,0.39320799999997824,0,13
original_validation,22a0fb9a4448341e,nearest_category,original_template,original_template,nearest_category,0.9999302625656128,True,True,True,True,success,none,,True,0.6646249999999743,0.35041699999993625,0,12
original_validation,b2487d00769135ab,nearest_category,original_template,original_template,nearest_category,0.9999312162399292,True,True,True,True,success,none,,True,0.4753749999999446,0.34733300000011624,0,12
original_validation,0a13ab85ee7b6427,nearest_category,original_template,original_template,nearest_category,0.999937891960144,True,True,True,True,success,none,,True,0.48595800000006406,0.3460420000001019,0,12
original_validation,bc2ee8228ccf5711,nearest_category,original_template,original_template,nearest_category,0.9999417066574097,True,True,True,True,success,none,,True,0.47391600000001866,0.3454580000001872,0,12
original_validation,91658636ed3dac62,nearest_category,original_template,original_template,nearest_category,0.9999300241470337,True,True,True,True,success,none,,True,0.48429100000002556,0.35683399999997256,0,12
original_validation,b407d75beb9760f4,nearest_category,original_template,original_template,nearest_category,0.9999326467514038,True,True,True,True,success,none,,True,0.48629099999986103,0.35295800000012534,0,12
original_validation,cf4b7d1eaf9cfaa6,nearest_category,original_template,original_template,nearest_category,0.9999309778213501,True,True,True,True,success,none,,True,0.4975000000000396,0.35650000000009285,0,12
original_validation,7b8e0b0744be95a5,nearest_category,original_template,original_template,nearest_category,0.9999374151229858,True,True,True,True,success,none,,True,0.48566699999996743,0.3487090000000581,0,12
original_validation,986d558110608400,nearest_category,original_template,original_template,nearest_category,0.9999321699142456,True,True,True,True,success,none,,True,0.5083749999998943,0.37683300000002085,0,13
original_validation,137755b0bfbd347f,nearest_category,original_template,original_template,nearest_category,0.9999302625656128,True,True,True,True,success,none,,True,0.5812080000000552,0.3667500000001933,0,12
original_validation,75e672e2e80ce8af,nearest_category,original_template,original_template,nearest_category,0.999937891960144,True,True,True,True,success,none,,True,0.4706250000001688,0.3688749999999352,0,12
original_validation,816d6d72edbc1f9f,nearest_category,original_template,original_template,nearest_category,0.9999417066574097,True,True,True,True,success,none,,True,0.47837499999991984,0.37250000000010886,0,12
original_validation,9801b3f5f6ec3bc1,nearest_category,original_template,original_template,nearest_category,0.9999300241470337,True,True,True,True,success,none,,True,0.4552499999999071,0.35816599999982657,0,12
original_validation,273e106784e4cbca,nearest_category,original_template,original_template,nearest_category,0.9999326467514038,True,True,True,True,success,none,,True,0.4884170000001298,0.37591599999986514,0,12
original_validation,bd46cd70caae594a,nearest_category,original_template,original_template,nearest_category,0.9999309778213501,True,True,True,True,success,none,,True,0.47104099999994986,0.35874999999996326,0,12
original_validation,cd7fff69d45e96d0,nearest_category,original_template,original_template,nearest_category,0.9999321699142456,True,True,True,True,success,none,,True,0.5241250000000974,0.4025830000000674,0,13
original_validation,3c6a4dea75431be1,nearest_category,original_template,original_template,nearest_category,0.9999302625656128,True,True,True,True,success,none,,True,0.4885420000000362,0.3525829999999619,0,12
original_validation,0064d0d985e996bd,nearest_category,original_template,original_template,nearest_category,0.9999417066574097,True,True,True,True,success,none,,True,0.4192090000001425,0.34587499999982896,0,12
original_validation,83da2b164d68640b,nearest_category,original_template,original_template,nearest_category,0.9999326467514038,True,True,True,True,success,none,,True,0.4166670000000927,0.34199999999984243,0,12
original_validation,d6ce6aff0cea9e22,nearest_category,original_template,original_template,nearest_category,0.9999321699142456,True,True,True,True,success,none,,True,0.4430420000001156,0.3719580000001166,0,13
original_validation,0dfc7e57a4a5c629,nearest_category,original_template,original_template,nearest_category,0.9999302625656128,True,True,True,True,success,none,,True,0.4513749999999206,0.35399999999996545,0,12
original_validation,8ff9837f461b2529,nearest_category,original_template,original_template,nearest_category,0.9999321699142456,True,True,True,True,success,none,,True,0.4234160000000653,0.3627500000000783,0,13
original_validation,8f1851ba32b13a05,nearest_category,original_template,original_template,nearest_category,0.9999302625656128,True,True,True,True,success,none,,True,0.6186660000000455,0.361542000000048,0,12
original_validation,ad39c489ed0a1ed4,nearest_category,original_template,original_template,nearest_category,0.999937891960144,True,True,True,True,success,none,,True,0.46720899999996846,0.3553329999999022,0,12
original_validation,0c6d03a24b847718,nearest_category,original_template,original_template,nearest_category,0.9999368190765381,True,True,True,True,success,none,,True,0.4654580000000852,0.355749999999988,0,12
original_validation,240f83693ee6e985,nearest_category,original_template,original_template,nearest_category,0.9999300241470337,True,True,True,True,success,none,,True,0.4777919999998659,0.36379200000014045,0,12
original_validation,1b41f79a5b4e7607,nearest_category,original_template,original_template,nearest_category,0.9999326467514038,True,True,True,True,success,none,,True,0.46954099999996224,0.35312499999995417,0,12
original_validation,f54c1bed1cb584fd,nearest_category,original_template,original_template,nearest_category,0.9999309778213501,True,True,True,True,success,none,,True,0.4702089999999437,0.3541249999998719,0,12
original_validation,8472e3a27793d2a2,nearest_category,original_template,original_template,nearest_category,0.9999374151229858,True,True,True,True,success,none,,True,0.46954099999996224,0.35674999999990575,0,12
original_validation,24ec9b836fca1a2b,nearest_category,original_template,original_template,nearest_category,0.9999321699142456,True,True,True,True,success,none,,True,0.4981669999999383,0.38349999999987006,0,13
original_validation,37dd2c010295e948,nearest_category,original_template,original_template,nearest_category,0.9999417066574097,True,True,True,True,success,none,,True,0.4329579999999833,0.34395799999997756,0,12
original_validation,3b63a48c1b4e90f8,nearest_category,original_template,original_template,nearest_category,0.9999321699142456,True,True,True,True,success,none,,True,0.43999999999999595,0.3786660000000275,0,13
original_validation,72b7490b99a0d4d0,nearest_category,original_template,original_template,nearest_category,0.9999302625656128,True,True,True,True,success,none,,True,0.5312920000000165,0.34366699999988093,0,12
original_validation,89363e8be81470ca,nearest_category,original_template,original_template,nearest_category,0.9999312162399292,True,True,True,True,success,none,,True,0.434207999999936,0.3369999999998097,0,12
original_validation,31191ffcd6cb1155,nearest_category,original_template,original_template,nearest_category,0.999937891960144,True,True,True,True,success,none,,True,0.43995899999993426,0.35004199999999486,0,12
original_validation,8a604ffc4edb4bb1,nearest_category,original_template,original_template,nearest_category,0.9999326467514038,True,True,True,True,success,none,,True,0.4385839999998531,0.34254200000005675,0,12
original_validation,330e4b72527f9c39,nearest_category,original_template,original_template,nearest_category,0.9999309778213501,True,True,True,True,success,none,,True,0.4478750000000975,0.35120899999996347,0,12
original_validation,e234b13fe27f3a61,nearest_category,original_template,original_template,nearest_category,0.9999321699142456,True,True,True,True,success,none,,True,0.4431250000000997,0.35170900000003336,0,13
original_validation,12d3fef3c45e2329,nearest_category,original_template,original_template,nearest_category,0.9999300241470337,True,True,True,True,success,none,,True,0.43683400000005257,0.3389169999998831,0,12
original_validation,9e65d4736c4511a0,nearest_category,original_template,original_template,nearest_category,0.9999326467514038,True,True,True,True,success,none,,True,0.4022089999999867,0.33725000000006666,0,12
original_validation,3d4297623ee45b11,nearest_category,original_template,original_template,nearest_category,0.9999321699142456,True,True,True,True,success,none,,True,0.4204170000001728,0.35204200000005237,0,13
original_validation,2b263a4723967552,nearest_category,original_template,original_template,nearest_category,0.9999302625656128,True,True,True,True,success,none,,True,0.482207999999984,0.3386249999999258,0,12
original_validation,7812ef51a9fe5a5b,nearest_category,original_template,original_template,nearest_category,0.9999300241470337,True,True,True,True,success,none,,True,0.4213330000000237,0.33725000000006666,0,12
original_validation,0da19be897221375,nearest_category,original_template,original_template,nearest_category,0.9999326467514038,True,True,True,True,success,none,,True,0.4249169999999136,0.33954099999999876,0,12
original_validation,3bb8527bc4b76438,nearest_category,original_template,original_template,nearest_category,0.9999374151229858,True,True,True,True,success,none,,True,0.4589159999999204,0.3761669999999828,0,12
original_validation,749b1c641e62a92e,nearest_category,original_template,original_template,nearest_category,0.9999321699142456,True,True,True,True,success,none,,True,0.4502500000000964,0.36412500000015946,0,13
original_validation,362f081041d1d7d0,nearest_category,original_template,original_template,nearest_category,0.9999321699142456,True,True,True,True,success,none,,True,0.4631670000001531,0.35724999999997564,0,13
original_validation,c580230849b8f2a5,nearest_category,original_template,original_template,nearest_category,0.9999302625656128,True,True,True,True,success,none,,True,0.42341599999984325,0.3490419999998551,0,12
original_validation,c6cdc48d2db05322,nearest_category,original_template,original_template,nearest_category,0.9999300241470337,True,True,True,True,success,none,,True,0.4469160000000194,0.34100000000014674,0,12
original_validation,0b48408bb35177be,nearest_category,original_template,original_template,nearest_category,0.9999321699142456,True,True,True,True,success,none,,True,0.4306670000000512,0.3584999999999283,0,13
original_validation,bfdcbf95b73b36f1,nearest_category,original_template,original_template,nearest_category,0.9999321699142456,True,True,True,True,success,none,,True,0.4962920000000093,0.3882920000000123,0,13
original_validation,fff849dce88c4b12,nearest_category,original_template,original_template,nearest_category,0.9999302625656128,True,True,True,True,success,none,,True,0.48266599999990945,0.34724999999991013,0,12
original_validation,eea57c1a17880735,nearest_category,original_template,original_template,nearest_category,0.9999300241470337,True,True,True,True,success,none,,True,0.41758399999980433,0.3437920000000094,0,12
original_validation,fb446af4831fe6d7,nearest_category,original_template,original_template,nearest_category,0.9999326467514038,True,True,True,True,success,none,,True,0.41883300000011836,0.34258300000011843,0,12
original_validation,79363bcf8865c1de,nearest_category,original_template,original_template,nearest_category,0.9999374151229858,True,True,True,True,success,none,,True,0.4149579999999098,0.3426669999999632,0,12
original_validation,e302c8b478fc0521,nearest_category,original_template,original_template,nearest_category,0.9999321699142456,True,True,True,True,success,none,,True,0.44758299999991813,0.37045899999998966,0,13
original_validation,9dcc303d233df3fb,cardinal_direction,original_template,original_template,cardinal_direction,0.9999445676803589,True,True,True,True,success,none,,True,0.6874580000000297,0.341291999999882,0,9
original_validation,796211fa99dc1ceb,cardinal_direction,original_template,original_template,cardinal_direction,0.9999445676803589,True,True,True,True,success,none,,True,0.4666250000000538,0.3300420000000859,0,9
original_validation,186f32b8dc045062,cardinal_direction,original_template,original_template,cardinal_direction,0.9999445676803589,True,True,True,True,success,none,,True,0.4568749999998012,0.3238750000000845,0,9
original_validation,83e2c199d47f8d55,cardinal_direction,original_template,original_template,cardinal_direction,0.9999445676803589,True,True,True,True,success,none,,True,0.3633329999999102,0.2974589999999999,0,9
original_validation,89c169aadacbaafb,cardinal_direction,original_template,original_template,cardinal_direction,0.9999445676803589,True,True,True,True,success,none,,True,0.5606670000000147,0.30900000000011474,0,9
original_validation,d57c6248f15d53b0,cardinal_direction,original_template,original_template,cardinal_direction,0.9999445676803589,True,True,True,True,success,none,,True,0.43474999999992825,0.32241700000001927,0,9
original_validation,c5fa8b007b22576f,cardinal_direction,original_template,original_template,cardinal_direction,0.9999445676803589,True,True,True,True,success,none,,True,0.4266669999999362,0.3115000000000201,0,9
original_validation,0f54c9a279349db5,cardinal_direction,original_template,original_template,cardinal_direction,0.9999445676803589,True,True,True,True,success,none,,True,0.37924999999994213,0.31120800000006277,0,9
original_validation,7b2eb4efc25fe6d2,cardinal_direction,original_template,original_template,cardinal_direction,0.9999445676803589,True,True,True,True,success,none,,True,0.41037499999996285,0.32516699999995957,0,9
original_validation,c84c06e99b173f00,cardinal_direction,original_template,original_template,cardinal_direction,0.9999445676803589,True,True,True,True,success,none,,True,0.36958299999989563,0.3086669999998737,0,9
original_validation,8211b04d4d1d057f,cardinal_direction,original_template,original_template,cardinal_direction,0.9999445676803589,True,True,True,True,success,none,,True,0.3759169999999479,0.31570800000002563,0,9
original_validation,ceffee50f3e1f936,cardinal_direction,original_template,original_template,cardinal_direction,0.9999445676803589,True,True,True,False,ambiguous,identity,referenced_entity_ambiguous,False,0.5246249999999453,0.33095900000001954,0,9
original_validation,5bb0b2ff41975056,cardinal_direction,original_template,original_template,cardinal_direction,0.9999445676803589,True,True,True,True,success,none,,True,0.425542000000112,0.3232090000000465,0,9
original_validation,828e57d3d13bce32,cardinal_direction,original_template,original_template,cardinal_direction,0.9999445676803589,True,True,True,True,success,none,,True,0.43445900000005366,0.3329170000001547,0,9
original_validation,9f4cefb677c2dd5f,cardinal_direction,original_template,original_template,cardinal_direction,0.9999445676803589,True,True,True,True,success,none,,True,0.6659589999999938,0.3043750000000234,0,9
original_validation,14c265ec2c584787,cardinal_direction,original_template,original_template,cardinal_direction,0.9999445676803589,True,True,True,True,success,none,,True,0.45966700000010796,0.3113329999999692,0,9
original_validation,de8dca6b0e565e5b,cardinal_direction,original_template,original_template,cardinal_direction,0.9999445676803589,True,True,True,True,success,none,,True,0.4712919999998455,0.3246669999998897,0,9
original_validation,32d804acf0a2a8e3,cardinal_direction,original_template,original_template,cardinal_direction,0.9999445676803589,True,True,True,True,success,none,,True,0.7553330000000802,0.385542000000072,0,9
original_validation,d0e8bffe92720465,cardinal_direction,original_template,original_template,cardinal_direction,0.9999445676803589,True,True,True,True,success,none,,True,0.5122920000000253,0.37391699999989036,0,9
original_validation,8d2579b17f4aa867,cardinal_direction,original_template,original_template,cardinal_direction,0.9999445676803589,True,True,True,True,success,none,,True,0.47166700000000894,0.3368749999999032,0,9
original_validation,7d8e4827a65a50ef,cardinal_direction,original_template,original_template,cardinal_direction,0.9999445676803589,True,True,True,True,success,none,,True,0.40883300000005285,0.31650000000005285,0,9
original_validation,d833a16835b8a8b1,cardinal_direction,original_template,original_template,cardinal_direction,0.9999445676803589,True,True,True,True,success,none,,True,0.38604100000005914,0.3252910000000053,0,9
original_validation,2f508c5629907feb,cardinal_direction,original_template,original_template,cardinal_direction,0.9999445676803589,True,True,True,True,success,none,,True,0.37637499999987334,0.31495900000000354,0,9
original_validation,a308bf3a3018fedb,cardinal_direction,original_template,original_template,cardinal_direction,0.9999445676803589,True,True,True,True,success,none,,True,0.3940829999999895,0.3118749999999615,0,9
original_validation,f03c45e61e1e156e,cardinal_direction,original_template,original_template,cardinal_direction,0.9999445676803589,True,True,True,True,success,none,,True,0.3825419999998747,0.3242500000000259,0,9
original_validation,11632ab9ed8ac9b0,cardinal_direction,original_template,original_template,cardinal_direction,0.9999445676803589,True,True,True,True,success,none,,True,0.3737919999999839,0.314541000000057,0,9
original_validation,b60df5f7eef69539,cardinal_direction,original_template,original_template,cardinal_direction,0.9999445676803589,True,True,True,True,success,none,,True,0.46037500000006837,0.3317910000000257,0,9
original_validation,d69a2c4ff3254d2a,cardinal_direction,original_template,original_template,cardinal_direction,0.9999445676803589,True,True,True,True,success,none,,True,0.4003750000001194,0.3287500000002108,0,9
original_validation,cc2d7f0eefa593c8,cardinal_direction,original_template,original_template,cardinal_direction,0.9999445676803589,True,True,True,True,success,none,,True,0.4032919999998885,0.33141700000016705,0,9
original_validation,4cf6985a1ff9e329,cardinal_direction,original_template,original_template,cardinal_direction,0.9999445676803589,True,True,True,True,success,none,,True,0.4307089999999736,0.3256659999999467,0,9
original_validation,c5b0bbcc4f46da2a,cardinal_direction,original_template,original_template,cardinal_direction,0.9999445676803589,True,True,True,True,success,none,,True,0.3758750000000255,0.31229099999996457,0,9
original_validation,1b971be96a702f09,cardinal_direction,original_template,original_template,cardinal_direction,0.9999445676803589,True,True,True,True,success,none,,True,0.37045899999998966,0.3078750000000685,0,9
original_validation,c40063efa24b7c4b,cardinal_direction,original_template,original_template,cardinal_direction,0.9999445676803589,True,True,True,True,success,none,,True,0.6104170000000853,0.32995800000001907,0,9
original_validation,96bd43648da2eeba,cardinal_direction,original_template,original_template,cardinal_direction,0.9999445676803589,True,True,True,True,success,none,,True,0.43662499999985727,0.31887500000005176,0,9
original_validation,909d95bf8086800a,cardinal_direction,original_template,original_template,cardinal_direction,0.9999445676803589,True,True,True,True,success,none,,True,0.43095900000000853,0.3130000000000077,0,9
original_validation,0c5ac8bedcd28442,cardinal_direction,original_template,original_template,cardinal_direction,0.9999445676803589,True,True,True,True,success,none,,True,0.3909159999999634,0.32441599999999404,0,9
original_validation,7069e9145f74c961,cardinal_direction,original_template,original_template,cardinal_direction,0.9999445676803589,True,True,True,True,success,none,,True,0.3690419999999861,0.3157910000000097,0,9
original_validation,845dcc4f5309caa4,cardinal_direction,original_template,original_template,cardinal_direction,0.9999445676803589,True,True,True,True,success,none,,True,0.4318330000001591,0.3170420000000451,0,9
original_validation,cf21d417a42055ff,cardinal_direction,original_template,original_template,cardinal_direction,0.9999445676803589,True,True,True,True,success,none,,True,0.38175000000006953,0.31391599999985864,0,9
original_validation,49f948b44e6bc9ce,cardinal_direction,original_template,original_template,cardinal_direction,0.9999445676803589,True,True,True,True,success,none,,True,0.38254200000009675,0.31608299999996703,0,9
original_validation,7e9e152d896a7f15,cardinal_direction,original_template,original_template,cardinal_direction,0.9999445676803589,True,True,True,True,success,none,,True,0.4038750000001645,0.33041700000002727,0,9
original_validation,2ae467a4ed2cee82,cardinal_direction,original_template,original_template,cardinal_direction,0.9999445676803589,True,True,True,True,success,none,,True,0.38533399999995943,0.3322079999998895,0,9
original_validation,29796f420fbc0dc3,cardinal_direction,original_template,original_template,cardinal_direction,0.9999445676803589,True,True,True,True,success,none,,True,0.37816700000004033,0.3097499999999975,0,9
original_validation,b2ef8b30a419ec86,cardinal_direction,original_template,original_template,cardinal_direction,0.9999445676803589,True,True,True,True,success,none,,True,0.38000000000004697,0.3207080000000584,0,9
original_validation,2dd6edfe48dfbf44,cardinal_direction,original_template,original_template,cardinal_direction,0.9999445676803589,True,True,True,True,success,none,,True,0.3718329999999881,0.3190829999999423,0,9
original_validation,3cf597b9bd0f226d,cardinal_direction,original_template,original_template,cardinal_direction,0.9999445676803589,True,True,True,False,ambiguous,identity,referenced_entity_ambiguous,False,0.6736669999998224,0.3376659999998477,0,9
original_validation,800cea8ec0cc6e74,cardinal_direction,original_template,original_template,cardinal_direction,0.9999445676803589,True,True,True,True,success,none,,True,0.4620829999999465,0.32799999999988394,0,9
original_validation,862860feee0108c6,cardinal_direction,original_template,original_template,cardinal_direction,0.9999445676803589,True,True,True,True,success,none,,True,0.45824999999988236,0.329542000000016,0,9
original_validation,20245d4b5e537f61,cardinal_direction,original_template,original_template,cardinal_direction,0.9999445676803589,True,True,True,True,success,none,,True,0.6528330000001858,0.3260000000000485,0,9
original_validation,8bc062dadfb1efa0,cardinal_direction,original_template,original_template,cardinal_direction,0.9999445676803589,True,True,True,True,success,none,,True,0.5007089999999881,0.34608400000002426,0,9
original_validation,96ea80da280f184a,cardinal_direction,original_template,original_template,cardinal_direction,0.9999445676803589,True,True,True,False,ambiguous,identity,referenced_entity_ambiguous,False,0.4707500000000753,0.33804100000001114,0,9
original_validation,2de5e4a720133fbe,cardinal_direction,original_template,original_template,cardinal_direction,0.9999445676803589,True,True,True,True,success,none,,True,0.5639159999999421,0.32999999999994145,0,9
original_validation,620635bbfb1dca95,cardinal_direction,original_template,original_template,cardinal_direction,0.9999445676803589,True,True,True,True,success,none,,True,0.43416700000009634,0.3261249999999549,0,9
original_validation,8d7debdc00206c76,cardinal_direction,original_template,original_template,cardinal_direction,0.9999445676803589,True,True,True,True,success,none,,True,0.4137919999998019,0.31175000000005504,0,9
original_validation,56b1eba1a1cad7e8,cardinal_direction,original_template,original_template,cardinal_direction,0.9999445676803589,True,True,True,False,ambiguous,identity,referenced_entity_ambiguous,False,0.6091249999999881,0.31195799999994556,0,9
original_validation,255a3e39192a99ba,cardinal_direction,original_template,original_template,cardinal_direction,0.9999445676803589,True,True,True,True,success,none,,True,0.46641699999994124,0.33362499999989303,0,9
original_validation,ca2e0525697133b0,cardinal_direction,original_template,original_template,cardinal_direction,0.9999445676803589,True,True,True,True,success,none,,True,0.45562500000007056,0.3281669999999348,0,9
original_validation,8b51d2dc00a1955e,cardinal_direction,original_template,original_template,cardinal_direction,0.9999445676803589,True,True,True,False,ambiguous,identity,referenced_entity_ambiguous,False,0.5522499999999209,0.31120800000006277,0,9
original_validation,6f63e6001afb8898,cardinal_direction,original_template,original_template,cardinal_direction,0.9999445676803589,True,True,True,True,success,none,,True,0.44191699999984735,0.3289159999999569,0,9
original_validation,485f57d8f0db6fb3,cardinal_direction,original_template,original_template,cardinal_direction,0.9999445676803589,True,True,True,True,success,none,,True,0.43345799999983115,0.32262500000013183,0,9
original_validation,d54a4fea1308c2f0,cardinal_direction,original_template,original_template,cardinal_direction,0.9999445676803589,True,True,True,True,success,none,,True,0.6557080000000326,0.3386249999999258,0,9
original_validation,d13c91fb6ac33cc9,cardinal_direction,original_template,original_template,cardinal_direction,0.9999445676803589,True,True,True,True,success,none,,True,0.4540829999999385,0.32716699999979504,0,9
original_validation,3193f98082cded2c,cardinal_direction,original_template,original_template,cardinal_direction,0.9999445676803589,True,True,True,True,success,none,,True,0.47912500000002467,0.3513330000000092,0,9
original_validation,978a26f5e741ab6c,cardinal_direction,original_template,original_template,cardinal_direction,0.9999445676803589,True,True,True,True,success,none,,True,0.7677080000001446,0.31366600000004574,0,9
original_validation,d869f4402f83147e,cardinal_direction,original_template,original_template,cardinal_direction,0.9999445676803589,True,True,True,True,success,none,,True,0.4553329999998912,0.3155420000000575,0,9
original_validation,d61366d8ee2f1ee8,cardinal_direction,original_template,original_template,cardinal_direction,0.9999445676803589,True,True,True,True,success,none,,True,0.4546670000000752,0.32329200000003055,0,9
original_validation,8c92965dc7715349,cardinal_direction,original_template,original_template,cardinal_direction,0.9999445676803589,True,True,True,True,success,none,,True,0.5184579999999439,0.32370899999989433,0,9
original_validation,8d62872413931277,cardinal_direction,original_template,original_template,cardinal_direction,0.9999445676803589,True,True,True,False,ambiguous,identity,referenced_entity_ambiguous,False,0.4161249999998784,0.32987499999981296,0,9
original_validation,d029e4f53ca35d72,cardinal_direction,original_template,original_template,cardinal_direction,0.9999445676803589,True,True,True,True,success,none,,True,0.44908299999990575,0.3507920000000997,0,9
original_validation,b6773eded2e03f97,cardinal_direction,original_template,original_template,cardinal_direction,0.9999445676803589,True,True,True,True,success,none,,True,0.5333339999999964,0.34841699999987874,0,9
original_validation,7f58dc3f32685c25,cardinal_direction,original_template,original_template,cardinal_direction,0.9999445676803589,True,True,True,True,success,none,,True,0.4442499999999239,0.35020900000004573,0,9
original_validation,ec70c40a7fcfa4a4,cardinal_direction,original_template,original_template,cardinal_direction,0.9999445676803589,True,True,True,True,success,none,,True,0.4298339999999623,0.33370800000009915,0,9
original_validation,ea1e40a6efc4455f,cardinal_direction,original_template,original_template,cardinal_direction,0.9999445676803589,True,True,True,True,success,none,,True,0.6247909999999024,0.3217089999998368,0,9
original_validation,67cac8e236f77a11,cardinal_direction,original_template,original_template,cardinal_direction,0.9999445676803589,True,True,True,True,success,none,,True,0.4521660000000871,0.3222919999998908,0,9
original_validation,2a742d335dad92f1,cardinal_direction,original_template,original_template,cardinal_direction,0.9999445676803589,True,True,True,True,success,none,,True,0.46395800000009757,0.33087499999995273,0,9
original_validation,5dacd554598c3f2c,cardinal_direction,original_template,original_template,cardinal_direction,0.9999445676803589,True,True,True,True,success,none,,True,0.6516250000001556,0.3439169999999159,0,9
original_validation,5fe6d02bca4e158b,cardinal_direction,original_template,original_template,cardinal_direction,0.9999445676803589,True,True,True,True,success,none,,True,0.465291999999895,0.3346250000000328,0,9
original_validation,1cea3eaa69327ab0,cardinal_direction,original_template,original_template,cardinal_direction,0.9999445676803589,True,True,True,True,success,none,,True,0.4847499999998117,0.34441699999998576,0,9
original_validation,bc6c3cfe494feebe,cardinal_direction,original_template,original_template,cardinal_direction,0.9999445676803589,True,True,True,True,success,none,,True,0.48758299999995813,0.33199999999999896,0,9
original_validation,e89bf04bb7897418,cardinal_direction,original_template,original_template,cardinal_direction,0.9999445676803589,True,True,True,True,success,none,,True,0.41129200000011856,0.3264999999998963,0,9
original_validation,ff6d50e572c3e376,cardinal_direction,original_template,original_template,cardinal_direction,0.9999445676803589,True,True,True,False,ambiguous,identity,referenced_entity_ambiguous,False,0.3990000000000382,0.32137500000017916,0,9
original_validation,8174b4f9f462a618,cardinal_direction,original_template,original_template,cardinal_direction,0.9999445676803589,True,True,True,True,success,none,,True,0.6109169999999331,0.33216700000004984,0,9
original_validation,97bf3b4e494cad83,cardinal_direction,original_template,original_template,cardinal_direction,0.9999445676803589,True,True,True,True,success,none,,True,0.46529200000011706,0.349875000000166,0,9
original_validation,9dd99cdd1e630531,cardinal_direction,original_template,original_template,cardinal_direction,0.9999445676803589,True,True,True,False,ambiguous,identity,referenced_entity_ambiguous,False,0.45816700000012034,0.3321249999999054,0,9
original_validation,c6f2223e6366d0b8,cardinal_direction,original_template,original_template,cardinal_direction,0.9999445676803589,True,True,True,True,success,none,,True,0.6524999999999448,0.33525000000000915,0,9
original_validation,a58b7cbf4539667f,cardinal_direction,original_template,original_template,cardinal_direction,0.9999445676803589,True,True,True,True,success,none,,True,0.4627500000000673,0.33133300000010024,0,9
original_validation,31e10bcbd2f1e7b1,cardinal_direction,original_template,original_template,cardinal_direction,0.9999445676803589,True,True,True,True,success,none,,True,0.45116599999994733,0.3225829999999874,0,9
original_validation,93b4a5c7cd9191d3,cardinal_direction,original_template,original_template,cardinal_direction,0.9999445676803589,True,True,True,True,success,none,,True,0.6153750000001956,0.3582500000001154,0,9
original_validation,a0bde3ad759721ac,cardinal_direction,original_template,original_template,cardinal_direction,0.9999445676803589,True,True,True,False,ambiguous,identity,referenced_entity_ambiguous,False,0.4709999999998882,0.3370000000000317,0,9
original_validation,e62ad177db2ea4dd,cardinal_direction,original_template,original_template,cardinal_direction,0.9999445676803589,True,True,True,True,success,none,,True,0.45199999999989693,0.3387089999999926,0,9
original_validation,172f2e49cd1ad489,cardinal_direction,original_template,original_template,cardinal_direction,0.9999445676803589,True,True,True,True,success,none,,True,0.39879100000006495,0.321208999999989,0,9
original_validation,87c54d505338c6a9,cardinal_direction,original_template,original_template,cardinal_direction,0.9999445676803589,True,True,True,True,success,none,,True,0.3846249999999163,0.32408299999997503,0,9
original_validation,97d92baf60bcab3d,cardinal_direction,original_template,original_template,cardinal_direction,0.9999445676803589,True,True,True,True,success,none,,True,0.6998750000000165,0.3467090000000006,0,9
original_validation,83203ab1e2464d30,cardinal_direction,original_template,original_template,cardinal_direction,0.9999445676803589,True,True,True,True,success,none,,True,0.5054579999999032,0.35654200000001524,0,9
original_validation,0a3ae2276a06150a,cardinal_direction,original_template,original_template,cardinal_direction,0.9999445676803589,True,True,True,True,success,none,,True,0.47916699999994705,0.3405830000000609,0,9
original_validation,794042ce8404c37e,cardinal_direction,original_template,original_template,cardinal_direction,0.9999445676803589,True,True,True,False,ambiguous,identity,referenced_entity_ambiguous,False,0.64008300000018,0.3301669999999923,0,9
original_validation,d76e46cd50ccb4ad,cardinal_direction,original_template,original_template,cardinal_direction,0.9999445676803589,True,True,True,False,ambiguous,identity,referenced_entity_ambiguous,False,0.46237499999990384,0.33766600000006974,0,9
original_validation,3aec26046742e901,cardinal_direction,original_template,original_template,cardinal_direction,0.9999445676803589,True,True,True,True,success,none,,True,0.45558400000000887,0.32379200000010044,0,9
original_validation,f2bcf6461db955fc,cardinal_direction,original_template,original_template,cardinal_direction,0.9999445676803589,True,True,True,False,ambiguous,identity,referenced_entity_ambiguous,False,0.4450000000000287,0.341874999999936,0,9
original_validation,ce9a2838b7d7794a,cardinal_direction,original_template,original_template,cardinal_direction,0.9999445676803589,True,True,True,True,success,none,,True,0.41454200000012875,0.3469579999999528,0,9
original_validation,6321563ca6f18818,cardinal_direction,original_template,original_template,cardinal_direction,0.9999445676803589,True,True,True,True,success,none,,True,0.6161249999998564,0.34937500000009614,0,9
original_validation,a86e57799377f68a,cardinal_direction,original_template,original_template,cardinal_direction,0.9999445676803589,True,True,True,True,success,none,,True,0.4955840000000489,0.3755000000000841,0,9
original_validation,6b5fc97ef9f69bf8,cardinal_direction,original_template,original_template,cardinal_direction,0.9999445676803589,True,True,True,True,success,none,,True,0.49954099999993673,0.3802079999999375,0,9
original_validation,0a01afb2aa6f3168,cardinal_direction,original_template,original_template,cardinal_direction,0.9999445676803589,True,True,True,False,ambiguous,identity,referenced_entity_ambiguous,False,0.7381670000001783,0.327417000000052,0,9
original_validation,57fe8435ae08af7b,cardinal_direction,original_template,original_template,cardinal_direction,0.9999445676803589,True,True,True,True,success,none,,True,0.5224999999999813,0.3561249999999294,0,9
original_validation,5baa125768c49aa5,cardinal_direction,original_template,original_template,cardinal_direction,0.9999445676803589,True,True,True,True,success,none,,True,0.5144580000000509,0.3789999999999072,0,9
original_validation,4b90c348edcedfbc,cardinal_direction,original_template,original_template,cardinal_direction,0.9999445676803589,True,True,True,True,success,none,,True,0.6122499999998698,0.34325000000001715,0,9
original_validation,2113f0489cb19016,cardinal_direction,original_template,original_template,cardinal_direction,0.9999445676803589,True,True,True,True,success,none,,True,0.4333750000000691,0.321208999999989,0,9
original_validation,60ecac9f6340b4e9,cardinal_direction,original_template,original_template,cardinal_direction,0.9999445676803589,True,True,True,True,success,none,,True,0.4355000000000331,0.3237919999998784,0,9
original_validation,6f0e1e9e049b31d2,cardinal_direction,original_template,original_template,cardinal_direction,0.9999445676803589,True,True,True,True,success,none,,True,0.6012500000001086,0.33562499999995055,0,9
original_validation,4320d279ceb1280c,cardinal_direction,original_template,original_template,cardinal_direction,0.9999445676803589,True,True,True,True,success,none,,True,0.4712499999999231,0.35937500000016165,0,9
original_validation,b012d1381d3c983a,cardinal_direction,original_template,original_template,cardinal_direction,0.9999445676803589,True,True,True,False,ambiguous,identity,referenced_entity_ambiguous,False,0.41820799999992,0.317291999999858,0,9
original_validation,28bd9e5dc473633a,cardinal_direction,original_template,original_template,cardinal_direction,0.9999445676803589,True,True,True,True,success,none,,True,0.6352919999998985,0.3528749999999192,0,9
original_validation,4d0d1496a46e45ea,cardinal_direction,original_template,original_template,cardinal_direction,0.9999445676803589,True,True,True,True,success,none,,True,0.4617499999999275,0.3419590000000028,0,9
original_validation,eab80cb1a796a679,cardinal_direction,original_template,original_template,cardinal_direction,0.9999445676803589,True,True,True,True,success,none,,True,0.4592079999998777,0.33916600000005737,0,9
original_validation,68872509d8fa5172,cardinal_direction,original_template,original_template,cardinal_direction,0.9999445676803589,True,True,True,True,success,none,,True,0.6990000000000052,0.3537909999999922,0,9
original_validation,b8087fa392e49bd1,cardinal_direction,original_template,original_template,cardinal_direction,0.9999445676803589,True,True,True,True,success,none,,True,0.4855829999999006,0.3471250000000037,0,9
original_validation,3e7ca47c214173ec,cardinal_direction,original_template,original_template,cardinal_direction,0.9999445676803589,True,True,True,True,success,none,,True,0.5083750000001164,0.37220800000015153,0,9
original_validation,fafc83ec3f9ea1b2,cardinal_direction,original_template,original_template,cardinal_direction,0.9999445676803589,True,True,True,True,success,none,,True,0.6585000000001173,0.3331669999999676,0,9
original_validation,9e12e92dab82dddf,cardinal_direction,original_template,original_template,cardinal_direction,0.9999445676803589,True,True,True,True,success,none,,True,0.47058400000010714,0.33670799999985235,0,9
original_validation,44af14b6595f3bc6,cardinal_direction,original_template,original_template,cardinal_direction,0.9999445676803589,True,True,True,True,success,none,,True,0.4530000000000367,0.3211670000000666,0,9
original_validation,cf4484c97d85a0ae,cardinal_direction,original_template,original_template,cardinal_direction,0.9999445676803589,True,True,True,False,ambiguous,identity,referenced_entity_ambiguous,False,0.4029999999999312,0.3162919999999403,0,9
original_validation,b6c0b3bb4f40edef,cardinal_direction,original_template,original_template,cardinal_direction,0.9999445676803589,True,True,True,True,success,none,,True,0.39508399999999,0.33300000000013874,0,9
original_validation,6f0c78a293d3400e,cardinal_direction,original_template,original_template,cardinal_direction,0.9999445676803589,True,True,True,True,success,none,,True,0.38404100000000163,0.3198339999999078,0,9
original_validation,fcd30e281287b10e,cardinal_direction,original_template,original_template,cardinal_direction,0.9999445676803589,True,True,True,True,success,none,,True,0.6418749999999029,0.3299590000001018,0,9
original_validation,b6212d9503fc2e66,cardinal_direction,original_template,original_template,cardinal_direction,0.9999445676803589,True,True,True,True,success,none,,True,0.49399999999999444,0.36237499999991485,0,9
original_validation,02dad173449b79dd,cardinal_direction,original_template,original_template,cardinal_direction,0.9999445676803589,True,True,True,True,success,none,,True,0.4456669999999274,0.3170420000000451,0,9
original_validation,946f6b9c96cbea70,cardinal_direction,original_template,original_template,cardinal_direction,0.9999445676803589,True,True,True,True,success,none,,True,0.8014169999999154,0.3469999999998752,0,9
original_validation,aec2ce3d4d3ebfa4,cardinal_direction,original_template,original_template,cardinal_direction,0.9999445676803589,True,True,True,True,success,none,,True,0.6406249999999503,0.4046250000000473,0,9
original_validation,70cdedcc1c7deb44,cardinal_direction,original_template,original_template,cardinal_direction,0.9999445676803589,True,True,True,True,success,none,,True,0.5331660000000848,0.3130000000000077,0,9
original_validation,e8d52905428b0f02,cardinal_direction,original_template,original_template,cardinal_direction,0.9999445676803589,True,True,True,True,success,none,,True,0.40949999999995157,0.3150830000000493,0,9
original_validation,5e89869a91371915,cardinal_direction,original_template,original_template,cardinal_direction,0.9999445676803589,True,True,True,True,success,none,,True,0.379416999999993,0.3170409999999624,0,9
original_validation,8c659ba17ed0e64c,cardinal_direction,original_template,original_template,cardinal_direction,0.9999445676803589,True,True,True,True,success,none,,True,0.3702910000000781,0.3087500000000798,0,9
original_validation,a128d71c9cac3151,cardinal_direction,original_template,original_template,cardinal_direction,0.9999445676803589,True,True,True,True,success,none,,True,0.39720800000009326,0.32241599999993653,0,9
original_validation,a668b3db412b5303,cardinal_direction,original_template,original_template,cardinal_direction,0.9999445676803589,True,True,True,True,success,none,,True,0.372666000000077,0.31599999999998296,0,9
original_validation,2464e54d1fbfd908,cardinal_direction,original_template,original_template,cardinal_direction,0.9999445676803589,True,True,True,True,success,none,,True,0.35645900000003117,0.3002910000000636,0,9
original_validation,da007fc530065ccf,cardinal_direction,original_template,original_template,cardinal_direction,0.9999445676803589,True,True,True,True,success,none,,True,0.4922080000000495,0.3109580000000278,0,9
original_validation,b77d72463676c88a,cardinal_direction,original_template,original_template,cardinal_direction,0.9999445676803589,True,True,True,True,success,none,,True,0.39179100000019673,0.3055000000000696,0,9
original_validation,f682d5139c3bbdfa,cardinal_direction,original_template,original_template,cardinal_direction,0.9999445676803589,True,True,True,True,success,none,,True,0.40120799999998624,0.31604100000004465,0,9
original_validation,da81f3de288046ed,cardinal_direction,original_template,original_template,cardinal_direction,0.9999445676803589,True,True,True,False,ambiguous,identity,referenced_entity_ambiguous,False,0.365291999999906,0.3041660000000501,0,9
original_validation,154d5cdee31570d1,cardinal_direction,original_template,original_template,cardinal_direction,0.9999445676803589,True,True,True,True,success,none,,True,0.5396669999999659,0.350207999999963,0,9
original_validation,d6bfb17adf0b7d8b,cardinal_direction,original_template,original_template,cardinal_direction,0.9999445676803589,True,True,True,True,success,none,,True,0.41908299999993126,0.3234589999998594,0,9
original_validation,5289aaddbd7af72e,cardinal_direction,original_template,original_template,cardinal_direction,0.9999445676803589,True,True,True,True,success,none,,True,0.4405830000000499,0.3511670000000411,0,9
original_validation,367fd610886c00df,cardinal_direction,original_template,original_template,cardinal_direction,0.9999445676803589,True,True,True,True,success,none,,True,0.6905419999998497,0.3341249999999629,0,9
original_validation,88cf4dd44bc9f3a9,cardinal_direction,original_template,original_template,cardinal_direction,0.9999445676803589,True,True,True,True,success,none,,True,0.4695829999998846,0.3281669999999348,0,9
original_validation,61b2047351443323,cardinal_direction,original_template,original_template,cardinal_direction,0.9999445676803589,True,True,True,True,success,none,,True,0.47387499999995697,0.331083999999926,0,9
original_validation,fac87a6c0757f381,cardinal_direction,original_template,original_template,cardinal_direction,0.9999445676803589,True,True,True,True,success,none,,True,0.6645830000000519,0.32766700000008697,0,9
original_validation,69f2bc39fa0de848,cardinal_direction,original_template,original_template,cardinal_direction,0.9999445676803589,True,True,True,True,success,none,,True,0.467417000000081,0.33199999999999896,0,9
original_validation,0452d866221ee0ba,cardinal_direction,original_template,original_template,cardinal_direction,0.9999445676803589,True,True,True,True,success,none,,True,0.4850419999999911,0.34416700000017286,0,9
original_validation,b021bf8420a74a0e,cardinal_direction,original_template,original_template,cardinal_direction,0.9999445676803589,True,True,True,True,success,none,,True,0.5068330000002064,0.31808300000002454,0,9
original_validation,2356653ec3dbe3a0,cardinal_direction,original_template,original_template,cardinal_direction,0.9999445676803589,True,True,True,True,success,none,,True,0.4131670000000476,0.31658400000011966,0,9
original_validation,5de4c3bb2fa730ee,cardinal_direction,original_template,original_template,cardinal_direction,0.9999445676803589,True,True,True,True,success,none,,True,0.41591599999990514,0.3288340000000556,0,9
original_validation,06d184a93e68e3c5,cardinal_direction,original_template,original_template,cardinal_direction,0.9999445676803589,True,True,True,True,success,none,,True,0.6702089999999217,0.34000000000000696,0,9
original_validation,3366a60eeff0858e,cardinal_direction,original_template,original_template,cardinal_direction,0.9999445676803589,True,True,True,True,success,none,,True,0.4489159999998549,0.3169159999998339,0,9
original_validation,045e1623c3594fdc,cardinal_direction,original_template,original_template,cardinal_direction,0.9999445676803589,True,True,True,True,success,none,,True,0.464083000000004,0.33237499999994036,0,9
original_validation,0735146fa9c7cfa1,cardinal_direction,original_template,original_template,cardinal_direction,0.9999445676803589,True,True,True,True,success,none,,True,0.7114160000001313,0.32558299999996265,0,9
original_validation,f371fd4f158acf18,cardinal_direction,original_template,original_template,cardinal_direction,0.9999445676803589,True,True,True,True,success,none,,True,0.5353339999998319,0.3522089999998812,0,9
original_validation,322157f4c46e4c9a,cardinal_direction,original_template,original_template,cardinal_direction,0.9999445676803589,True,True,True,True,success,none,,True,0.5088749999999642,0.351416999999854,0,9
original_validation,82e1aec8a3ef7c9f,cardinal_direction,original_template,original_template,cardinal_direction,0.9999445676803589,True,True,True,True,success,none,,True,0.6489999999998997,0.32125000000005066,0,9
original_validation,cbbe0813a4fc1a6c,cardinal_direction,original_template,original_template,cardinal_direction,0.9999445676803589,True,True,True,True,success,none,,True,0.45558400000000887,0.3244170000000768,0,9
original_validation,be06a4dad369d11c,cardinal_direction,original_template,original_template,cardinal_direction,0.9999445676803589,True,True,True,True,success,none,,True,0.45566699999999294,0.3246249999999673,0,9
original_validation,55ca445cc8d3ef72,cardinal_direction,original_template,original_template,cardinal_direction,0.9999445676803589,True,True,True,True,success,none,,True,0.761291999999969,0.3413329999999437,0,9
original_validation,5e098df2fe344f67,cardinal_direction,original_template,original_template,cardinal_direction,0.9999445676803589,True,True,True,True,success,none,,True,0.47166600000014824,0.3294169999998875,0,9
original_validation,ed99449bff5da258,cardinal_direction,original_template,original_template,cardinal_direction,0.9999445676803589,True,True,True,True,success,none,,True,0.484082999999913,0.3432079999998727,0,9
original_validation,129a29aebb2f0f6f,cardinal_direction,original_template,original_template,cardinal_direction,0.9999445676803589,True,True,True,True,success,none,,True,0.4498330000000106,0.32812500000001243,0,9
original_validation,2e1fac6fe87a3eb9,cardinal_direction,original_template,original_template,cardinal_direction,0.9999445676803589,True,True,True,True,success,none,,True,0.397541999999973,0.3290419999999461,0,9
original_validation,cc4c03729444bfa2,cardinal_direction,original_template,original_template,cardinal_direction,0.9999445676803589,True,True,True,True,success,none,,True,0.38483399999988954,0.31641599999998604,0,9
original_validation,9d7fc458de1befd1,cardinal_direction,original_template,original_template,cardinal_direction,0.9999445676803589,True,True,True,True,success,none,,True,0.4598749999999985,0.3363750000000554,0,9
original_validation,33ffcb33338376da,cardinal_direction,original_template,original_template,cardinal_direction,0.9999445676803589,True,True,True,True,success,none,,True,0.40695800000012383,0.337875000000043,0,9
original_validation,1986cd23dd689b08,cardinal_direction,original_template,original_template,cardinal_direction,0.9999445676803589,True,True,True,True,success,none,,True,0.3974170000000665,0.32891700000003965,0,9
original_validation,27d8f16054a47f2b,cardinal_direction,original_template,original_template,cardinal_direction,0.9999445676803589,True,True,True,True,success,none,,True,0.4520409999999586,0.31220800000020255,0,9
original_validation,7857becdfdd8febf,cardinal_direction,original_template,original_template,cardinal_direction,0.9999445676803589,True,True,True,True,success,none,,True,0.38274999999998727,0.3072090000000305,0,9
original_validation,3aea0f90770968b3,cardinal_direction,original_template,original_template,cardinal_direction,0.9999445676803589,True,True,True,True,success,none,,True,0.39129199999998754,0.31645800000013047,0,9
original_validation,d1b177e502777b09,cardinal_direction,original_template,original_template,cardinal_direction,0.9999445676803589,True,True,True,True,success,none,,True,0.3945830000000594,0.3208749999998872,0,9
original_validation,de8753e9528ebfcb,cardinal_direction,original_template,original_template,cardinal_direction,0.9999445676803589,True,True,True,True,success,none,,True,0.37666599999996997,0.31708299999988476,0,9
original_validation,8ee4036aa3a2ca8a,cardinal_direction,original_template,original_template,cardinal_direction,0.9999445676803589,True,True,True,True,success,none,,True,0.3947500000001103,0.33566600000001223,0,9
original_validation,6947bef86207c7e1,cardinal_direction,original_template,original_template,cardinal_direction,0.9999445676803589,True,True,True,True,success,none,,True,0.3733749999998981,0.30683300000000635,0,9
original_validation,5cae85b00ebcc096,cardinal_direction,original_template,original_template,cardinal_direction,0.9999445676803589,True,True,True,True,success,none,,True,0.5913339999998879,0.32604199999997086,0,9
original_validation,8832d261910a27e4,cardinal_direction,original_template,original_template,cardinal_direction,0.9999445676803589,True,True,True,True,success,none,,True,0.44329200000015057,0.33012500000006995,0,9
original_validation,2b9ba76ed4d2d254,cardinal_direction,original_template,original_template,cardinal_direction,0.9999445676803589,True,True,True,False,ambiguous,identity,referenced_entity_ambiguous,False,0.4223340000000242,0.31487499999993673,0,9
original_validation,792321bd72e938f4,cardinal_direction,original_template,original_template,cardinal_direction,0.9999445676803589,True,True,True,True,success,none,,True,0.3976660000000187,0.32079100000004246,0,9
original_validation,e243601e0bf7974b,cardinal_direction,original_template,original_template,cardinal_direction,0.9999445676803589,True,True,True,True,success,none,,True,0.37283300000012787,0.31479199999995267,0,9
original_validation,d669fe1bb31d6e4e,cardinal_direction,original_template,original_template,cardinal_direction,0.9999445676803589,True,True,True,True,success,none,,True,0.3854169999999435,0.3232090000000465,0,9
original_validation,78eb8c247dac1509,cardinal_direction,original_template,original_template,cardinal_direction,0.9999445676803589,True,True,True,True,success,none,,True,0.6741249999999699,0.314208000000038,0,9
original_validation,c64dd8a8845cf628,cardinal_direction,original_template,original_template,cardinal_direction,0.9999445676803589,True,True,True,True,success,none,,True,0.4762499999999559,0.3307500000000463,0,9
original_validation,774af8275e0c1c00,cardinal_direction,original_template,original_template,cardinal_direction,0.9999445676803589,True,True,True,True,success,none,,True,0.48766700000002494,0.3244170000000768,0,9
original_validation,cc8f38dde2dcd154,cardinal_direction,original_template,original_template,cardinal_direction,0.9999445676803589,True,True,True,True,success,none,,True,0.4235000000001321,0.3249579999999863,0,9
original_validation,319049071f5d885a,cardinal_direction,original_template,original_template,cardinal_direction,0.9999445676803589,True,True,True,True,success,none,,True,0.3720840000001058,0.31554199999983545,0,9
original_validation,f2ead3d15c3c0180,cardinal_direction,original_template,original_template,cardinal_direction,0.9999445676803589,True,True,True,True,success,none,,True,0.5166249999999373,0.33379200000016596,0,9
original_validation,8ada0fb17dfacdc2,cardinal_direction,original_template,original_template,cardinal_direction,0.9999445676803589,True,True,True,True,success,none,,True,0.47520899999997646,0.37558300000006817,0,9
original_validation,4c2ad4d1e9ea5106,cardinal_direction,original_template,original_template,cardinal_direction,0.9999445676803589,True,True,True,True,success,none,,True,0.42408400000004676,0.33762500000000806,0,9
original_validation,889c8ef64c935c46,cardinal_direction,original_template,original_template,cardinal_direction,0.9999445676803589,True,True,True,False,ambiguous,identity,referenced_entity_ambiguous,False,0.6345420000000157,0.31737500000006413,0,9
original_validation,2220e446a03d2860,cardinal_direction,original_template,original_template,cardinal_direction,0.9999445676803589,True,True,True,True,success,none,,True,0.4479579999998595,0.315416999999929,0,9
original_validation,0fcbcefaf29d48e8,cardinal_direction,original_template,original_template,cardinal_direction,0.9999445676803589,True,True,True,True,success,none,,True,0.4567500000001168,0.3232500000001082,0,9
original_validation,a39da2cb63e34a35,cardinal_direction,original_template,original_template,cardinal_direction,0.9999445676803589,True,True,True,True,success,none,,True,0.698290999999962,0.31962499999993454,0,9
original_validation,5eac7a61525d4d5b,cardinal_direction,original_template,original_template,cardinal_direction,0.9999445676803589,True,True,True,True,success,none,,True,0.47537500000016664,0.31683399999993256,0,9
original_validation,803a9227e6b52462,cardinal_direction,original_template,original_template,cardinal_direction,0.9999445676803589,True,True,True,True,success,none,,True,0.4816659999999917,0.31962499999993454,0,9
original_validation,65e1475fe3bd71aa,cardinal_direction,original_template,original_template,cardinal_direction,0.9999445676803589,True,True,True,True,success,none,,True,0.5164170000000468,0.3347080000000169,0,9
original_validation,e9c279ecce59e410,cardinal_direction,original_template,original_template,cardinal_direction,0.9999445676803589,True,True,True,True,success,none,,True,0.4165410000001035,0.3286250000000823,0,9
original_validation,2947082309dbc44a,cardinal_direction,original_template,original_template,cardinal_direction,0.9999445676803589,True,True,True,True,success,none,,True,0.40162499999985,0.3150830000000493,0,9
original_validation,ee93913c0c13d317,cardinal_direction,original_template,original_template,cardinal_direction,0.9999445676803589,True,True,True,True,success,none,,True,0.47037499999991184,0.3842499999999749,0,9
original_validation,05a7913fdeb83512,cardinal_direction,original_template,original_template,cardinal_direction,0.9999445676803589,True,True,True,True,success,none,,True,0.3770419999999941,0.31837499999998187,0,9
original_validation,55ff6be7e38b4616,cardinal_direction,original_template,original_template,cardinal_direction,0.9999445676803589,True,True,True,True,success,none,,True,0.3802920000000043,0.32162499999999206,0,9
original_validation,fb6dba68231b6b24,cardinal_direction,original_template,original_template,cardinal_direction,0.9999445676803589,True,True,True,True,success,none,,True,0.39058400000002713,0.3042499999998949,0,9
original_validation,5ad73442532112b1,cardinal_direction,original_template,original_template,cardinal_direction,0.9999445676803589,True,True,True,True,success,none,,True,0.3663339999999682,0.3082080000000875,0,9
original_validation,40cc915a9be9af14,cardinal_direction,original_template,original_template,cardinal_direction,0.9999445676803589,True,True,True,True,success,none,,True,0.37775000000017656,0.31904200000010263,0,9
original_validation,070ac5e4f775585d,cardinal_direction,original_template,original_template,cardinal_direction,0.9999445676803589,True,True,True,True,success,none,,True,0.6057500000000715,0.3161249999998894,0,9
original_validation,c9bf68cea9fd58df,cardinal_direction,original_template,original_template,cardinal_direction,0.9999445676803589,True,True,True,True,success,none,,True,0.46520899999991094,0.3350830000001803,0,9
original_validation,492117c3026c8832,cardinal_direction,original_template,original_template,cardinal_direction,0.9999445676803589,True,True,True,True,success,none,,True,0.44070799999995636,0.3167500000000878,0,9
original_validation,aa77b82f52be7b8d,cardinal_direction,original_template,original_template,cardinal_direction,0.9999445676803589,True,True,True,True,success,none,,True,0.39199999999994795,0.3138329999998746,0,9
original_validation,2e63d3da6fc80e81,cardinal_direction,original_template,original_template,cardinal_direction,0.9999445676803589,True,True,True,True,success,none,,True,0.3571670000002136,0.3023339999999042,0,9
original_validation,fbfabafaa97fd62f,cardinal_direction,original_template,original_template,cardinal_direction,0.9999445676803589,True,True,True,True,success,none,,True,0.35970900000004136,0.3039590000000203,0,9
original_validation,e6c9be2d0e70f44c,cardinal_direction,original_template,original_template,cardinal_direction,0.9999445676803589,True,True,True,True,success,none,,True,0.3748749999998857,0.31074999999991526,0,9
original_validation,ad650c467982fbb7,cardinal_direction,original_template,original_template,cardinal_direction,0.9999445676803589,True,True,True,True,success,none,,True,0.37366700000007746,0.32091700000003165,0,9
original_validation,175b4203c0b5d556,cardinal_direction,original_template,original_template,cardinal_direction,0.9999445676803589,True,True,True,True,success,none,,True,0.40833299999998296,0.31445800000007296,0,9
original_validation,d0e01a94e969566d,cardinal_direction,original_template,original_template,cardinal_direction,0.9999445676803589,True,True,True,True,success,none,,True,0.36725000000004115,0.30566600000003774,0,9
original_validation,aab5715b2c386d7a,cardinal_direction,original_template,original_template,cardinal_direction,0.9999445676803589,True,True,True,True,success,none,,True,0.44104099999997537,0.3780829999999735,0,9
original_validation,3395c8d6c075ba80,cardinal_direction,original_template,original_template,cardinal_direction,0.9999445676803589,True,True,True,True,success,none,,True,0.4365419999998732,0.34458400000003664,0,9
original_validation,74138f9392ec54a9,cardinal_direction,original_template,original_template,cardinal_direction,0.9999445676803589,True,True,True,True,success,none,,True,0.3872910000000118,0.3271250000000947,0,9
original_validation,7ea304404a24216c,cardinal_direction,original_template,original_template,cardinal_direction,0.9999445676803589,True,True,True,True,success,none,,True,0.367084000000073,0.3082919999999323,0,9
original_validation,1c3277121635b9e6,cardinal_direction,original_template,original_template,cardinal_direction,0.9999445676803589,True,True,True,True,success,none,,True,0.37474999999997927,0.3070419999999796,0,9
original_validation,43e471e57798ac86,cardinal_direction,original_template,original_template,cardinal_direction,0.9999445676803589,True,True,True,True,success,none,,True,0.3590829999999823,0.3061669999999683,0,9
original_validation,3bf16673f625d5a4,cardinal_direction,original_template,original_template,cardinal_direction,0.9999445676803589,True,True,True,True,success,none,,True,0.5505840000001871,0.3143750000000889,0,9
original_validation,df23c4793cd6ffa7,cardinal_direction,original_template,original_template,cardinal_direction,0.9999445676803589,True,True,True,True,success,none,,True,0.4274589999999634,0.3179589999999788,0,9
original_validation,37855efd3e3ee1af,cardinal_direction,original_template,original_template,cardinal_direction,0.9999445676803589,True,True,True,True,success,none,,True,0.4143750000000779,0.30495899999993803,0,9
original_validation,d90602ff40e673ec,cardinal_direction,original_template,original_template,cardinal_direction,0.9999445676803589,True,True,True,True,success,none,,True,0.41612500000010044,0.3164999999998308,0,9
original_validation,d8d8c170693839a3,cardinal_direction,original_template,original_template,cardinal_direction,0.9999445676803589,True,True,True,True,success,none,,True,0.3821660000000726,0.31837499999998187,0,9
original_validation,6b188760f75713a8,cardinal_direction,original_template,original_template,cardinal_direction,0.9999445676803589,True,True,True,True,success,none,,True,0.3768749999999432,0.31325000000004266,0,9
original_validation,4315feed47e2fcb6,cardinal_direction,original_template,original_template,cardinal_direction,0.9999445676803589,True,True,True,True,success,none,,True,0.393209000000061,0.3171660000000909,0,9
original_validation,6c994829851a9c9c,cardinal_direction,original_template,original_template,cardinal_direction,0.9999445676803589,True,True,True,True,success,none,,True,0.3683750000000874,0.3122920000000473,0,9
original_validation,694bf92a89e58856,cardinal_direction,original_template,original_template,cardinal_direction,0.9999445676803589,True,True,True,True,success,none,,True,0.3686250000001223,0.3126249999998443,0,9
original_validation,4e9d336525dbe79f,cardinal_direction,original_template,original_template,cardinal_direction,0.9999445676803589,True,True,True,True,success,none,,True,0.4220829999999065,0.34316599999995034,0,9
original_validation,a12fdfe153555b69,cardinal_direction,original_template,original_template,cardinal_direction,0.9999445676803589,True,True,True,True,success,none,,True,0.38504099999991936,0.329542000000016,0,9
original_validation,e56ebeb62fa4c637,cardinal_direction,original_template,original_template,cardinal_direction,0.9999445676803589,True,True,True,True,success,none,,True,0.36012500000004444,0.30549999999984756,0,9
original_validation,f3ad74ef9bfdec2b,cardinal_direction,original_template,original_template,cardinal_direction,0.9999445676803589,True,True,True,True,success,none,,True,0.437875000000032,0.3189999999999582,0,9
original_validation,105c4c4a49b2ac21,cardinal_direction,original_template,original_template,cardinal_direction,0.9999445676803589,True,True,True,True,success,none,,True,0.37441699999996025,0.3085839999998896,0,9
original_validation,f96f83bf86c04638,cardinal_direction,original_template,original_template,cardinal_direction,0.9999445676803589,True,True,True,True,success,none,,True,0.4009999999998737,0.3336250000001151,0,9
original_validation,70f6d46cb0017afd,cardinal_direction,original_template,original_template,cardinal_direction,0.9999445676803589,True,True,True,True,success,none,,True,0.3709579999999768,0.30283299999989133,0,9
original_validation,2dc2b2e685ea31e3,cardinal_direction,original_template,original_template,cardinal_direction,0.9999445676803589,True,True,True,True,success,none,,True,0.3499170000000884,0.29716599999995985,0,9
original_validation,4e61b2f0c120f464,cardinal_direction,original_template,original_template,cardinal_direction,0.9999445676803589,True,True,True,True,success,none,,True,0.6702499999999834,0.3315420000000735,0,9
original_validation,0e02ccd8de77d245,cardinal_direction,original_template,original_template,cardinal_direction,0.9999445676803589,True,True,True,True,success,none,,True,0.4758750000000145,0.3359169999999079,0,9
original_validation,bdec02f7d5b02546,cardinal_direction,original_template,original_template,cardinal_direction,0.9999445676803589,True,True,True,True,success,none,,True,0.45549999999994206,0.32554199999990097,0,9
original_validation,e257f6bdcdf767fa,cardinal_direction,original_template,original_template,cardinal_direction,0.9999445676803589,True,True,True,True,success,none,,True,0.6347920000000506,0.33020900000013675,0,9
original_validation,c5acf88317a78e27,cardinal_direction,original_template,original_template,cardinal_direction,0.9999445676803589,True,True,True,True,success,none,,True,0.4596250000001856,0.33287500000001025,0,9
original_validation,f6a3e1f045140dea,cardinal_direction,original_template,original_template,cardinal_direction,0.9999445676803589,True,True,True,True,success,none,,True,0.4523339999999987,0.31724999999993564,0,9
original_validation,51a3347864b13ad0,cardinal_direction,original_template,original_template,cardinal_direction,0.9999445676803589,True,True,True,True,success,none,,True,0.41308299999998077,0.32204099999999514,0,9
original_validation,9fe2bc0b562f77e6,cardinal_direction,original_template,original_template,cardinal_direction,0.9999445676803589,True,True,True,True,success,none,,True,0.3653329999999677,0.30495899999993803,0,9
original_validation,5c393fb114992d4a,cardinal_direction,original_template,original_template,cardinal_direction,0.9999445676803589,True,True,True,True,success,none,,True,0.7742079999999429,0.3979590000000588,0,9
original_validation,e54ea01999dff190,cardinal_direction,original_template,original_template,cardinal_direction,0.9999445676803589,True,True,True,True,success,none,,True,0.4694580000002002,0.32570899999995184,0,9
original_validation,84815db26336bfb4,cardinal_direction,original_template,original_template,cardinal_direction,0.9999445676803589,True,True,True,True,success,none,,True,0.4769159999999939,0.33258400000013566,0,9
original_validation,f8497cf67b5298c7,cardinal_direction,original_template,original_template,cardinal_direction,0.9999445676803589,True,True,True,True,success,none,,True,0.5912919999999655,0.31674999999986575,0,9
original_validation,cbc2e09b37bd79fd,cardinal_direction,original_template,original_template,cardinal_direction,0.9999445676803589,True,True,True,True,success,none,,True,0.433209000000101,0.31837499999998187,0,9
original_validation,f4c05fb84135765e,cardinal_direction,original_template,original_template,cardinal_direction,0.9999445676803589,True,True,True,True,success,none,,True,0.4252909999999943,0.3106250000000088,0,9
original_validation,a83367b480ee8dcd,cardinal_direction,original_template,original_template,cardinal_direction,0.9999445676803589,True,True,True,True,success,none,,True,0.6772080000001512,0.3400839999998517,0,9
original_validation,a7b1ee9713191fe3,cardinal_direction,original_template,original_template,cardinal_direction,0.9999445676803589,True,True,True,True,success,none,,True,0.4792499999999311,0.34074999999988975,0,9
original_validation,500c3b3d5b6d4915,cardinal_direction,original_template,original_template,cardinal_direction,0.9999445676803589,True,True,True,False,ambiguous,identity,referenced_entity_ambiguous,False,0.46729200000017457,0.33920799999997975,0,9
original_validation,6f44a9ecc6307228,cardinal_direction,original_template,original_template,cardinal_direction,0.9999445676803589,True,True,True,True,success,none,,True,0.725707999999825,0.34966700000005346,0,9
original_validation,f54d64bbe11f586c,cardinal_direction,original_template,original_template,cardinal_direction,0.9999445676803589,True,True,True,True,success,none,,True,0.5887500000001378,0.4343330000000645,0,9
original_validation,5dda173e661ea197,cardinal_direction,original_template,original_template,cardinal_direction,0.9999445676803589,True,True,True,True,success,none,,True,0.4933750000000181,0.34066700000012773,0,9
original_validation,d8022c81da57fca0,cardinal_direction,original_template,original_template,cardinal_direction,0.9999445676803589,True,True,True,True,success,none,,True,0.3817919999999919,0.31541700000015105,0,9
original_validation,cd95442c83321c08,cardinal_direction,original_template,original_template,cardinal_direction,0.9999445676803589,True,True,True,True,success,none,,True,0.39912499999994466,0.3042500000001169,0,9
original_validation,f1863032fb5ba0b5,cardinal_direction,original_template,original_template,cardinal_direction,0.9999445676803589,True,True,True,True,success,none,,True,0.44637499999988783,0.32437499999993236,0,9
original_validation,e359d66b1bbf5391,cardinal_direction,original_template,original_template,cardinal_direction,0.9999445676803589,True,True,True,False,ambiguous,identity,referenced_entity_ambiguous,False,0.6008749999999452,0.3233750000000146,0,9
original_validation,3bcb8a692afc9d52,cardinal_direction,original_template,original_template,cardinal_direction,0.9999445676803589,True,True,True,True,success,none,,True,0.4546670000000752,0.32933300000004273,0,9
original_validation,a9e4f2ef411b6baa,cardinal_direction,original_template,original_template,cardinal_direction,0.9999445676803589,True,True,True,True,success,none,,True,0.5911250000001367,0.34683300000004635,0,9
original_validation,6ea12f6b6ba37d10,cardinal_direction,original_template,original_template,cardinal_direction,0.9999445676803589,True,True,True,False,ambiguous,identity,referenced_entity_ambiguous,False,0.4423330000000725,0.3256659999999467,0,9
original_validation,c3ceea9e44c61004,cardinal_direction,original_template,original_template,cardinal_direction,0.9999445676803589,True,True,True,True,success,none,,True,0.43304099999996737,0.3290830000000078,0,9
original_validation,ae93429fde3bdaa1,cardinal_direction,original_template,original_template,cardinal_direction,0.9999445676803589,True,True,True,True,success,none,,True,0.7010000000000627,0.3321249999999054,0,9
original_validation,d54479f19aea3abc,cardinal_direction,original_template,original_template,cardinal_direction,0.9999445676803589,True,True,True,True,success,none,,True,0.4851670000001196,0.3386670000000702,0,9
original_validation,0b34e4d94a94781e,cardinal_direction,original_template,original_template,cardinal_direction,0.9999445676803589,True,True,True,True,success,none,,True,0.4733749999998871,0.3418330000000136,0,9
original_validation,ca21e86781d72f15,cardinal_direction,original_template,original_template,cardinal_direction,0.9999445676803589,True,True,True,True,success,none,,True,0.48466699999982765,0.2919590000001193,0,9
original_validation,46c8f8fa1163bae7,cardinal_direction,original_template,original_template,cardinal_direction,0.9999445676803589,True,True,True,True,success,none,,True,0.3878330000000041,0.29908400000011603,0,9
original_validation,a6ccb1e349b6d289,cardinal_direction,original_template,original_template,cardinal_direction,0.9999445676803589,True,True,True,True,success,none,,True,0.3927080000001304,0.303749999999825,0,9
original_validation,7f242c3ad8a5be17,cardinal_direction,original_template,original_template,cardinal_direction,0.9999445676803589,True,True,True,True,success,none,,True,0.4073749999999876,0.31362499999998406,0,9
original_validation,94eff11ebd255ac5,cardinal_direction,original_template,original_template,cardinal_direction,0.9999445676803589,True,True,True,True,success,none,,True,0.5500000000000504,0.35999999999991594,0,9
original_validation,c2e21ff676775922,cardinal_direction,original_template,original_template,cardinal_direction,0.9999445676803589,True,True,True,True,success,none,,True,0.4817919999999809,0.3329999999999167,0,9
original_validation,78a3c059182e9d81,cardinal_direction,original_template,original_template,cardinal_direction,0.9999445676803589,True,True,True,True,success,none,,True,0.3871670000001881,0.311749999999833,0,9
original_validation,a0e548074a97e062,cardinal_direction,original_template,original_template,cardinal_direction,0.9999445676803589,True,True,True,True,success,none,,True,0.4046250000000473,0.33212500000012746,0,9
original_validation,c22e9d2a919dfd91,cardinal_direction,original_template,original_template,cardinal_direction,0.9999445676803589,True,True,True,True,success,none,,True,0.373874999999968,0.3078750000000685,0,9
original_validation,db0ecd58d3e4d81f,cardinal_direction,original_template,original_template,cardinal_direction,0.9999445676803589,True,True,True,True,success,none,,True,0.3770419999999941,0.3242919999999483,0,9
original_validation,fa75de02fd51d3df,cardinal_direction,original_template,original_template,cardinal_direction,0.9999445676803589,True,True,True,True,success,none,,True,0.45670799999997236,0.31620900000017826,0,9
original_validation,f882f15f3aac89e7,cardinal_direction,original_template,original_template,cardinal_direction,0.9999445676803589,True,True,True,True,success,none,,True,0.4030419999998536,0.3263330000000675,0,9
original_validation,2f7c1b67a380de1d,cardinal_direction,original_template,original_template,cardinal_direction,0.9999445676803589,True,True,True,True,success,none,,True,0.40091700000011166,0.32520800000002126,0,9
original_validation,5961dd49ca7436de,cardinal_direction,original_template,original_template,cardinal_direction,0.9999445676803589,True,True,True,True,success,none,,True,0.38937500000013614,0.3185839999999551,0,9
original_validation,1b3a70d40ba7c565,cardinal_direction,original_template,original_template,cardinal_direction,0.9999445676803589,True,True,True,True,success,none,,True,0.3727079999999994,0.31708299999988476,0,9
original_validation,16050f63f2472d9a,cardinal_direction,original_template,original_template,cardinal_direction,0.9999445676803589,True,True,True,True,success,none,,True,0.3614590000000639,0.30683399999986705,0,9
original_validation,40760980290e2d20,cardinal_direction,original_template,original_template,cardinal_direction,0.9999445676803589,True,True,True,True,success,none,,True,0.6497500000000045,0.3361669999999428,0,9
original_validation,49180a392ecdc4f2,cardinal_direction,original_template,original_template,cardinal_direction,0.9999445676803589,True,True,True,True,success,none,,True,0.45037500000000286,0.3199170000001139,0,9
original_validation,66377cbd17c2495e,cardinal_direction,original_template,original_template,cardinal_direction,0.9999445676803589,True,True,True,True,success,none,,True,0.44345799999989666,0.3166669999998817,0,9
original_validation,3523c116c6cb363b,cardinal_direction,original_template,original_template,cardinal_direction,0.9999445676803589,True,True,True,False,ambiguous,identity,referenced_entity_ambiguous,False,0.5544170000000292,0.3177090000001659,0,9
original_validation,e1db6cd759f504b3,cardinal_direction,original_template,original_template,cardinal_direction,0.9999445676803589,True,True,True,True,success,none,,True,0.6665830000001094,0.3359590000000523,0,9
original_validation,fe3144895b5d7f77,cardinal_direction,original_template,original_template,cardinal_direction,0.9999445676803589,True,True,True,True,success,none,,True,0.5205419999998462,0.3864999999998453,0,9
original_validation,d78eec32d88f0f7b,cardinal_direction,original_template,original_template,cardinal_direction,0.9999445676803589,True,True,True,True,success,none,,True,0.4642500000000549,0.32845800000003145,0,9
original_validation,e147c955259fb789,cardinal_direction,original_template,original_template,cardinal_direction,0.9999445676803589,True,True,True,True,success,none,,True,0.5869579999999708,0.32929199999998104,0,9
original_validation,845c674dba252c53,cardinal_direction,original_template,original_template,cardinal_direction,0.9999445676803589,True,True,True,False,ambiguous,identity,referenced_entity_ambiguous,False,0.4097910000000482,0.3079590000001353,0,9
original_validation,83aec66e381cc832,cardinal_direction,original_template,original_template,cardinal_direction,0.9999445676803589,True,True,True,True,success,none,,True,0.4296659999998287,0.31854099999995,0,9
original_validation,0e007a967f5d7934,cardinal_direction,original_template,original_template,cardinal_direction,0.9999445676803589,True,True,True,True,success,none,,True,0.36629099999996306,0.29920799999993974,0,9
original_validation,90df4a5a4d4a5020,cardinal_direction,original_template,original_template,cardinal_direction,0.9999445676803589,True,True,True,True,success,none,,True,0.38479199999996716,0.32620900000002173,0,9
original_validation,824a27db0705b649,cardinal_direction,original_template,original_template,cardinal_direction,0.9999445676803589,True,True,True,True,success,none,,True,0.4317919999998754,0.30525000000003466,0,9
original_validation,85128e6123a08dc8,cardinal_direction,original_template,original_template,cardinal_direction,0.9999445676803589,True,True,True,False,ambiguous,identity,referenced_entity_ambiguous,False,0.3754160000000173,0.3043750000000234,0,9
original_validation,327d99659af43f62,cardinal_direction,original_template,original_template,cardinal_direction,0.9999445676803589,True,True,True,True,success,none,,True,0.38679200000002467,0.31562500000004157,0,9
original_validation,3929f7662489f48d,cardinal_direction,original_template,original_template,cardinal_direction,0.9999445676803589,True,True,True,True,success,none,,True,0.40537500000015214,0.33083300000003035,0,9
original_validation,b93e5601cd088138,cardinal_direction,original_template,original_template,cardinal_direction,0.9999445676803589,True,True,True,True,success,none,,True,0.37037499999992285,0.3181660000000086,0,9
original_validation,1db87012ad38f69f,cardinal_direction,original_template,original_template,cardinal_direction,0.9999445676803589,True,True,True,False,ambiguous,identity,referenced_entity_ambiguous,False,0.6228750000001337,0.312082999999852,0,9
original_validation,45e6ec9d6adb5518,cardinal_direction,original_template,original_template,cardinal_direction,0.9999445676803589,True,True,True,True,success,none,,True,0.43445900000005366,0.30924999999992764,0,9
original_validation,28dfdb41bef5eba8,cardinal_direction,original_template,original_template,cardinal_direction,0.9999445676803589,True,True,True,True,success,none,,True,0.5033330000001612,0.34870899999983607,0,9
original_validation,dca17e4433fd1b18,cardinal_direction,original_template,original_template,cardinal_direction,0.9999445676803589,True,True,True,True,success,none,,True,0.3954580000000707,0.33433299999985344,0,9
original_validation,ee8153ebeafa1df1,cardinal_direction,original_template,original_template,cardinal_direction,0.9999445676803589,True,True,True,True,success,none,,True,0.7061250000000019,0.3688749999999352,0,9
original_validation,e26380fcadedea98,cardinal_direction,original_template,original_template,cardinal_direction,0.9999445676803589,True,True,True,True,success,none,,True,0.5049580000000553,0.36479099999997544,0,9
original_validation,98d7950e3544bda8,cardinal_direction,original_template,original_template,cardinal_direction,0.9999445676803589,True,True,True,True,success,none,,True,0.47945799999982164,0.33270799999995937,0,9
original_validation,f8a97844bbc225aa,cardinal_direction,original_template,original_template,cardinal_direction,0.9999445676803589,True,True,True,True,success,none,,True,0.6738749999999349,0.3223340000000352,0,9
original_validation,8690a2b6c53c8fdf,cardinal_direction,original_template,original_template,cardinal_direction,0.9999445676803589,True,True,True,True,success,none,,True,0.4388340000001101,0.3079169999999909,0,9
original_validation,5871a6fe624148c4,cardinal_direction,original_template,original_template,cardinal_direction,0.9999445676803589,True,True,True,True,success,none,,True,0.4418330000000026,0.3161659999999511,0,9
original_validation,e3a7b4d486a9026a,cardinal_direction,original_template,original_template,cardinal_direction,0.9999445676803589,True,True,True,True,success,none,,True,0.7361249999999764,0.3675420000002205,0,9
original_validation,037f32b21c2b8301,cardinal_direction,original_template,original_template,cardinal_direction,0.9999445676803589,True,True,True,True,success,none,,True,0.4827079999998318,0.3306249999999178,0,9
original_validation,98728074f718c126,cardinal_direction,original_template,original_template,cardinal_direction,0.9999445676803589,True,True,True,True,success,none,,True,0.5074579999999607,0.3489999999999327,0,9
original_validation,14c505882869790c,cardinal_direction,original_template,original_template,cardinal_direction,0.9999445676803589,True,True,True,True,success,none,,True,0.6625419999999327,0.34633299999997647,0,9
original_validation,e18bbcd0c252e560,cardinal_direction,original_template,original_template,cardinal_direction,0.9999445676803589,True,True,True,True,success,none,,True,1.7650410000000782,1.247500000000068,0,9
original_validation,794572e0b49b0ee1,cardinal_direction,original_template,original_template,cardinal_direction,0.9999445676803589,True,True,True,True,success,none,,True,1.557042000000175,0.6948750000002057,0,9
original_validation,f4bf6660ccafa925,cardinal_direction,original_template,original_template,cardinal_direction,0.9999445676803589,True,True,True,True,success,none,,True,1.9043329999999248,1.1455830000000056,0,9
original_validation,b6a4dd110da27fa1,cardinal_direction,original_template,original_template,cardinal_direction,0.9999445676803589,True,True,True,True,success,none,,True,1.2387919999998775,0.9474169999998949,0,9
original_validation,8fc09b35f4ef2849,cardinal_direction,original_template,original_template,cardinal_direction,0.9999445676803589,True,True,True,True,success,none,,True,0.6777499999999215,0.43679199999990814,0,9
original_validation,f68ab18937b06ff3,cardinal_direction,original_template,original_template,cardinal_direction,0.9999445676803589,True,True,True,True,success,none,,True,0.7415829999999346,0.38279100000004895,0,9
original_validation,3019dc69b4803445,cardinal_direction,original_template,original_template,cardinal_direction,0.9999445676803589,True,True,True,True,success,none,,True,0.6472080000001768,0.3889580000000503,0,9
original_validation,f4de5506ab786f0d,cardinal_direction,original_template,original_template,cardinal_direction,0.9999445676803589,True,True,True,True,success,none,,True,1.2881249999998623,0.9388750000001167,0,9
original_validation,eb67155ca2be99bd,cardinal_direction,original_template,original_template,cardinal_direction,0.9999445676803589,True,True,True,False,ambiguous,identity,referenced_entity_ambiguous,False,1.86954100000003,1.1000409999999405,0,9
original_validation,c9f81d94a67dc85c,cardinal_direction,original_template,original_template,cardinal_direction,0.9999445676803589,True,True,True,True,success,none,,True,1.2323329999999189,0.8874159999998632,0,9
original_validation,ddf6271159696a4d,cardinal_direction,original_template,original_template,cardinal_direction,0.9999445676803589,True,True,True,True,success,none,,True,1.3407080000000793,0.9923330000001229,0,9
original_validation,40eae76cbe9007a6,cardinal_direction,original_template,original_template,cardinal_direction,0.9999445676803589,True,True,True,True,success,none,,True,1.253125000000077,0.9570830000000807,0,9
original_validation,60614feff8a76b35,cardinal_direction,original_template,original_template,cardinal_direction,0.9999445676803589,True,True,True,True,success,none,,True,1.339250000000014,1.1349160000000413,0,9
original_validation,18ac8010c5a67d71,cardinal_direction,original_template,original_template,cardinal_direction,0.9999445676803589,True,True,True,False,ambiguous,identity,referenced_entity_ambiguous,False,1.2051669999999515,1.0533329999999896,0,9
original_validation,8b8e6fafbcf51724,cardinal_direction,original_template,original_template,cardinal_direction,0.9999445676803589,True,True,True,True,success,none,,True,1.1406249999998952,0.8810000000001317,0,9
original_validation,e19bc67d085e5d30,cardinal_direction,original_template,original_template,cardinal_direction,0.9999445676803589,True,True,True,True,success,none,,True,0.97058399999983,0.8159580000000055,0,9
original_validation,a02ba552096847e6,cardinal_direction,original_template,original_template,cardinal_direction,0.9999445676803589,True,True,True,True,success,none,,True,1.0672920000001085,0.8642919999999332,0,9
original_validation,f28009d242f2baad,cardinal_direction,original_template,original_template,cardinal_direction,0.9999445676803589,True,True,True,False,ambiguous,identity,referenced_entity_ambiguous,False,1.7187910000000528,1.1434580000000416,0,9
original_validation,71b2021533ac00d1,cardinal_direction,original_template,original_template,cardinal_direction,0.9999445676803589,True,True,True,True,success,none,,True,1.2242499999999268,0.9189160000000474,0,9
original_validation,65e9b1cfcf1891fa,cardinal_direction,original_template,original_template,cardinal_direction,0.9999445676803589,True,True,True,False,ambiguous,identity,referenced_entity_ambiguous,False,1.1547080000000598,0.8986669999999641,0,9
original_validation,bff64f5b7d92a52c,cardinal_direction,original_template,original_template,cardinal_direction,0.9999445676803589,True,True,True,True,success,none,,True,1.1947080000000998,0.8715409999999757,0,9
original_validation,717ed7b0bd393346,cardinal_direction,original_template,original_template,cardinal_direction,0.9999445676803589,True,True,True,True,success,none,,True,1.2603749999999803,1.0465419999998726,0,9
original_validation,47128e3058d89ca0,cardinal_direction,original_template,original_template,cardinal_direction,0.9999445676803589,True,True,True,True,success,none,,True,1.0802910000000665,0.9436250000001145,0,9
original_validation,23e0161db49e23ec,cardinal_direction,original_template,original_template,cardinal_direction,0.9999445676803589,True,True,True,True,success,none,,True,0.6730830000001298,0.5222499999999464,0,9
original_validation,18af70f8c4116512,cardinal_direction,original_template,original_template,cardinal_direction,0.9999445676803589,True,True,True,True,success,none,,True,0.4765829999999749,0.39566700000004396,0,9
original_validation,631c321b0c72a807,cardinal_direction,original_template,original_template,cardinal_direction,0.9999445676803589,True,True,True,True,success,none,,True,0.4514580000001267,0.37454200000008875,0,9
original_validation,9fe7edf9e916c2c7,cardinal_direction,original_template,original_template,cardinal_direction,0.9999445676803589,True,True,True,True,success,none,,True,0.4082919999999213,0.32925000000005866,0,9
original_validation,484634a9515322a5,cardinal_direction,original_template,original_template,cardinal_direction,0.9999445676803589,True,True,True,True,success,none,,True,0.5913339999998879,0.33841699999981323,0,9
original_validation,a69b1f3db8d8b173,cardinal_direction,original_template,original_template,cardinal_direction,0.9999445676803589,True,True,True,True,success,none,,True,0.4433329999999902,0.3336250000001151,0,9
original_validation,4a74d8879546995b,cardinal_direction,original_template,original_template,cardinal_direction,0.9999445676803589,True,True,True,True,success,none,,True,0.41566699999995294,0.3094999999999626,0,9
original_validation,63835f9b339fd9ee,cardinal_direction,original_template,original_template,cardinal_direction,0.9999445676803589,True,True,True,True,success,none,,True,2.678167000000009,0.6753330000000002,0,9
original_validation,2f03260f57b8b96c,cardinal_direction,original_template,original_template,cardinal_direction,0.9999445676803589,True,True,True,True,success,none,,True,0.5139169999999194,0.35004199999999486,0,9
original_validation,58b968f8eda1c67a,cardinal_direction,original_template,original_template,cardinal_direction,0.9999445676803589,True,True,True,True,success,none,,True,0.5037909999998647,0.3496250000001311,0,9
original_validation,5893426c04cd3339,cardinal_direction,original_template,original_template,cardinal_direction,0.9999445676803589,True,True,True,True,success,none,,True,0.7397920000000724,0.33920799999997975,0,9
original_validation,6f957c48088a39ab,cardinal_direction,original_template,original_template,cardinal_direction,0.9999445676803589,True,True,True,True,success,none,,True,0.5231670000001021,0.37554099999992374,0,9
original_validation,b1d05959a8d2f3f8,cardinal_direction,original_template,original_template,cardinal_direction,0.9999445676803589,True,True,True,True,success,none,,True,0.45029099999993605,0.3283750000000474,0,9
original_validation,b338fa8b5800a7b5,cardinal_direction,original_template,original_template,cardinal_direction,0.9999445676803589,True,True,True,True,success,none,,True,0.6948329999998393,0.3395420000000815,0,9
original_validation,71c7f4e8d9754a4f,cardinal_direction,original_template,original_template,cardinal_direction,0.9999445676803589,True,True,True,True,success,none,,True,0.4682499999999479,0.32575000000001353,0,9
original_validation,db8f4b36721ac4a3,cardinal_direction,original_template,original_template,cardinal_direction,0.9999445676803589,True,True,True,True,success,none,,True,0.46358400000001687,0.3234999999999211,0,9
original_validation,fd6bc1eff1847cde,cardinal_direction,original_template,original_template,cardinal_direction,0.9999445676803589,True,True,True,True,success,none,,True,0.5900839999999352,0.3287089999999271,0,9
original_validation,3d26e36656da8825,cardinal_direction,original_template,original_template,cardinal_direction,0.9999445676803589,True,True,True,True,success,none,,True,0.44087500000000723,0.3289579999998793,0,9
original_validation,a4e78452f73e2b03,cardinal_direction,original_template,original_template,cardinal_direction,0.9999445676803589,True,True,True,True,success,none,,True,1.7058340000000172,1.2998749999999504,0,9
original_validation,582931c32e8900d2,cardinal_direction,original_template,original_template,cardinal_direction,0.9999445676803589,True,True,True,True,success,none,,True,1.2020000000001474,0.8449170000000006,0,9
original_validation,1cb74c63395a62a8,cardinal_direction,original_template,original_template,cardinal_direction,0.9999445676803589,True,True,True,True,success,none,,True,0.49099999999979715,0.3945839999999201,0,9
original_validation,e72ad18de47b8a78,cardinal_direction,original_template,original_template,cardinal_direction,0.9999445676803589,True,True,True,True,success,none,,True,0.4020829999999975,0.31887500000005176,0,9
original_validation,93dd1854b9688b2a,cardinal_direction,original_template,original_template,cardinal_direction,0.9999445676803589,True,True,True,True,success,none,,True,0.7263749999999458,0.350540999999982,0,9
original_validation,60585106ed47ea50,cardinal_direction,original_template,original_template,cardinal_direction,0.9999445676803589,True,True,True,True,success,none,,True,1.891500000000157,1.474917000000131,0,9
original_validation,ed468ae52adcfb14,cardinal_direction,original_template,original_template,cardinal_direction,0.9999445676803589,True,True,True,True,success,none,,True,1.3080420000000093,0.9147080000000418,0,9
original_validation,448914309267f680,cardinal_direction,original_template,original_template,cardinal_direction,0.9999445676803589,True,True,True,True,success,none,,True,1.8677910000000075,1.0302500000001213,0,9
original_validation,9eee32cf3f849fbe,cardinal_direction,original_template,original_template,cardinal_direction,0.9999445676803589,True,True,True,True,success,none,,True,1.2934170000000744,0.9290840000000244,0,9
original_validation,d33ee5fc1c4f98cf,cardinal_direction,original_template,original_template,cardinal_direction,0.9999445676803589,True,True,True,True,success,none,,True,1.2244999999999617,0.8815829999999636,0,9
original_validation,92ac654f475c087c,cardinal_direction,original_template,original_template,cardinal_direction,0.9999445676803589,True,True,True,True,success,none,,True,1.1609999999999676,0.9409170000000966,0,9
original_validation,1749ecc37c27e7a2,cardinal_direction,original_template,original_template,cardinal_direction,0.9999445676803589,True,True,True,True,success,none,,True,1.873125000000142,1.2381249999999788,0,9
original_validation,9d2afcb0790ee256,cardinal_direction,original_template,original_template,cardinal_direction,0.9999445676803589,True,True,True,True,success,none,,True,1.5809580000001322,1.249292000000013,0,9
original_validation,ba5f9f59130edd7e,cardinal_direction,original_template,original_template,cardinal_direction,0.9999445676803589,True,True,True,True,success,none,,True,1.1998339999998997,0.9222920000000467,0,9
original_validation,e94c652778ac56b1,cardinal_direction,original_template,original_template,cardinal_direction,0.9999445676803589,True,True,True,True,success,none,,True,1.32808299999998,0.951166999999975,0,9
original_validation,f0f29edb2139e61b,cardinal_direction,original_template,original_template,cardinal_direction,0.9999445676803589,True,True,True,False,ambiguous,identity,referenced_entity_ambiguous,False,1.126291000000057,0.8824999999998973,0,9
original_validation,6219540191263f09,cardinal_direction,original_template,original_template,cardinal_direction,0.9999445676803589,True,True,True,True,success,none,,True,1.0976670000000244,0.9017499999999234,0,9
original_validation,e592c71c8b80e916,cardinal_direction,original_template,original_template,cardinal_direction,0.9999445676803589,True,True,True,True,success,none,,True,1.255417000000092,0.9746669999999291,0,9
original_validation,568fedfd592325e7,cardinal_direction,original_template,original_template,cardinal_direction,0.9999445676803589,True,True,True,True,success,none,,True,1.1285420000000101,0.9540830000001055,0,9
original_validation,283ffab6397f384e,cardinal_direction,original_template,original_template,cardinal_direction,0.9999445676803589,True,True,True,True,success,none,,True,1.0329579999999172,0.8606670000002037,0,9
original_validation,0e52863b015f010b,cardinal_direction,original_template,original_template,cardinal_direction,0.9999445676803589,True,True,True,True,success,none,,True,1.7715840000001037,1.2603749999999803,0,9
original_validation,884060c51f3e02d1,cardinal_direction,original_template,original_template,cardinal_direction,0.9999445676803589,True,True,True,True,success,none,,True,0.5308749999999307,0.4022919999999708,0,9
original_validation,eed94139216c2cee,cardinal_direction,original_template,original_template,cardinal_direction,0.9999445676803589,True,True,True,True,success,none,,True,0.485542000000061,0.359084000000065,0,9
original_validation,8a45197b1066269f,cardinal_direction,original_template,original_template,cardinal_direction,0.9999445676803589,True,True,True,True,success,none,,True,0.42199999999992244,0.31333300000002673,0,9
original_validation,278b940a835045de,cardinal_direction,original_template,original_template,cardinal_direction,0.9999445676803589,True,True,True,True,success,none,,True,0.37266599999985495,0.313542,0,9
original_validation,73a58ba0820ddbf0,cardinal_direction,original_template,original_template,cardinal_direction,0.9999445676803589,True,True,True,False,ambiguous,identity,referenced_entity_ambiguous,False,0.35845800000000594,0.30929200000007206,0,9
original_validation,efb9959228ee5573,cardinal_direction,original_template,original_template,cardinal_direction,0.9999445676803589,True,True,True,False,ambiguous,identity,referenced_entity_ambiguous,False,0.5885420000000252,0.36199999999997345,0,9
original_validation,1d2d971acd0c0316,cardinal_direction,original_template,original_template,cardinal_direction,0.9999445676803589,True,True,True,True,success,none,,True,0.4225829999999764,0.31258300000014394,0,9
original_validation,407044c98e219191,cardinal_direction,original_template,original_template,cardinal_direction,0.9999445676803589,True,True,True,True,success,none,,True,0.6520410000001586,0.4553750000000356,0,9
original_validation,1d8b5c36b1322c99,cardinal_direction,original_template,original_template,cardinal_direction,0.9999445676803589,True,True,True,True,success,none,,True,0.4252499999999326,0.31329199999996504,0,9
original_validation,3b91748dadd3fcbe,cardinal_direction,original_template,original_template,cardinal_direction,0.9999445676803589,True,True,True,True,success,none,,True,0.39991599999988914,0.3039170000000979,0,9
original_validation,62841e36d4ae6c51,cardinal_direction,original_template,original_template,cardinal_direction,0.9999445676803589,True,True,True,True,success,none,,True,1.1327500000000157,0.9472910000001278,0,9
original_validation,f5581438c12e7d79,cardinal_direction,original_template,original_template,cardinal_direction,0.9999445676803589,True,True,True,True,success,none,,True,18.031833,17.641624999999994,0,9
original_validation,3c9c3a18a4984913,cardinal_direction,original_template,original_template,cardinal_direction,0.9999445676803589,True,True,True,True,success,none,,True,12.816042000000083,12.67158299999993,0,9
original_validation,65a15e193752e216,cardinal_direction,original_template,original_template,cardinal_direction,0.9999445676803589,True,True,True,True,success,none,,True,0.5289579999998573,0.41224999999989187,0,9
original_validation,96e9a270b403bfec,cardinal_direction,original_template,original_template,cardinal_direction,0.9999445676803589,True,True,True,True,success,none,,True,0.4897499999998445,0.3469579999999528,0,9
original_validation,d95734b005368ad5,cardinal_direction,original_template,original_template,cardinal_direction,0.9999445676803589,True,True,True,True,success,none,,True,0.4053749999999301,0.32999999999994145,0,9
original_validation,4a1fddf2b67cb62f,cardinal_direction,original_template,original_template,cardinal_direction,0.9999445676803589,True,True,True,True,success,none,,True,0.40295900000009155,0.3285419999998762,0,9
original_validation,bdd1137aae7a197d,cardinal_direction,original_template,original_template,cardinal_direction,0.9999445676803589,True,True,True,True,success,none,,True,2.8970000000001495,2.0682079999998493,0,9
original_validation,9cf4e8c0c03ae98e,cardinal_direction,original_template,original_template,cardinal_direction,0.9999445676803589,True,True,True,True,success,none,,True,1.5102089999998736,1.3218329999999945,0,9
original_validation,c7329900e61555b7,cardinal_direction,original_template,original_template,cardinal_direction,0.9999445676803589,True,True,True,False,ambiguous,identity,referenced_entity_ambiguous,False,1.792875000000027,1.0264170000000572,0,9
original_validation,b5872825d50f409d,cardinal_direction,original_template,original_template,cardinal_direction,0.9999445676803589,True,True,True,True,success,none,,True,3.0485829999999936,2.603250000000168,0,9
original_validation,b8359f4be006c139,cardinal_direction,original_template,original_template,cardinal_direction,0.9999445676803589,True,True,True,True,success,none,,True,2.9519579999999213,2.6969170000001874,0,9
original_validation,9828b317a6fd078c,cardinal_direction,original_template,original_template,cardinal_direction,0.9999445676803589,True,True,True,True,success,none,,True,2.2634580000000515,2.0049999999998125,0,9
original_validation,5a481c95b7778164,cardinal_direction,original_template,original_template,cardinal_direction,0.9999445676803589,True,True,True,True,success,none,,True,1.2474169999998619,1.0688750000000802,0,9
original_validation,7f378cdbbc908a60,cardinal_direction,original_template,original_template,cardinal_direction,0.9999445676803589,True,True,True,True,success,none,,True,3.591292000000079,3.225208000000146,0,9
original_validation,7f8f85372bb9b832,cardinal_direction,original_template,original_template,cardinal_direction,0.9999445676803589,True,True,True,True,success,none,,True,7.816500000000115,1.2709159999999553,0,9
original_validation,5be8c032b614f52f,cardinal_direction,original_template,original_template,cardinal_direction,0.9999445676803589,True,True,True,True,success,none,,True,2.186249999999834,0.8085840000000566,0,9
original_validation,adc2d87b2441743b,cardinal_direction,original_template,original_template,cardinal_direction,0.9999445676803589,True,True,True,True,success,none,,True,0.7725840000001316,0.5384579999998529,0,9
original_validation,f80e11ae4dae02d2,cardinal_direction,original_template,original_template,cardinal_direction,0.9999445676803589,True,True,True,True,success,none,,True,0.5437919999999874,0.4326249999999643,0,9
original_validation,9874f38d65b86ac5,cardinal_direction,original_template,original_template,cardinal_direction,0.9999445676803589,True,True,True,True,success,none,,True,7.346458,0.3573329999999597,0,9
original_validation,67cc7f6228322fff,within_radius_yes_no,original_template,original_template,within_radius_yes_no,0.9999382495880127,True,True,True,True,success,none,,True,6.106165999999913,4.337207999999926,0,17
original_validation,d79c83e05d17566c,within_radius_yes_no,original_template,original_template,within_radius_yes_no,0.9999382495880127,True,True,True,True,success,none,,True,2.0313749999998354,1.5107080000000828,0,17
original_validation,e2f65e2f4f39c95b,within_radius_yes_no,original_template,original_template,within_radius_yes_no,0.9999216794967651,True,True,True,True,success,none,,True,1.9845000000000557,1.7543330000000523,0,18
original_validation,6046c213e26f2819,within_radius_yes_no,original_template,original_template,within_radius_yes_no,0.9999216794967651,True,True,True,True,success,none,,True,1.5426659999999703,1.393624999999954,0,18
original_validation,27e934030a63a787,within_radius_yes_no,original_template,original_template,within_radius_yes_no,0.9999382495880127,True,True,True,True,success,none,,True,1.9603329999999808,1.3612499999999805,0,17
original_validation,f4579eabd1ce5650,within_radius_yes_no,original_template,original_template,within_radius_yes_no,0.9999382495880127,True,True,True,True,success,none,,True,1.190207999999915,1.0072080000000927,0,17
original_validation,a0f4e017565a375c,within_radius_yes_no,original_template,original_template,within_radius_yes_no,0.9999216794967651,True,True,True,True,success,none,,True,0.640959000000052,0.5635829999999231,0,18
original_validation,a6eb2a8db9ed85cf,within_radius_yes_no,original_template,original_template,within_radius_yes_no,0.9999299049377441,True,True,True,True,success,none,,True,0.5509159999999014,0.46962500000002905,0,17
original_validation,ca4e320f53150875,within_radius_yes_no,original_template,original_template,within_radius_yes_no,0.9999382495880127,True,True,True,True,success,none,,True,0.6884999999998698,0.4844999999999988,0,17
original_validation,99505d99c6f86f08,within_radius_yes_no,original_template,original_template,within_radius_yes_no,0.9999382495880127,True,True,True,True,success,none,,True,0.5631249999999977,0.47470899999990657,0,17
original_validation,dc1b8b5056b01ca9,within_radius_yes_no,original_template,original_template,within_radius_yes_no,0.9999382495880127,True,True,True,True,success,none,,True,0.8955420000000824,0.5101249999999169,0,17
original_validation,b064ee264e0f53f4,within_radius_yes_no,original_template,original_template,within_radius_yes_no,0.9999325275421143,True,True,True,True,success,none,,True,0.6137920000000019,0.46437499999996135,0,17
original_validation,38072aa061434d9a,within_radius_yes_no,original_template,original_template,within_radius_yes_no,0.9999382495880127,True,True,True,True,success,none,,True,2.2226249999999226,1.375582999999958,0,17
original_validation,75d5ef3860e7316c,within_radius_yes_no,original_template,original_template,within_radius_yes_no,0.9999325275421143,True,True,True,True,success,none,,True,1.7246250000000352,1.3569159999999858,0,17
original_validation,ab6f876b64548755,within_radius_yes_no,original_template,original_template,within_radius_yes_no,0.9999382495880127,True,True,True,True,success,none,,True,1.4679170000000408,1.1866659999999474,0,17
original_validation,0f910d08cbd63cde,within_radius_yes_no,original_template,original_template,within_radius_yes_no,0.9999382495880127,True,True,True,True,success,none,,True,1.5331669999998354,1.3618749999999569,0,17
original_validation,fe9cd634c38f600d,within_radius_yes_no,original_template,original_template,within_radius_yes_no,0.9999382495880127,True,True,True,True,success,none,,True,1.4073750000000995,1.1761249999999723,0,17
original_validation,3544400c5f1b62c0,within_radius_yes_no,original_template,original_template,within_radius_yes_no,0.9999325275421143,True,True,True,True,success,none,,True,1.5489579999998782,1.1838339999998837,0,17
original_validation,092c4dfcbe1a01f6,within_radius_yes_no,original_template,original_template,within_radius_yes_no,0.9999208450317383,True,True,True,True,success,none,,True,1.4826249999999597,1.3314589999999793,0,17
original_validation,4c91db78e17afa23,within_radius_yes_no,original_template,original_template,within_radius_yes_no,0.9999216794967651,True,True,True,True,success,none,,True,1.546334000000149,1.3128329999998467,0,18
original_validation,b80dd6610679b2c2,within_radius_yes_no,original_template,original_template,within_radius_yes_no,0.9999216794967651,True,True,True,True,success,none,,True,1.895250000000015,1.70929200000014,0,18
original_validation,c631a5da83cc6649,within_radius_yes_no,original_template,original_template,within_radius_yes_no,0.9999382495880127,True,True,True,True,success,none,,True,2.3831249999999304,1.5547080000000157,0,17
original_validation,66fbac472f002ac9,within_radius_yes_no,original_template,original_template,within_radius_yes_no,0.9999382495880127,True,True,True,True,success,none,,True,2.0773330000001256,1.6638749999999813,0,17
original_validation,625d919e171f57e0,within_radius_yes_no,original_template,original_template,within_radius_yes_no,0.9999223947525024,True,True,True,True,success,none,,True,1.6068329999998632,1.377291999999919,0,17
original_validation,a52432fea28ce8d3,within_radius_yes_no,original_template,original_template,within_radius_yes_no,0.9999223947525024,True,True,True,True,success,none,,True,1.3833750000000755,1.2457500000000454,0,17
original_validation,a7d65109970f9e15,within_radius_yes_no,original_template,original_template,within_radius_yes_no,0.9999277591705322,True,True,True,True,success,none,,True,2.3065420000001335,2.0391250000000305,0,17
original_validation,2d7734eb32a72443,within_radius_yes_no,original_template,original_template,within_radius_yes_no,0.9999208450317383,True,True,True,True,success,none,,True,0.6656659999999537,0.5960419999999633,0,17
original_validation,1a9f7559bce06a56,within_radius_yes_no,original_template,original_template,within_radius_yes_no,0.999923586845398,True,True,True,True,success,none,,True,0.5743330000000935,0.4828749999998827,0,17
original_validation,f962fccc7ed9acda,within_radius_yes_no,original_template,original_template,within_radius_yes_no,0.9999216794967651,True,True,True,True,success,none,,True,0.5697080000000021,0.4912499999998321,0,18
original_validation,e4696ac4ec523d6a,within_radius_yes_no,original_template,original_template,within_radius_yes_no,0.9999216794967651,True,True,True,True,success,none,,True,0.5276249999999205,0.48133400000005544,0,18
original_validation,a8b55f98ae6cfa4e,within_radius_yes_no,original_template,original_template,within_radius_yes_no,0.9999382495880127,True,True,True,True,success,none,,True,0.8522920000000322,0.515417000000129,0,17
original_validation,08cd20d43869ebbd,within_radius_yes_no,original_template,original_template,within_radius_yes_no,0.9999325275421143,True,True,True,True,success,none,,True,0.6268329999998823,0.49312499999998316,0,17
original_validation,0a3b0bcf1189d6e5,within_radius_yes_no,original_template,original_template,within_radius_yes_no,0.9999382495880127,True,True,True,True,success,none,,True,1.2844170000001487,0.7816670000000414,0,17
original_validation,e19225b1ac740e1b,within_radius_yes_no,original_template,original_template,within_radius_yes_no,0.9999325275421143,True,True,True,True,success,none,,True,1.6374999999999584,1.2867090000001635,0,17
original_validation,b17c6359eb06442e,within_radius_yes_no,original_template,original_template,within_radius_yes_no,0.9999382495880127,True,True,True,True,success,none,,True,2.090334000000027,1.4361670000000437,0,17
original_validation,889dfea5a08e063c,within_radius_yes_no,original_template,original_template,within_radius_yes_no,0.9999382495880127,True,True,True,True,success,none,,True,1.6956670000001228,1.4459170000000743,0,17
original_validation,939feefd01af083c,within_radius_yes_no,original_template,original_template,within_radius_yes_no,0.9999382495880127,True,True,True,True,success,none,,True,2.113958000000027,1.307500000000017,0,17
original_validation,9920c394c7a8f694,within_radius_yes_no,original_template,original_template,within_radius_yes_no,0.9999382495880127,True,True,True,True,success,none,,True,1.6768329999998777,1.3945829999999493,0,17
original_validation,0416c1b5be5b8712,within_radius_yes_no,original_template,original_template,within_radius_yes_no,0.9999382495880127,True,True,True,True,success,none,,True,1.9738329999998694,1.2914159999999342,0,17
original_validation,bc00466390118c91,within_radius_yes_no,original_template,original_template,within_radius_yes_no,0.9999382495880127,True,True,True,True,success,none,,True,1.5037090000000752,1.210999999999851,0,17
original_validation,a66f357216d82ffd,within_radius_yes_no,original_template,original_template,within_radius_yes_no,0.9999382495880127,True,True,True,True,success,none,,True,2.3432910000000806,1.5008329999999237,0,17
original_validation,3ba2c9f7c709f4bc,within_radius_yes_no,original_template,original_template,within_radius_yes_no,0.9999325275421143,True,True,True,True,success,none,,True,2.2931669999999293,1.887250000000007,0,17
original_validation,64c3d3310a300e7e,within_radius_yes_no,original_template,original_template,within_radius_yes_no,0.9999382495880127,True,True,True,True,success,none,,True,2.464792000000049,1.3769169999999775,0,17
original_validation,ddb500395e075c65,within_radius_yes_no,original_template,original_template,within_radius_yes_no,0.9999382495880127,True,True,True,True,success,none,,True,1.698917000000133,1.3169170000000285,0,17
original_validation,d678f7e93d4d9924,within_radius_yes_no,original_template,original_template,within_radius_yes_no,0.9999325275421143,True,True,True,True,success,none,,True,1.737791000000044,1.208208999999849,0,17
original_validation,46173b4e355440d7,within_radius_yes_no,original_template,original_template,within_radius_yes_no,0.9999382495880127,True,True,True,True,success,none,,True,0.6870409999999438,0.585209000000031,0,17
original_validation,43e87db6aa3c17d6,within_radius_yes_no,original_template,original_template,within_radius_yes_no,0.9999382495880127,True,True,True,True,success,none,,True,0.6948329999998393,0.49683300000014086,0,17
original_validation,532cb72903692a4a,within_radius_yes_no,original_template,original_template,within_radius_yes_no,0.9999382495880127,True,True,True,True,success,none,,True,0.5667080000000269,0.4902089999998527,0,17
original_validation,7c820b858dc607c7,within_radius_yes_no,original_template,original_template,within_radius_yes_no,0.9999382495880127,True,True,True,True,success,none,,True,0.8174579999999931,0.5133749999999271,0,17
original_validation,01837f0be873e3f2,within_radius_yes_no,original_template,original_template,within_radius_yes_no,0.9999382495880127,True,True,True,True,success,none,,True,0.6087079999999023,0.4817500000000585,0,17
original_validation,3d1968bd425bf217,within_radius_yes_no,original_template,original_template,within_radius_yes_no,0.9999382495880127,True,True,True,True,success,none,,True,1.2946250000001047,0.49520800000002474,0,17
original_validation,392a7f0f0888c069,within_radius_yes_no,original_template,original_template,within_radius_yes_no,0.9999382495880127,True,True,True,True,success,none,,True,1.6864170000001621,1.3359170000000198,0,17
original_validation,ff4083af35d7cf77,within_radius_yes_no,original_template,original_template,within_radius_yes_no,0.9999382495880127,True,True,True,True,success,none,,True,1.681374999999985,1.2987499999999041,0,17
original_validation,c69db9633aeadf8e,within_radius_yes_no,original_template,original_template,within_radius_yes_no,0.9999382495880127,True,True,True,True,success,none,,True,1.566333999999836,1.3963750000001163,0,17
original_validation,4c1dca5f5ab793eb,within_radius_yes_no,original_template,original_template,within_radius_yes_no,0.9999325275421143,True,True,True,True,success,none,,True,0.859750000000048,0.5690000000000417,0,17
original_validation,2ce2df49e3b5b84d,within_radius_yes_no,original_template,original_template,within_radius_yes_no,0.9999382495880127,True,True,True,True,success,none,,True,0.6057499999998495,0.48779200000015344,0,17
original_validation,b7566f7d6c033ff7,within_radius_yes_no,original_template,original_template,within_radius_yes_no,0.9999382495880127,True,True,True,True,success,none,,True,0.8078330000000911,0.4857499999999515,0,17
original_validation,1842fb8d611e6fdc,within_radius_yes_no,original_template,original_template,within_radius_yes_no,0.9999325275421143,True,True,True,True,success,none,,True,0.5768329999999988,0.45633300000003096,0,17
original_validation,e60407d7012e4e5a,within_radius_yes_no,original_template,original_template,within_radius_yes_no,0.9999382495880127,True,True,True,True,success,none,,True,0.76162500000021,0.4965830000001059,0,17
original_validation,570c67ad671b6ec5,within_radius_yes_no,original_template,original_template,within_radius_yes_no,0.9999382495880127,True,True,True,True,success,none,,True,0.5636669999999899,0.46075000000000976,0,17
original_validation,99055d7bca3d677b,within_radius_yes_no,original_template,original_template,within_radius_yes_no,0.9999216794967651,True,True,True,True,success,none,,True,0.5893749999998921,0.5047500000001648,0,18
original_validation,dc61cc75deafaec1,within_radius_yes_no,original_template,original_template,within_radius_yes_no,0.9999216794967651,True,True,True,True,success,none,,True,0.5527919999999131,0.503417000000006,0,18
original_validation,9ec73d06ca7c8843,within_radius_yes_no,original_template,original_template,within_radius_yes_no,0.9999382495880127,True,True,True,True,success,none,,True,0.8585840000001621,0.4946249999999708,0,17
original_validation,b5add719c0d49ed4,within_radius_yes_no,original_template,original_template,within_radius_yes_no,0.9999382495880127,True,True,True,True,success,none,,True,0.6291670000000416,0.4865839999999011,0,17
original_validation,53dad2b767a3ee37,within_radius_yes_no,original_template,original_template,within_radius_yes_no,0.9999382495880127,True,True,True,True,success,none,,True,14.89462499999994,14.572083000000013,0,17
original_validation,0d4eae18226ce364,within_radius_yes_no,original_template,original_template,within_radius_yes_no,0.9999325275421143,True,True,True,True,success,none,,True,0.6134170000000605,0.49275000000004177,0,17
original_validation,774855041f30bddb,within_radius_yes_no,original_template,original_template,within_radius_yes_no,0.9999216794967651,True,True,True,True,success,none,,True,0.610833999999949,0.5080410000000146,0,18
original_validation,0fbdbc7bea778033,within_radius_yes_no,original_template,original_template,within_radius_yes_no,0.9999216794967651,True,True,True,True,success,none,,True,0.561542000000026,0.5047089999998811,0,18
original_validation,5ff0b6009069994e,within_radius_yes_no,original_template,original_template,within_radius_yes_no,0.9999382495880127,True,True,True,True,success,none,,True,0.7756249999999465,0.5072920000002146,0,17
original_validation,192965146052e23f,within_radius_yes_no,original_template,original_template,within_radius_yes_no,0.9999382495880127,True,True,True,True,success,none,,True,0.6085840000000786,0.5042909999999345,0,17
original_validation,1e59a3a9e2dddb90,within_radius_yes_no,original_template,original_template,within_radius_yes_no,0.9999382495880127,True,True,True,True,success,none,,True,0.8248750000001692,0.4826250000000698,0,17
original_validation,8d53822dac787de3,within_radius_yes_no,original_template,original_template,within_radius_yes_no,0.9999325275421143,True,True,True,True,success,none,,True,0.6224169999999862,0.4831250000001397,0,17
original_validation,bb893b38c4f59330,within_radius_yes_no,original_template,original_template,within_radius_yes_no,0.9999382495880127,True,True,True,True,success,none,,True,0.7699999999999374,0.4756659999998192,0,17
original_validation,8116b9ca74d828da,within_radius_yes_no,original_template,original_template,within_radius_yes_no,0.9999382495880127,True,True,True,True,success,none,,True,0.5917089999998293,0.4762080000000335,0,17
original_validation,5ac56b76a38c4759,within_radius_yes_no,original_template,original_template,within_radius_yes_no,0.9999382495880127,True,True,True,True,success,none,,True,0.7487090000000141,0.4719590000001883,0,17
original_validation,2e61ead2bc9698bd,within_radius_yes_no,original_template,original_template,within_radius_yes_no,0.9999325275421143,True,True,True,True,success,none,,True,0.5819169999998763,0.47525000000003814,0,17
original_validation,4321eef4d4cab91b,within_radius_yes_no,original_template,original_template,within_radius_yes_no,0.9999382495880127,True,True,True,True,success,none,,True,0.7962079999999094,0.5123750000000094,0,17
original_validation,2304fb09a1ae20ec,within_radius_yes_no,original_template,original_template,within_radius_yes_no,0.9999382495880127,True,True,True,True,success,none,,True,0.6507499999999222,0.5365410000000015,0,17
original_validation,01b1a9bb6f359090,within_radius_yes_no,original_template,original_template,within_radius_yes_no,0.9999382495880127,True,True,True,True,success,none,,True,0.8519590000000132,0.4912919999999765,0,17
original_validation,d8149dc84fa5a716,within_radius_yes_no,original_template,original_template,within_radius_yes_no,0.9999382495880127,True,True,True,True,success,none,,True,0.6321250000000944,0.4949169999999281,0,17
original_validation,7c3ec5fc1eb87b6d,within_radius_yes_no,original_template,original_template,within_radius_yes_no,0.9999382495880127,True,True,True,True,success,none,,True,0.8471249999999486,0.49949999999987504,0,17
original_validation,48163634b0822ffd,within_radius_yes_no,original_template,original_template,within_radius_yes_no,0.9999325275421143,True,True,True,True,success,none,,True,0.6294589999999989,0.48904199999988407,0,17
original_validation,f79291d4896b0d1c,within_radius_yes_no,original_template,original_template,within_radius_yes_no,0.9999216794967651,True,True,True,True,success,none,,True,0.5966250000000173,0.4917909999999637,0,18
original_validation,00f9f368a1344de8,within_radius_yes_no,original_template,original_template,within_radius_yes_no,0.9999382495880127,True,True,True,True,success,none,,True,0.509542000000085,0.4595409999998967,0,17
original_validation,42390593418c1e51,within_radius_yes_no,original_template,original_template,within_radius_yes_no,0.9999382495880127,True,True,True,True,success,none,,True,0.7825829999998923,0.46137500000020815,0,17
original_validation,5df7d64cdddd6884,within_radius_yes_no,original_template,original_template,within_radius_yes_no,0.9999382495880127,True,True,True,True,success,none,,True,0.5744589999998606,0.45566699999999294,0,17
original_validation,d81706a7fc2cdf25,within_radius_yes_no,original_template,original_template,within_radius_yes_no,0.9999382495880127,True,True,True,True,success,none,,True,0.9705829999999693,0.4872090000000995,0,17
original_validation,dca3ffc709a34965,within_radius_yes_no,original_template,original_template,within_radius_yes_no,0.9999382495880127,True,True,True,True,success,none,,True,0.6990000000000052,0.4884999999998918,0,17
original_validation,59eadbd6ea43a679,within_radius_yes_no,original_template,original_template,within_radius_yes_no,0.9999223947525024,True,True,True,True,success,none,,True,0.5509999999999682,0.45845900000007767,0,17
original_validation,fa9a6d1ce226b3c0,within_radius_yes_no,original_template,original_template,within_radius_yes_no,0.9999382495880127,True,True,True,True,success,none,,True,0.5222499999999464,0.47274999999991074,0,17
original_validation,573b557a7adb1ff4,within_radius_yes_no,original_template,original_template,within_radius_yes_no,0.999923586845398,True,True,True,True,success,none,,True,0.5460829999999195,0.4752079999998937,0,17
original_validation,4da25d6dcb579f14,within_radius_yes_no,original_template,original_template,within_radius_yes_no,0.9999382495880127,True,True,True,True,success,none,,True,0.6365839999999956,0.4679159999998461,0,17
original_validation,9419bb4d522094bb,within_radius_yes_no,original_template,original_template,within_radius_yes_no,0.9999382495880127,True,True,True,True,success,none,,True,0.5367910000000364,0.4558329999999611,0,17
original_validation,8eae1bc25dc617de,within_radius_yes_no,original_template,original_template,within_radius_yes_no,0.9999216794967651,True,True,True,True,success,none,,True,0.5552499999998961,0.4839170000001669,0,18
original_validation,1a90c59410427f63,within_radius_yes_no,original_template,original_template,within_radius_yes_no,0.9999216794967651,True,True,True,True,success,none,,True,0.5174999999999486,0.4725420000000202,0,18
original_validation,c6ca9e1b0da0e1d0,within_radius_yes_no,original_template,original_template,within_radius_yes_no,0.9999325275421143,True,True,True,True,success,none,,True,0.7059170000001114,0.49108300000000327,0,17
original_validation,63ef8c0b97ba7094,within_radius_yes_no,original_template,original_template,within_radius_yes_no,0.9999382495880127,True,True,True,True,success,none,,True,0.5765840000000466,0.49316699999990554,0,17
original_validation,874d3366122ef5fd,within_radius_yes_no,original_template,original_template,within_radius_yes_no,0.9999382495880127,True,True,True,True,success,none,,True,0.8888750000000112,0.4878329999999931,0,17
original_validation,c36901649c2492fa,within_radius_yes_no,original_template,original_template,within_radius_yes_no,0.9999325275421143,True,True,True,True,success,none,,True,0.6232500000000751,0.47720900000003397,0,17
original_validation,9968dd449441d3e8,within_radius_yes_no,original_template,original_template,within_radius_yes_no,0.9999382495880127,True,True,True,True,success,none,,True,0.8381670000001673,0.476000000000143,0,17
original_validation,19ebe64befba2405,within_radius_yes_no,original_template,original_template,within_radius_yes_no,0.9999223947525024,True,True,True,True,success,none,,True,0.611499999999987,0.48079200000006317,0,17
original_validation,39d9993ead160b0b,within_radius_yes_no,original_template,original_template,within_radius_yes_no,0.9999382495880127,True,True,True,True,success,none,,True,0.6752500000000161,0.4762089999998942,0,17
original_validation,905ec952628e748b,within_radius_yes_no,original_template,original_template,within_radius_yes_no,0.9999382495880127,True,True,True,True,success,none,,True,0.5827919999998876,0.4789579999999738,0,17
original_validation,337625d5c33db5d0,within_radius_yes_no,original_template,original_template,within_radius_yes_no,0.9999382495880127,True,True,True,True,success,none,,True,0.8383749999998358,0.4785419999999707,0,17
original_validation,29e7ac80c518ff75,within_radius_yes_no,original_template,original_template,within_radius_yes_no,0.9999325275421143,True,True,True,True,success,none,,True,0.6052500000000016,0.4700839999998152,0,17
original_validation,2d686564ab997cf6,within_radius_yes_no,original_template,original_template,within_radius_yes_no,0.9999382495880127,True,True,True,True,success,none,,True,0.8989999999999831,0.49383399999980426,0,17
original_validation,42ed7ff91c786b8a,within_radius_yes_no,original_template,original_template,within_radius_yes_no,0.9999325275421143,True,True,True,True,success,none,,True,0.6880410000000836,0.5234579999999767,0,17
original_validation,d1e26518fb2fb465,within_radius_yes_no,original_template,original_template,within_radius_yes_no,0.9999382495880127,True,True,True,True,success,none,,True,0.8323329999999629,0.4858340000000183,0,17
original_validation,9877d6efa15d62ca,within_radius_yes_no,original_template,original_template,within_radius_yes_no,0.9999382495880127,True,True,True,True,success,none,,True,0.6033749999998506,0.47450000000015535,0,17
original_validation,20f1441d7e38dc49,within_radius_yes_no,original_template,original_template,within_radius_yes_no,0.9999382495880127,True,True,True,True,success,none,,True,0.854916999999844,0.4773750000000021,0,17
original_validation,9623334af602dd3c,within_radius_yes_no,original_template,original_template,within_radius_yes_no,0.9999325275421143,True,True,True,True,success,none,,True,0.6509999999999572,0.49949999999987504,0,17
original_validation,16be332f7f4dc828,within_radius_yes_no,original_template,original_template,within_radius_yes_no,0.9999223947525024,True,True,True,True,success,none,,True,0.5861249999998819,0.46929200000001003,0,17
original_validation,ab25e645ff64fe00,within_radius_yes_no,original_template,original_template,within_radius_yes_no,0.9999382495880127,True,True,True,True,success,none,,True,0.5156250000000195,0.45850000000013935,0,17
original_validation,172ac3dc712f9ada,within_radius_yes_no,original_template,original_template,within_radius_yes_no,0.9999223947525024,True,True,True,True,success,none,,True,0.6051669999997955,0.474540999999995,0,17
original_validation,6a3e6309d743049f,within_radius_yes_no,original_template,original_template,within_radius_yes_no,0.9999382495880127,True,True,True,True,success,none,,True,0.5241250000000974,0.46687500000008875,0,17
original_validation,b6c7603638031751,within_radius_yes_no,original_template,original_template,within_radius_yes_no,0.9999382495880127,True,True,True,True,success,none,,True,0.6190829999999092,0.47358299999999964,0,17
original_validation,ab463423f2397c2d,within_radius_yes_no,original_template,original_template,within_radius_yes_no,0.9999382495880127,True,True,True,True,success,none,,True,0.5548330000000323,0.48345799999993666,0,17
original_validation,e2e4d306b4d83ef5,within_radius_yes_no,original_template,original_template,within_radius_yes_no,0.9999216794967651,True,True,True,True,success,none,,True,0.5535839999999403,0.4897500000000665,0,18
original_validation,d64d5baea48d7e62,within_radius_yes_no,original_template,original_template,within_radius_yes_no,0.9999216794967651,True,True,True,True,success,none,,True,0.5192499999999711,0.46199999999996244,0,18
original_validation,872eea913de8b463,within_radius_yes_no,original_template,original_template,within_radius_yes_no,0.9999382495880127,True,True,True,True,success,none,,True,0.7489999999998886,0.4815000000000236,0,17
original_validation,143385e1f893dab4,within_radius_yes_no,original_template,original_template,within_radius_yes_no,0.9999382495880127,True,True,True,True,success,none,,True,0.5733329999999537,0.46545799999986315,0,17
original_validation,42e4347a0d3e5870,within_radius_yes_no,original_template,original_template,within_radius_yes_no,0.9999382495880127,True,True,True,True,success,none,,True,0.5525420000001002,0.47958299999995013,0,17
original_validation,15a450541b934e4b,within_radius_yes_no,original_template,original_template,within_radius_yes_no,0.9999382495880127,True,True,True,True,success,none,,True,0.8640419999998983,0.4888329999999108,0,17
original_validation,a951c16a46b47fcf,within_radius_yes_no,original_template,original_template,within_radius_yes_no,0.9999325275421143,True,True,True,True,success,none,,True,0.6099999999999994,0.4655000000000076,0,17
original_validation,567a47f875897213,within_radius_yes_no,original_template,original_template,within_radius_yes_no,0.9999216794967651,True,True,True,True,success,none,,True,0.5817079999999031,0.49758300000002365,0,18
original_validation,e8b83c5714fb4e2d,within_radius_yes_no,original_template,original_template,within_radius_yes_no,0.9999216794967651,True,True,True,True,success,none,,True,0.5442499999999129,0.49383299999994357,0,18
original_validation,e2f80322fc62f973,within_radius_yes_no,original_template,original_template,within_radius_yes_no,0.9999382495880127,True,True,True,True,success,none,,True,0.6820419999999938,0.4906660000001395,0,17
original_validation,caf05184f9fbde2b,within_radius_yes_no,original_template,original_template,within_radius_yes_no,0.9999382495880127,True,True,True,True,success,none,,True,0.57820800000008,0.4915829999998511,0,17
original_validation,a53fad8df00fe235,within_radius_yes_no,original_template,original_template,within_radius_yes_no,0.9999382495880127,True,True,True,True,success,none,,True,0.8494590000001079,0.4817919999999809,0,17
original_validation,1a1f25de7f3a428f,within_radius_yes_no,original_template,original_template,within_radius_yes_no,0.9999382495880127,True,True,True,True,success,none,,True,0.6007499999998167,0.46804200000005736,0,17
original_validation,0dafb78183744091,within_radius_yes_no,original_template,original_template,within_radius_yes_no,0.9999216794967651,True,True,True,True,success,none,,True,0.5716249999998535,0.47691700000007664,0,18
original_validation,ab5c9687a25824ad,within_radius_yes_no,original_template,original_template,within_radius_yes_no,0.9999382495880127,True,True,True,True,success,none,,True,0.8938750000000439,0.47487500000009675,0,17
original_validation,8bfaaa2ebb5ab7ee,within_radius_yes_no,original_template,original_template,within_radius_yes_no,0.9999325275421143,True,True,True,True,success,none,,True,0.6174160000000928,0.4589999999999872,0,17
original_validation,7013490b629d800a,within_radius_yes_no,original_template,original_template,within_radius_yes_no,0.9999382495880127,True,True,True,True,success,none,,True,0.6820419999999938,0.4807919999998411,0,17
original_validation,e86ad59dd557d641,within_radius_yes_no,original_template,original_template,within_radius_yes_no,0.9999382495880127,True,True,True,True,success,none,,True,0.5584999999999063,0.4740409999999251,0,17
original_validation,e839b4aa16b89e05,within_radius_yes_no,original_template,original_template,within_radius_yes_no,0.9999382495880127,True,True,True,True,success,none,,True,0.5547919999999706,0.47233300000004697,0,17
original_validation,9ce455ba1b5e2b2d,within_radius_yes_no,original_template,original_template,within_radius_yes_no,0.9999216794967651,True,True,True,True,success,none,,True,0.5807079999999853,0.48916700000001256,0,18
original_validation,3938e76e3a7f7934,within_radius_yes_no,original_template,original_template,within_radius_yes_no,0.9999223947525024,True,True,True,True,success,none,,True,0.5137920000000129,0.4677079999999556,0,17
original_validation,02da2cf550bb40b1,within_radius_yes_no,original_template,original_template,within_radius_yes_no,0.9999382495880127,True,True,True,True,success,none,,True,0.8123329999998319,0.4997079999999876,0,17
original_validation,f82be7167fb3d70a,within_radius_yes_no,original_template,original_template,within_radius_yes_no,0.9999382495880127,True,True,True,True,success,none,,True,0.6068329999999733,0.4859170000000024,0,17
original_validation,19d23d787a94619c,within_radius_yes_no,original_template,original_template,within_radius_yes_no,0.9999216794967651,True,True,True,True,success,none,,True,0.555749999999966,0.4867090000000296,0,18
original_validation,b424b7e320fe4188,within_radius_yes_no,original_template,original_template,within_radius_yes_no,0.9999382495880127,True,True,True,True,success,none,,True,0.519417000000022,0.4737499999998285,0,17
original_validation,c3d12c318652232e,within_radius_yes_no,original_template,original_template,within_radius_yes_no,0.9999216794967651,True,True,True,True,success,none,,True,0.537958000000005,0.47995899999997427,0,18
original_validation,895e79cc974ded71,within_radius_yes_no,original_template,original_template,within_radius_yes_no,0.9999216794967651,True,True,True,True,success,none,,True,0.5809169999999586,0.4725420000000202,0,18
original_validation,35d80f2b2b4bfab4,within_radius_yes_no,original_template,original_template,within_radius_yes_no,0.9999223947525024,True,True,True,True,success,none,,True,0.5413750000000661,0.4729169999999616,0,17
original_validation,ae4752f24ab42c6c,within_radius_yes_no,original_template,original_template,within_radius_yes_no,0.9999223947525024,True,True,True,True,success,none,,True,0.5366250000000683,0.4607089999999481,0,17
original_validation,49f82be11486d053,within_radius_yes_no,original_template,original_template,within_radius_yes_no,0.9999216794967651,True,True,True,True,success,none,,True,0.5310000000000592,0.4665839999999921,0,18
original_validation,3514eb3740643c08,within_radius_yes_no,original_template,original_template,within_radius_yes_no,0.9999277591705322,True,True,True,True,success,none,,True,0.5116249999999045,0.46758300000004915,0,17
original_validation,c69ef86f6ff46104,within_radius_yes_no,original_template,original_template,within_radius_yes_no,0.9999382495880127,True,True,True,True,success,none,,True,0.7135830000000176,0.4595409999998967,0,17
original_validation,9fc8c73b2addb879,within_radius_yes_no,original_template,original_template,within_radius_yes_no,0.9999325275421143,True,True,True,True,success,none,,True,0.5795840000000219,0.4714589999998964,0,17
original_validation,f7c2658ca78f3b19,within_radius_yes_no,original_template,original_template,within_radius_yes_no,0.9999382495880127,True,True,True,True,success,none,,True,0.5551249999999897,0.46429099999989454,0,17
original_validation,71d7c07392fbb044,within_radius_yes_no,original_template,original_template,within_radius_yes_no,0.9999223947525024,True,True,True,True,success,none,,True,0.5181659999999866,0.46304099999994186,0,17
original_validation,72149ce313ec8751,within_radius_yes_no,original_template,original_template,within_radius_yes_no,0.9999216794967651,True,True,True,True,success,none,,True,0.5637910000000357,0.4851670000001196,0,18
original_validation,ddca80c4251d08af,within_radius_yes_no,original_template,original_template,within_radius_yes_no,0.9999382495880127,True,True,True,True,success,none,,True,0.5231660000000193,0.47491700000001913,0,17
original_validation,8ae11529dc867e6c,within_radius_yes_no,original_template,original_template,within_radius_yes_no,0.9999382495880127,True,True,True,True,success,none,,True,0.5271250000000727,0.46008300000011104,0,17
original_validation,fe548bf0b263f95f,within_radius_yes_no,original_template,original_template,within_radius_yes_no,0.9999223947525024,True,True,True,True,success,none,,True,0.602540999999901,0.4678750000000065,0,17
original_validation,060b400febb6abf5,within_radius_yes_no,original_template,original_template,within_radius_yes_no,0.9999382495880127,True,True,True,True,success,none,,True,0.5420000000000424,0.48383299999987806,0,17
original_validation,d4292208422473ee,within_radius_yes_no,original_template,original_template,within_radius_yes_no,0.9999216794967651,True,True,True,True,success,none,,True,0.5316659999998752,0.47833299999999745,0,18
original_validation,280acd8139ff9fe6,within_radius_yes_no,original_template,original_template,within_radius_yes_no,0.9999382495880127,True,True,True,True,success,none,,True,0.8334160000000868,0.4835000000000811,0,17
original_validation,b8d20f65571dff6d,within_radius_yes_no,original_template,original_template,within_radius_yes_no,0.9999382495880127,True,True,True,True,success,none,,True,0.5962080000001535,0.4633750000000436,0,17
original_validation,d9e5cc9e2924f05b,within_radius_yes_no,original_template,original_template,within_radius_yes_no,0.9999382495880127,True,True,True,True,success,none,,True,0.7764999999999578,0.4643340000001217,0,17
original_validation,ed424bec13624633,within_radius_yes_no,original_template,original_template,within_radius_yes_no,0.9999382495880127,True,True,True,True,success,none,,True,0.6102920000001788,0.490207999999992,0,17
original_validation,27f7e5fc763519da,within_radius_yes_no,original_template,original_template,within_radius_yes_no,0.9999208450317383,True,True,True,True,success,none,,True,0.5577500000000235,0.46604199999999985,0,17
original_validation,e8fd0ea062c98bef,within_radius_yes_no,original_template,original_template,within_radius_yes_no,0.9999382495880127,True,True,True,True,success,none,,True,0.526833999999976,0.4765410000000525,0,17
original_validation,9f92df67b7c4e407,within_radius_yes_no,original_template,original_template,within_radius_yes_no,0.9999382495880127,True,True,True,True,success,none,,True,0.8984999999999133,0.49120899999999246,0,17
original_validation,d36d20d11cb83c8c,within_radius_yes_no,original_template,original_template,within_radius_yes_no,0.9999325275421143,True,True,True,True,success,none,,True,0.6446250000000653,0.4930419999999991,0,17
original_validation,568994a94945db2c,within_radius_yes_no,original_template,original_template,within_radius_yes_no,0.9999382495880127,True,True,True,True,success,none,,True,0.8197089999999463,0.519166999999987,0,17
original_validation,c83a41e326437eef,within_radius_yes_no,original_template,original_template,within_radius_yes_no,0.9999382495880127,True,True,True,True,success,none,,True,0.5982920000000558,0.4894589999999699,0,17
original_validation,509d7a3a00bd8c0b,within_radius_yes_no,original_template,original_template,within_radius_yes_no,0.9999382495880127,True,True,True,True,success,none,,True,0.8770420000001611,0.5052920000001571,0,17
original_validation,77b0231a37c22ae9,within_radius_yes_no,original_template,original_template,within_radius_yes_no,0.9999382495880127,True,True,True,True,success,none,,True,0.6479160000001372,0.5047080000000204,0,17
original_validation,9b7aba1c6f8ac0ea,within_radius_yes_no,original_template,original_template,within_radius_yes_no,0.9999382495880127,True,True,True,True,success,none,,True,1.012082999999997,0.48129200000013306,0,17
original_validation,9a5485acc6430bfe,within_radius_yes_no,original_template,original_template,within_radius_yes_no,0.9999382495880127,True,True,True,True,success,none,,True,0.6524589999998831,0.4933750000000181,0,17
original_validation,49ba0b7af4f6dbe5,within_radius_yes_no,original_template,original_template,within_radius_yes_no,0.9999216794967651,True,True,True,True,success,none,,True,0.5580830000000425,0.49945799999995266,0,18
original_validation,1e9fc190ee57a6db,within_radius_yes_no,original_template,original_template,within_radius_yes_no,0.9999382495880127,True,True,True,True,success,none,,True,0.5461250000000639,0.45591699999980584,0,17
original_validation,9e9f04585942739f,within_radius_yes_no,original_template,original_template,within_radius_yes_no,0.9999382495880127,True,True,True,True,success,none,,True,0.6055410000000983,0.47912500000002467,0,17
original_validation,dc198d9f161d817f,within_radius_yes_no,original_template,original_template,within_radius_yes_no,0.9999382495880127,True,True,True,True,success,none,,True,0.5353749999998936,0.4691670000001036,0,17
original_validation,c562c1848aa90dc7,within_radius_yes_no,original_template,original_template,within_radius_yes_no,0.9999382495880127,True,True,True,True,success,none,,True,0.80520900000014,0.48887500000005524,0,17
original_validation,a7ea91ebabf83805,within_radius_yes_no,original_template,original_template,within_radius_yes_no,0.9999325275421143,True,True,True,True,success,none,,True,0.5938749999998549,0.4645409999999295,0,17
original_validation,e8cf18448bad301c,within_radius_yes_no,original_template,original_template,within_radius_yes_no,0.9999208450317383,True,True,True,True,success,none,,True,0.7253750000000281,0.48291700000002713,0,17
original_validation,d6e52edd91288baf,within_radius_yes_no,original_template,original_template,within_radius_yes_no,0.9999382495880127,True,True,True,True,success,none,,True,0.5789170000001231,0.47583299999987005,0,17
original_validation,d23e25d4ce2c050a,within_radius_yes_no,original_template,original_template,within_radius_yes_no,0.9999382495880127,True,True,True,True,success,none,,True,0.8365000000001288,0.4769579999999163,0,17
original_validation,3e548da11202439e,within_radius_yes_no,original_template,original_template,within_radius_yes_no,0.9999167919158936,True,True,True,True,success,none,,True,0.6379589999998547,0.5033750000000836,0,17
original_validation,dd89e518ed6f7869,within_radius_yes_no,original_template,original_template,within_radius_yes_no,0.9999325275421143,True,True,True,True,success,none,,True,0.6795000000001661,0.47033299999998945,0,17
original_validation,7c7e599304a45eee,within_radius_yes_no,original_template,original_template,within_radius_yes_no,0.9999382495880127,True,True,True,True,success,none,,True,0.5633750000000326,0.47675000000002576,0,17
original_validation,9c360c2abfd8e9d7,within_radius_yes_no,original_template,original_template,within_radius_yes_no,0.9999325275421143,True,True,True,True,success,none,,True,0.5799170000000409,0.4815000000000236,0,17
original_validation,3e954709b5331beb,within_radius_yes_no,original_template,original_template,within_radius_yes_no,0.999923586845398,True,True,True,True,success,none,,True,0.521875000000005,0.46883300000000183,0,17
original_validation,01c196483e31a8d8,within_radius_yes_no,original_template,original_template,within_radius_yes_no,0.9999382495880127,True,True,True,True,success,none,,True,0.6327910000001324,0.46870799999987334,0,17
original_validation,9bd18930d8a0319b,within_radius_yes_no,original_template,original_template,within_radius_yes_no,0.9999382495880127,True,True,True,True,success,none,,True,0.5459590000000958,0.46220900000015774,0,17
original_validation,e8c0c5fe1bdbffd0,within_radius_yes_no,original_template,original_template,within_radius_yes_no,0.9999216794967651,True,True,True,True,success,none,,True,0.6559159999999231,0.4984999999999573,0,18
original_validation,93555a14688dd29c,within_radius_yes_no,original_template,original_template,within_radius_yes_no,0.9999382495880127,True,True,True,True,success,none,,True,0.5369170000000256,0.4748749999998747,0,17
original_validation,8045c41f38cda641,within_radius_yes_no,original_template,original_template,within_radius_yes_no,0.9999216794967651,True,True,True,True,success,none,,True,0.5327500000000818,0.4707909999999149,0,18
original_validation,b69ab85c81d0ce2e,within_radius_yes_no,original_template,original_template,within_radius_yes_no,0.9999208450317383,True,True,True,True,success,none,,True,0.621624999999959,0.47454200000007773,0,17
original_validation,55055058e18dc39f,within_radius_yes_no,original_template,original_template,within_radius_yes_no,0.9999382495880127,True,True,True,True,success,none,,True,0.542540999999952,0.47554199999999547,0,17
original_validation,d2282b7f26f10cb9,within_radius_yes_no,original_template,original_template,within_radius_yes_no,0.9999216794967651,True,True,True,True,success,none,,True,0.5380839999999942,0.47050000000004033,0,18
original_validation,fdc2ba2668b0d753,within_radius_yes_no,original_template,original_template,within_radius_yes_no,0.9999382495880127,True,True,True,True,success,none,,True,0.8120419999999573,0.4675000000000651,0,17
original_validation,7965f1982f6e8a4e,within_radius_yes_no,original_template,original_template,within_radius_yes_no,0.9999325275421143,True,True,True,True,success,none,,True,0.655750000000177,0.46349999999995006,0,17
original_validation,270425be6930b7e9,within_radius_yes_no,original_template,original_template,within_radius_yes_no,0.9999382495880127,True,True,True,True,success,none,,True,0.7459170000001514,0.4793750000000596,0,17
original_validation,d613ed8c50be1692,within_radius_yes_no,original_template,original_template,within_radius_yes_no,0.9999382495880127,True,True,True,True,success,none,,True,0.5824590000000907,0.47041600000019557,0,17
original_validation,2e96f750ad0f4f5d,within_radius_yes_no,original_template,original_template,within_radius_yes_no,0.9999382495880127,True,True,True,True,success,none,,True,0.8574169999999715,0.48200000000009346,0,17
original_validation,82b9f58e581e1beb,within_radius_yes_no,original_template,original_template,within_radius_yes_no,0.9999325275421143,True,True,True,True,success,none,,True,0.6119169999998508,0.46941599999983374,0,17
original_validation,831c801cbc81a1c5,within_radius_yes_no,original_template,original_template,within_radius_yes_no,0.9999382495880127,True,True,True,True,success,none,,True,0.7442079999999685,0.4707090000000136,0,17
original_validation,bd116c6591065407,within_radius_yes_no,original_template,original_template,within_radius_yes_no,0.9999382495880127,True,True,True,True,success,none,,True,0.5887090000000761,0.4713750000000516,0,17
original_validation,64b17a12fc3f4108,within_radius_yes_no,original_template,original_template,within_radius_yes_no,0.9999208450317383,True,True,True,True,success,none,,True,0.5545829999999974,0.47520800000011576,0,17
original_validation,a9b42d35fcff3a50,within_radius_yes_no,original_template,original_template,within_radius_yes_no,0.9999216794967651,True,True,True,True,success,none,,True,0.5524999999999558,0.47766600000009873,0,18
original_validation,af5727075f389e1e,within_radius_yes_no,original_template,original_template,within_radius_yes_no,0.999923586845398,True,True,True,True,success,none,,True,0.5168749999999722,0.4670420000001396,0,17
original_validation,86e7a96121e8abf8,within_radius_yes_no,original_template,original_template,within_radius_yes_no,0.9999216794967651,True,True,True,True,success,none,,True,0.5519579999999635,0.48237500000003486,0,18
original_validation,f882ade68c709bce,within_radius_yes_no,original_template,original_template,within_radius_yes_no,0.9999382495880127,True,True,True,True,success,none,,True,0.5940840000000502,0.4725839999999426,0,17
original_validation,5fc1302af951388b,within_radius_yes_no,original_template,original_template,within_radius_yes_no,0.9999382495880127,True,True,True,True,success,none,,True,0.5215409999999032,0.45741699999979346,0,17
original_validation,77757a208c32bc68,within_radius_yes_no,original_template,original_template,within_radius_yes_no,0.9999277591705322,True,True,True,True,success,none,,True,0.5429580000000378,0.4873329999999232,0,17
original_validation,a5a22ec907069c3c,within_radius_yes_no,original_template,original_template,within_radius_yes_no,0.9999382495880127,True,True,True,True,success,none,,True,0.7894170000000145,0.46229100000005907,0,17
original_validation,685ff33bbea6bc2d,within_radius_yes_no,original_template,original_template,within_radius_yes_no,0.9999325275421143,True,True,True,True,success,none,,True,0.6456660000000447,0.48154100000008526,0,17
original_validation,55239a24b3b8b43e,within_radius_yes_no,original_template,original_template,within_radius_yes_no,0.9999216794967651,True,True,True,True,success,none,,True,0.5276249999999205,0.47704200000020514,0,18
original_validation,65c26ab1c0f64a4d,within_radius_yes_no,original_template,original_template,within_radius_yes_no,0.9999382495880127,True,True,True,True,success,none,,True,0.9649580000001823,0.5229170000000671,0,17
original_validation,c0f513d2cd97b4a4,within_radius_yes_no,original_template,original_template,within_radius_yes_no,0.9999382495880127,True,True,True,True,success,none,,True,0.6174580000000152,0.4874580000000517,0,17
original_validation,ce7c8ced43e59c68,within_radius_yes_no,original_template,original_template,within_radius_yes_no,0.9999382495880127,True,True,True,True,success,none,,True,0.7705419999999297,0.46387499999989146,0,17
original_validation,d77ffff117639d5a,within_radius_yes_no,original_template,original_template,within_radius_yes_no,0.9999325275421143,True,True,True,True,success,none,,True,0.5672090000001795,0.4513339999998589,0,17
original_validation,b02010228e89a0a3,within_radius_yes_no,original_template,original_template,within_radius_yes_no,0.9999382495880127,True,True,True,True,success,none,,True,0.884708999999928,0.5245420000001833,0,17
original_validation,d1e9a7f60cf16a16,within_radius_yes_no,original_template,original_template,within_radius_yes_no,0.9999208450317383,True,True,True,True,success,none,,True,0.605541999999959,0.47041700000005626,0,17
original_validation,2bf1ca26b0c6471b,within_radius_yes_no,original_template,original_template,within_radius_yes_no,0.9999382495880127,True,True,True,True,success,none,,True,0.7592499999999891,0.4717080000000706,0,17
original_validation,e258c475d4c7c7eb,within_radius_yes_no,original_template,original_template,within_radius_yes_no,0.9999382495880127,True,True,True,True,success,none,,True,0.5875000000001851,0.47354199999993796,0,17
original_validation,4990e85e6790ca1f,within_radius_yes_no,original_template,original_template,within_radius_yes_no,0.9999382495880127,True,True,True,True,success,none,,True,0.705624999999932,0.4874580000000517,0,17
original_validation,8a1347fc39e65167,within_radius_yes_no,original_template,original_template,within_radius_yes_no,0.9999382495880127,True,True,True,True,success,none,,True,0.5646249999999853,0.4762499999999559,0,17
original_validation,066f21b679d07968,within_radius_yes_no,original_template,original_template,within_radius_yes_no,0.9999382495880127,True,True,True,True,success,none,,True,0.7527910000000304,0.45412500000008293,0,17
original_validation,6b4db5090d2dfbb2,within_radius_yes_no,original_template,original_template,within_radius_yes_no,0.9999382495880127,True,True,True,True,success,none,,True,0.5688329999999908,0.44987499999993297,0,17
original_validation,05974c819e39a206,within_radius_yes_no,original_template,original_template,within_radius_yes_no,0.9999382495880127,True,True,True,True,success,none,,True,0.7552500000000961,0.45320800000014927,0,17
original_validation,9ee70b60c0b5591e,within_radius_yes_no,original_template,original_template,within_radius_yes_no,0.9999382495880127,True,True,True,True,success,none,,True,0.5949590000000615,0.47883300000006734,0,17
original_validation,7b71cc42d71bdccd,within_radius_yes_no,original_template,original_template,within_radius_yes_no,0.9999216794967651,True,True,True,True,success,none,,True,0.5759999999999099,0.49162499999999554,0,18
original_validation,3491217345552f0d,within_radius_yes_no,original_template,original_template,within_radius_yes_no,0.9999382495880127,True,True,True,True,success,none,,True,0.5387919999999546,0.4749580000000808,0,17
original_validation,9c966781c8ab9dbe,within_radius_yes_no,original_template,original_template,within_radius_yes_no,0.9999382495880127,True,True,True,True,success,none,,True,0.49045800000002693,0.4467920000001957,0,17
original_validation,5c805c1de1a735cb,within_radius_yes_no,original_template,original_template,within_radius_yes_no,0.9999223947525024,True,True,True,True,success,none,,True,0.6875830000001582,0.4701670000000213,0,17
original_validation,b7918544fb3a2b4f,within_radius_yes_no,original_template,original_template,within_radius_yes_no,0.9999382495880127,True,True,True,True,success,none,,True,0.5595419999999685,0.4639579999998755,0,17
original_validation,ceaa561ce75a827d,within_radius_yes_no,original_template,original_template,within_radius_yes_no,0.9999382495880127,True,True,True,True,success,none,,True,0.5840409999999796,0.47341599999994877,0,17
original_validation,36e4c85f042902d3,within_radius_yes_no,original_template,original_template,within_radius_yes_no,0.9999382495880127,True,True,True,True,success,none,,True,0.50929200000005,0.45291700000005264,0,17
original_validation,4380df98e85fa418,within_radius_yes_no,original_template,original_template,within_radius_yes_no,0.9999382495880127,True,True,True,True,success,none,,True,0.5936659999998817,0.4989579999998828,0,17
original_validation,6bacb46c28580a45,within_radius_yes_no,original_template,original_template,within_radius_yes_no,0.9999382495880127,True,True,True,True,success,none,,True,0.5307079999998798,0.47812500000010694,0,17
original_validation,147c903f658049db,within_radius_yes_no,original_template,original_template,within_radius_yes_no,0.9999216794967651,True,True,True,True,success,none,,True,0.5620000000001735,0.49387499999986595,0,18
original_validation,a4f00f2cf8a50fdf,within_radius_yes_no,original_template,original_template,within_radius_yes_no,0.9999216794967651,True,True,True,True,success,none,,True,0.5270829999999282,0.4853339999999484,0,18
original_validation,a9da7c572a9f2126,within_radius_yes_no,original_template,original_template,within_radius_yes_no,0.9999382495880127,True,True,True,True,success,none,,True,0.7035420000001125,0.46995800000004806,0,17
original_validation,82570decb55bdf63,within_radius_yes_no,original_template,original_template,within_radius_yes_no,0.9999382495880127,True,True,True,True,success,none,,True,0.5605830000001699,0.467417000000081,0,17
original_validation,041d68c2f73aec06,within_radius_yes_no,original_template,original_template,within_radius_yes_no,0.9999382495880127,True,True,True,True,success,none,,True,0.8225420000000927,0.46929200000001003,0,17
original_validation,41ce0410d997e94f,within_radius_yes_no,original_template,original_template,within_radius_yes_no,0.9999382495880127,True,True,True,True,success,none,,True,0.6077079999999846,0.4695829999998846,0,17
original_validation,5e154ca9dff82228,within_radius_yes_no,original_template,original_template,within_radius_yes_no,0.9999382495880127,True,True,True,True,success,none,,True,0.7236669999999279,0.45074999999994425,0,17
original_validation,202af8800515aec3,within_radius_yes_no,original_template,original_template,within_radius_yes_no,0.9999382495880127,True,True,True,True,success,none,,True,0.5919999999999259,0.471749999999993,0,17
original_validation,83d8d56287dc9989,within_radius_yes_no,original_template,original_template,within_radius_yes_no,0.9999325275421143,True,True,True,True,success,none,,True,0.5660830000000505,0.4623340000000642,0,17
original_validation,969f8d91205924d9,within_radius_yes_no,original_template,original_template,within_radius_yes_no,0.9999382495880127,True,True,True,True,success,none,,True,0.49191699999995286,0.4429999999999712,0,17
original_validation,b2532df6effd4fa5,within_radius_yes_no,original_template,original_template,within_radius_yes_no,0.9999382495880127,True,True,True,True,success,none,,True,0.8125409999999444,0.4641659999999881,0,17
original_validation,15bef64cc8d64adf,within_radius_yes_no,original_template,original_template,within_radius_yes_no,0.9999382495880127,True,True,True,True,success,none,,True,0.6601250000000114,0.45854200000006173,0,17
original_validation,97522591f29ca2f0,within_radius_yes_no,original_template,original_template,within_radius_yes_no,0.9999382495880127,True,True,True,True,success,none,,True,0.7062920000000528,0.4475420000000785,0,17
original_validation,904685756cf7aa7a,within_radius_yes_no,original_template,original_template,within_radius_yes_no,0.9999325275421143,True,True,True,True,success,none,,True,0.570208000000072,0.46695799999985077,0,17
original_validation,95c4e49dbc2b1d9e,within_radius_yes_no,original_template,original_template,within_radius_yes_no,0.9999382495880127,True,True,True,True,success,none,,True,0.5927500000000308,0.4653329999999567,0,17
original_validation,cc68089fa1fc5248,within_radius_yes_no,original_template,original_template,within_radius_yes_no,0.9999382495880127,True,True,True,True,success,none,,True,0.5475000000001451,0.4705839999998851,0,17
original_validation,14aa683712c326bf,within_radius_yes_no,original_template,original_template,within_radius_yes_no,0.9999382495880127,True,True,True,True,success,none,,True,0.8651669999999445,0.4841669999999798,0,17
original_validation,b6dfe516114cae48,within_radius_yes_no,original_template,original_template,within_radius_yes_no,0.9999382495880127,True,True,True,True,success,none,,True,0.6114590000001474,0.4680419999998353,0,17
original_validation,0ef3e5f8b9fc525a,within_radius_yes_no,original_template,original_template,within_radius_yes_no,0.9999382495880127,True,True,True,True,success,none,,True,0.7722920000001743,0.46541599999994077,0,17
original_validation,67f1e6e5927ef9bf,within_radius_yes_no,original_template,original_template,within_radius_yes_no,0.9999325275421143,True,True,True,True,success,none,,True,0.5833330000000192,0.4553750000000356,0,17
original_validation,e085c3a913049cb6,within_radius_yes_no,original_template,original_template,within_radius_yes_no,0.9999167919158936,True,True,True,True,success,none,,True,0.7463340000000152,0.5019580000000801,0,17
original_validation,12f0639948356cfb,within_radius_yes_no,original_template,original_template,within_radius_yes_no,0.9999382495880127,True,True,True,True,success,none,,True,0.5777499999999325,0.4815829999997856,0,17
original_validation,929184f77477d6d1,within_radius_yes_no,original_template,original_template,within_radius_yes_no,0.9999223947525024,True,True,True,True,success,none,,True,0.5815410000000742,0.45170900000002234,0,17
original_validation,8543230f5b14b7be,within_radius_yes_no,original_template,original_template,within_radius_yes_no,0.9999382495880127,True,True,True,True,success,none,,True,0.5197080000001186,0.45266599999993495,0,17
original_validation,24b7b60e645c1c99,within_radius_yes_no,original_template,original_template,within_radius_yes_no,0.9999382495880127,True,True,True,True,success,none,,True,0.5669170000000001,0.47554199999999547,0,17
original_validation,66678201b5126a6d,within_radius_yes_no,original_template,original_template,within_radius_yes_no,0.9999382495880127,True,True,True,True,success,none,,True,0.7401249999998694,0.4752079999998937,0,17
original_validation,0c0178865554d140,within_radius_yes_no,original_template,original_template,within_radius_yes_no,0.9999325275421143,True,True,True,True,success,none,,True,0.5777090000000928,0.4706670000000912,0,17
original_validation,894512be377b397b,within_radius_yes_no,original_template,original_template,within_radius_yes_no,0.9999223947525024,True,True,True,True,success,none,,True,0.5257499999999915,0.44566700000014947,0,17
original_validation,032a5e1fb97e21f1,within_radius_yes_no,original_template,original_template,within_radius_yes_no,0.9999223947525024,True,True,True,True,success,none,,True,0.5010830000000688,0.45275000000000176,0,17
original_validation,09eb76a63c62539c,within_radius_yes_no,original_template,original_template,within_radius_yes_no,0.9999382495880127,True,True,True,True,success,none,,True,0.6481670000000328,0.461875000000056,0,17
original_validation,694620775d45dc6d,within_radius_yes_no,original_template,original_template,within_radius_yes_no,0.9999167919158936,True,True,True,True,success,none,,True,0.545875000000029,0.4601250000000334,0,17
original_validation,d7efc2b0aa583ee5,within_radius_yes_no,original_template,original_template,within_radius_yes_no,0.999923586845398,True,True,True,True,success,none,,True,0.5572080000000312,0.4528339999998465,0,17
original_validation,10ea9193951748fc,within_radius_yes_no,original_template,original_template,within_radius_yes_no,0.999923586845398,True,True,True,True,success,none,,True,0.5124999999999158,0.4547089999999976,0,17
original_validation,38457416a63b3c27,within_radius_yes_no,original_template,original_template,within_radius_yes_no,0.9999382495880127,True,True,True,True,success,none,,True,0.5963339999999206,0.4478750000000975,0,17
original_validation,98be45dd91d2d3e2,within_radius_yes_no,original_template,original_template,within_radius_yes_no,0.9999277591705322,True,True,True,True,success,none,,True,0.5577080000001011,0.4577079999998901,0,17
original_validation,803a66c29adbdcb2,within_radius_yes_no,original_template,original_template,within_radius_yes_no,0.9999167919158936,True,True,True,True,success,none,,True,0.5040419999999823,0.44954199999991395,0,17
original_validation,18a7ee102455f9d8,within_radius_yes_no,original_template,original_template,within_radius_yes_no,0.9999382495880127,True,True,True,True,success,none,,True,0.5240410000000306,0.4668329999999443,0,17
original_validation,06d1c2c4e62bc466,within_radius_yes_no,original_template,original_template,within_radius_yes_no,0.9999223947525024,True,True,True,True,success,none,,True,0.495750000000017,0.45325000000007165,0,17
original_validation,3d03075ecfb41c0a,within_radius_yes_no,original_template,original_template,within_radius_yes_no,0.9999382495880127,True,True,True,True,success,none,,True,0.5617079999999941,0.4565830000000659,0,17
original_validation,ad492371b49909f2,within_radius_yes_no,original_template,original_template,within_radius_yes_no,0.9999382495880127,True,True,True,True,success,none,,True,0.518208000000131,0.46325000000013716,0,17
original_validation,eb6616f818bde8cb,within_radius_yes_no,original_template,original_template,within_radius_yes_no,0.9999382495880127,True,True,True,True,success,none,,True,0.5227910000000779,0.4593330000000062,0,17
original_validation,80af61dfa55f86da,within_radius_yes_no,original_template,original_template,within_radius_yes_no,0.9999382495880127,True,True,True,True,success,none,,True,0.5116250000001266,0.4674590000000034,0,17
original_validation,b4adb11f3f72e04d,within_radius_yes_no,original_template,original_template,within_radius_yes_no,0.9999325275421143,True,True,True,True,success,none,,True,0.5730830000001408,0.4739590000000238,0,17
original_validation,1b05c5ccb4708089,within_radius_yes_no,original_template,original_template,within_radius_yes_no,0.9999382495880127,True,True,True,True,success,none,,True,0.5802079999999155,0.4535829999998686,0,17
original_validation,9d01a6dcc84ad649,within_radius_yes_no,original_template,original_template,within_radius_yes_no,0.999923586845398,True,True,True,True,success,none,,True,0.5262910000001231,0.4618330000001336,0,17
original_validation,db9fbcea6674628f,closer_of_two,original_template,original_template,closer_of_two,0.999943733215332,True,True,True,False,ambiguous,identity,referenced_entity_ambiguous,False,0.7752499999997831,0.39754099999989023,0,10
original_validation,29e8e7ba637425dc,closer_of_two,original_template,original_template,closer_of_two,0.999943733215332,True,True,True,True,success,none,,True,0.5352499999999871,0.3701659999999496,0,10
original_validation,d96d2300ef8b644d,closer_of_two,original_template,original_template,closer_of_two,0.999943733215332,True,True,True,True,success,none,,True,0.629875000000002,0.35820900000005373,0,10
original_validation,9c96bffe7115e86c,closer_of_two,original_template,original_template,closer_of_two,0.999943733215332,True,True,True,True,success,none,,True,0.4977079999999301,0.3674579999999317,0,10
original_validation,aa59a9e99450526e,closer_of_two,original_template,original_template,closer_of_two,0.999943733215332,True,True,True,True,success,none,,True,0.4506250000000378,0.34375000000008704,0,10
original_validation,c063f1f1d62bb171,closer_of_two,original_template,original_template,closer_of_two,0.999943733215332,True,True,True,True,success,none,,True,0.41841600000003254,0.3363750000000554,0,10
original_validation,fb9be9ddc12b8c47,closer_of_two,original_template,original_template,closer_of_two,0.999943733215332,True,True,True,True,success,none,,True,0.576000000000132,0.36341599999989427,0,10
original_validation,7bfe83d8028e7bbf,closer_of_two,original_template,original_template,closer_of_two,0.999943733215332,True,True,True,True,success,none,,True,0.4841669999999798,0.3709169999999151,0,10
original_validation,1178369cc2940c5b,closer_of_two,original_template,original_template,closer_of_two,0.999943733215332,True,True,True,True,success,none,,True,0.8232079999999087,0.45299999999981466,0,10
original_validation,90457492330a3f8c,closer_of_two,original_template,original_template,closer_of_two,0.999943733215332,True,True,True,True,success,none,,True,0.5347500000001393,0.36912499999997017,0,10
original_validation,b4fdcd330f3e096a,closer_of_two,original_template,original_template,closer_of_two,0.999943733215332,True,True,True,False,ambiguous,identity,referenced_entity_ambiguous,False,0.7371670000000385,0.39854200000011275,0,10
original_validation,203d6016be3fc84d,closer_of_two,original_template,original_template,closer_of_two,0.999943733215332,True,True,True,True,success,none,,True,0.551499999999816,0.39437499999994685,0,10
original_validation,cc8108bd8aeb53d9,closer_of_two,original_template,original_template,closer_of_two,0.999943733215332,True,True,True,True,success,none,,True,0.45579200000012143,0.3353749999999156,0,10
original_validation,e5f9ed002d0f8c50,closer_of_two,original_template,original_template,closer_of_two,0.999943733215332,True,True,True,True,success,none,,True,0.41754100000002126,0.3334999999999866,0,10
original_validation,be2f0a5e1b6a5ebf,closer_of_two,original_template,original_template,closer_of_two,0.999943733215332,True,True,True,True,success,none,,True,0.46062499999988127,0.3491669999999836,0,10
original_validation,670b8a5c3df8026f,closer_of_two,original_template,original_template,closer_of_two,0.999943733215332,True,True,True,True,success,none,,True,0.44749999999993406,0.3659170000001044,0,10
original_validation,9f69da3bef97c76e,closer_of_two,original_template,original_template,closer_of_two,0.999943733215332,True,True,True,True,success,none,,True,0.5174580000000262,0.3553329999999022,0,10
original_validation,84ee6144e0ac1298,closer_of_two,original_template,original_template,closer_of_two,0.999943733215332,True,True,True,False,ambiguous,identity,referenced_entity_ambiguous,False,0.4221659999998906,0.33812500000007795,0,10
original_validation,98ef032e8f85de80,closer_of_two,original_template,original_template,closer_of_two,0.999943733215332,True,True,True,True,success,none,,True,0.476082999999905,0.3474580000000227,0,10
original_validation,7641c712a86be76e,closer_of_two,original_template,original_template,closer_of_two,0.999943733215332,True,True,True,True,success,none,,True,0.4518749999999905,0.3573339999998204,0,10
original_validation,49f489b7af7628ee,closer_of_two,original_template,original_template,closer_of_two,0.999943733215332,True,True,True,False,ambiguous,identity,referenced_entity_ambiguous,False,0.6570830000001138,0.34908299999991677,0,10
original_validation,3dea2963600a4a6f,closer_of_two,original_template,original_template,closer_of_two,0.999943733215332,True,True,True,True,success,none,,True,0.5122079999999585,0.36991599999991465,0,10
original_validation,2e3d134eb76e3d28,closer_of_two,original_template,original_template,closer_of_two,0.999943733215332,True,True,True,True,success,none,,True,0.44766699999998494,0.3489170000001707,0,10
original_validation,068b3dcc21f61bf8,closer_of_two,original_template,original_template,closer_of_two,0.999943733215332,True,True,True,True,success,none,,True,0.48954100000009326,0.3538329999999146,0,10
original_validation,3a05a04dfdd37ea6,closer_of_two,original_template,original_template,closer_of_two,0.999943733215332,True,True,True,True,success,none,,True,0.4482089999999772,0.35420799999985597,0,10
original_validation,8bf0abae8247c935,closer_of_two,original_template,original_template,closer_of_two,0.999943733215332,True,True,True,True,success,none,,True,0.45549999999994206,0.3527089999999511,0,10
original_validation,f62160bb55c4fa4f,closer_of_two,original_template,original_template,closer_of_two,0.999943733215332,True,True,True,True,success,none,,True,0.4476249999998405,0.3705419999999737,0,10
original_validation,e40dddc36da852cd,closer_of_two,original_template,original_template,closer_of_two,0.999943733215332,True,True,True,True,success,none,,True,0.47245900000003616,0.36575000000005353,0,10
original_validation,432e97ffd913f775,closer_of_two,original_template,original_template,closer_of_two,0.999943733215332,True,True,True,True,success,none,,True,0.44383299999983805,0.3620829999999575,0,10
original_validation,fa12f201745eabc1,closer_of_two,original_template,original_template,closer_of_two,0.999943733215332,True,True,True,False,ambiguous,identity,referenced_entity_ambiguous,False,0.7093339999999504,0.36120799999994624,0,10
original_validation,6577b4669160a6e9,closer_of_two,original_template,original_template,closer_of_two,0.999943733215332,True,True,True,True,success,none,,True,0.5285000000001538,0.36220900000016876,0,10
original_validation,d3fc45ff597aa69f,closer_of_two,original_template,original_template,closer_of_two,0.999943733215332,True,True,True,True,success,none,,True,0.7690839999998644,0.35816700000013135,0,10
original_validation,a1134c0de15b149d,closer_of_two,original_template,original_template,closer_of_two,0.999943733215332,True,True,True,True,success,none,,True,0.5460000000001575,0.38320799999991273,0,10
original_validation,023c6fa380d03283,closer_of_two,original_template,original_template,closer_of_two,0.999943733215332,True,True,True,True,success,none,,True,0.6534160000000178,0.3742500000001314,0,10
original_validation,e73d3025d092c725,closer_of_two,original_template,original_template,closer_of_two,0.999943733215332,True,True,True,False,ambiguous,identity,referenced_entity_ambiguous,False,0.47200000000002795,0.3563340000001247,0,10
original_validation,5b388ab52ba54a0b,closer_of_two,original_template,original_template,closer_of_two,0.999943733215332,True,True,True,False,ambiguous,identity,referenced_entity_ambiguous,False,0.647499999999912,0.34720799999998775,0,10
original_validation,471b5f6a1b1dd5bc,closer_of_two,original_template,original_template,closer_of_two,0.999943733215332,True,True,True,True,success,none,,True,0.4896659999999997,0.33337500000008014,0,10
original_validation,190d9f902c60d74b,closer_of_two,original_template,original_template,closer_of_two,0.999943733215332,True,True,True,True,success,none,,True,0.6541249999998389,0.373874999999968,0,10
original_validation,fcfc72e4953054c7,closer_of_two,original_template,original_template,closer_of_two,0.999943733215332,True,True,True,True,success,none,,True,0.4952919999998695,0.3599590000000763,0,10
original_validation,92fd6d05628d3d73,closer_of_two,original_template,original_template,closer_of_two,0.999943733215332,True,True,True,False,ambiguous,identity,referenced_entity_ambiguous,False,0.6740000000000634,0.3502910000001691,0,10
original_validation,70ef10f1f523677a,closer_of_two,original_template,original_template,closer_of_two,0.999943733215332,True,True,True,True,success,none,,True,0.5045830000001139,0.35600000000002296,0,10
original_validation,94582064da9a53b1,closer_of_two,original_template,original_template,closer_of_two,0.999943733215332,True,True,True,False,ambiguous,identity,referenced_entity_ambiguous,False,0.7646249999999633,0.3623750000001369,0,10
original_validation,67e3c7ed087ad36a,closer_of_two,original_template,original_template,closer_of_two,0.999943733215332,True,True,True,False,ambiguous,identity,referenced_entity_ambiguous,False,0.5207909999997984,0.3721249999999454,0,10
original_validation,0c255a768b0ba4ba,closer_of_two,original_template,original_template,closer_of_two,0.999943733215332,True,True,True,True,success,none,,True,0.5891250000000792,0.36362500000008957,0,10
original_validation,df66660d4954c5f7,closer_of_two,original_template,original_template,closer_of_two,0.999943733215332,True,True,True,True,success,none,,True,0.4981250000000159,0.3755000000000841,0,10
original_validation,52109dc5f9483e00,closer_of_two,original_template,original_template,closer_of_two,0.999943733215332,True,True,True,True,success,none,,True,0.5631670000001421,0.3623750000001369,0,10
original_validation,679287aff5ec0f64,closer_of_two,original_template,original_template,closer_of_two,0.999943733215332,True,True,True,False,ambiguous,identity,referenced_entity_ambiguous,False,0.4478329999999531,0.34958299999998665,0,10
original_validation,563ca66c5d24bf02,closer_of_two,original_template,original_template,closer_of_two,0.999943733215332,True,True,True,True,success,none,,True,0.7092499999998836,0.3741250000000029,0,10
original_validation,7914ab793d1da68c,closer_of_two,original_template,original_template,closer_of_two,0.999943733215332,True,True,True,True,success,none,,True,0.519166999999987,0.3657910000001152,0,10
original_validation,d5af2abbe9c216b7,closer_of_two,original_template,original_template,closer_of_two,0.999943733215332,True,True,True,True,success,none,,True,0.8748750000000527,0.5071249999999417,0,10
original_validation,eff2970a2ca6cab6,closer_of_two,original_template,original_template,closer_of_two,0.999943733215332,True,True,True,True,success,none,,True,0.5660839999999112,0.38766700000003596,0,10
original_validation,f7e1479c25f53e72,closer_of_two,original_template,original_template,closer_of_two,0.999943733215332,True,True,True,True,success,none,,True,0.547416999999939,0.37366700000007746,0,10
original_validation,3f0c13824ceff192,closer_of_two,original_template,original_template,closer_of_two,0.999943733215332,True,True,True,False,ambiguous,identity,referenced_entity_ambiguous,False,0.4286250000000713,0.33795800000002707,0,10
original_validation,256aa1e7f7018f14,closer_of_two,original_template,original_template,closer_of_two,0.999943733215332,True,True,True,False,ambiguous,identity,referenced_entity_ambiguous,False,0.6563749999999313,0.35200000000035203,0,10
original_validation,9cf82ff625929cad,closer_of_two,original_template,original_template,closer_of_two,0.999943733215332,True,True,True,False,ambiguous,identity,referenced_entity_ambiguous,False,0.4849160000000019,0.35670799999998337,0,10
original_validation,fcf159911544121d,closer_of_two,original_template,original_template,closer_of_two,0.999943733215332,True,True,True,True,success,none,,True,0.6973750000001111,0.3459159999996686,0,10
original_validation,177d7ea67e9e71b5,closer_of_two,original_template,original_template,closer_of_two,0.999943733215332,True,True,True,True,success,none,,True,0.552333000000349,0.39233399999982765,0,10
original_validation,d0b6d99e9f4a8ef7,closer_of_two,original_template,original_template,closer_of_two,0.999943733215332,True,True,True,False,ambiguous,identity,referenced_entity_ambiguous,False,0.6630829999996202,0.37658400000006864,0,10
original_validation,397290c41f6cfdc7,closer_of_two,original_template,original_template,closer_of_two,0.999943733215332,True,True,True,True,success,none,,True,0.480666000000074,0.33829200000035087,0,10
original_validation,2bf5a664e8026765,closer_of_two,original_template,original_template,closer_of_two,0.999943733215332,True,True,True,False,ambiguous,identity,referenced_entity_ambiguous,False,0.445291999999764,0.3655000000000186,0,10
original_validation,6d3ddefc2696ea82,closer_of_two,original_template,original_template,closer_of_two,0.999943733215332,True,True,True,True,success,none,,True,0.4405830000000499,0.356958999999879,0,10
original_validation,24f5b3e9a158121b,closer_of_two,original_template,original_template,closer_of_two,0.999943733215332,True,True,True,False,ambiguous,identity,referenced_entity_ambiguous,False,0.771166999999906,0.41012500000014995,0,10
original_validation,7c29b7116c1647f0,closer_of_two,original_template,original_template,closer_of_two,0.999943733215332,True,True,True,True,success,none,,True,0.5614590000000419,0.3916249999997845,0,10
original_validation,e905819a8b5f58ca,closer_of_two,original_template,original_template,closer_of_two,0.999943733215332,True,True,True,True,success,none,,True,0.6974170000000335,0.35891600000015345,0,10
original_validation,68c5165ce708a7a6,closer_of_two,original_template,original_template,closer_of_two,0.999943733215332,True,True,True,False,ambiguous,identity,referenced_entity_ambiguous,False,0.4922920000001163,0.36274999999985624,0,10
original_validation,d540e056ea969176,closer_of_two,original_template,original_template,closer_of_two,0.999943733215332,True,True,True,False,ambiguous,identity,referenced_entity_ambiguous,False,0.4805409999999455,0.36674999999997127,0,10
original_validation,03f7e7dc49508106,closer_of_two,original_template,original_template,closer_of_two,0.999943733215332,True,True,True,False,ambiguous,identity,referenced_entity_ambiguous,False,0.43224999999980085,0.3567920000002722,0,10
original_validation,430aea91a264df19,closer_of_two,original_template,original_template,closer_of_two,0.999943733215332,True,True,True,True,success,none,,True,0.7214169999998354,0.43141700000015604,0,10
original_validation,8575f454d83111ee,closer_of_two,original_template,original_template,closer_of_two,0.999943733215332,True,True,True,True,success,none,,True,0.5391249999999737,0.3932079999997562,0,10
original_validation,2490958ca6abc628,closer_of_two,original_template,original_template,closer_of_two,0.999943733215332,True,True,True,True,success,none,,True,0.7785830000002214,0.35662499999977726,0,10
original_validation,5b4cafcba5aca223,closer_of_two,original_template,original_template,closer_of_two,0.999943733215332,True,True,True,False,ambiguous,identity,referenced_entity_ambiguous,False,0.5277089999999873,0.37408299999963646,0,10
original_validation,3786bbeba8dee2bf,closer_of_two,original_template,original_template,closer_of_two,0.999943733215332,True,True,True,True,success,none,,True,0.6783330000001975,0.36787499999979545,0,10
original_validation,68a4fbc44b1320ad,closer_of_two,original_template,original_template,closer_of_two,0.999943733215332,True,True,True,True,success,none,,True,0.4773750000000021,0.3282079999999965,0,10
original_validation,1c1966083c525da0,closer_of_two,original_template,original_template,closer_of_two,0.999943733215332,True,True,True,True,success,none,,True,0.6964169999998937,0.37162500000009757,0,10
original_validation,8ed8bddef14b881f,closer_of_two,original_template,original_template,closer_of_two,0.999943733215332,True,True,True,False,ambiguous,identity,referenced_entity_ambiguous,False,0.5236249999995835,0.3878330000000041,0,10
original_validation,2f792bae9a682612,closer_of_two,original_template,original_template,closer_of_two,0.999943733215332,True,True,True,True,success,none,,True,0.7148750000003368,0.3829159999999554,0,10
original_validation,f0777d95ea941c7f,closer_of_two,original_template,original_template,closer_of_two,0.999943733215332,True,True,True,True,success,none,,True,0.5253339999997664,0.3677079999997446,0,10
original_validation,ec1e0571d506b5a7,closer_of_two,original_template,original_template,closer_of_two,0.999943733215332,True,True,True,True,success,none,,True,0.7952920000002806,0.4034580000000787,0,10
original_validation,b9f6713908effc61,closer_of_two,original_template,original_template,closer_of_two,0.999943733215332,True,True,True,True,success,none,,True,0.5634589999998774,0.3864170000000833,0,10
original_validation,2e65700905e710ba,closer_of_two,original_template,original_template,closer_of_two,0.999943733215332,True,True,True,False,ambiguous,identity,referenced_entity_ambiguous,False,0.8027919999999966,0.45387499999982595,0,10
original_validation,4bcab44ec43c1e0c,closer_of_two,original_template,original_template,closer_of_two,0.999943733215332,True,True,True,True,success,none,,True,0.5819999999996384,0.4172499999999246,0,10
original_validation,d65ad14c330029c4,closer_of_two,original_template,original_template,closer_of_two,0.999943733215332,True,True,True,False,ambiguous,identity,referenced_entity_ambiguous,False,0.443417000000057,0.3386249999999258,0,10
original_validation,59de452a0f0b9e60,closer_of_two,original_template,original_template,closer_of_two,0.999943733215332,True,True,True,False,ambiguous,identity,referenced_entity_ambiguous,False,0.4121249999999854,0.34025000000026395,0,10
original_validation,3bf3bcbcf6c806bb,closer_of_two,original_template,original_template,closer_of_two,0.999943733215332,True,True,True,True,success,none,,True,0.7003750000000863,0.3488329999998818,0,10
original_validation,97ef8acf4d52ab93,closer_of_two,original_template,original_template,closer_of_two,0.999943733215332,True,True,True,True,success,none,,True,0.5009170000001006,0.340916000000302,0,10
original_validation,e068f18b43c9b625,closer_of_two,original_template,original_template,closer_of_two,0.999943733215332,True,True,True,True,success,none,,True,0.9069999999997691,0.3810419999998871,0,10
original_validation,0d96134317dd4c6e,closer_of_two,original_template,original_template,closer_of_two,0.999943733215332,True,True,True,True,success,none,,True,0.6424590000002617,0.39487500000001674,0,10
original_validation,f52966c9df095637,closer_of_two,original_template,original_template,closer_of_two,0.999943733215332,True,True,True,True,success,none,,True,0.4881670000003169,0.36687500000009976,0,10
original_validation,ec43ec7c41b49d22,closer_of_two,original_template,original_template,closer_of_two,0.999943733215332,True,True,True,True,success,none,,True,0.4497919999999489,0.3607080000000984,0,10
original_validation,38be9842a8a1abe3,closer_of_two,original_template,original_template,closer_of_two,0.999943733215332,True,True,True,True,success,none,,True,0.4441250000000174,0.33987499999987847,0,10
original_validation,379cca09985599a6,closer_of_two,original_template,original_template,closer_of_two,0.999943733215332,True,True,True,True,success,none,,True,0.455667000000215,0.3688340000000956,0,10
original_validation,8a70d89ab5e6813b,closer_of_two,original_template,original_template,closer_of_two,0.999943733215332,True,True,True,True,success,none,,True,0.5575829999999726,0.3433330000000012,0,10
original_validation,dddb8b5c295e50df,closer_of_two,original_template,original_template,closer_of_two,0.999943733215332,True,True,True,True,success,none,,True,0.4497500000000265,0.3311670000001321,0,10
original_validation,6b1dc124dcded810,closer_of_two,original_template,original_template,closer_of_two,0.999943733215332,True,True,True,True,success,none,,True,0.6198330000000141,0.3742500000001314,0,10
original_validation,f9eb47012b071f29,closer_of_two,original_template,original_template,closer_of_two,0.999943733215332,True,True,True,False,ambiguous,identity,referenced_entity_ambiguous,False,0.482208000000206,0.38154199999995697,0,10
original_validation,d1b3200440389078,closer_of_two,original_template,original_template,closer_of_two,0.999943733215332,True,True,True,True,success,none,,True,0.8967079999999683,0.3856250000002781,0,10
original_validation,b9fd67b4d1a37d50,closer_of_two,original_template,original_template,closer_of_two,0.999943733215332,True,True,True,True,success,none,,True,0.5665420000000587,0.3815830000002407,0,10
original_validation,ae339b3a165a7c3b,closer_of_two,original_template,original_template,closer_of_two,0.999943733215332,True,True,True,False,ambiguous,identity,referenced_entity_ambiguous,False,0.7513329999997431,0.3607500000000208,0,10
original_validation,395ec31e96ccbd2e,closer_of_two,original_template,original_template,closer_of_two,0.999943733215332,True,True,True,False,ambiguous,identity,referenced_entity_ambiguous,False,0.512000000000068,0.36650000000015837,0,10
original_validation,1f66f30c823e2477,closer_of_two,original_template,original_template,closer_of_two,0.999943733215332,True,True,True,True,success,none,,True,0.6065839999997991,0.3716249999996535,0,10
original_validation,fb501e84874a75f4,closer_of_two,original_template,original_template,closer_of_two,0.999943733215332,True,True,True,True,success,none,,True,0.4678750000000065,0.34754100000000676,0,10
original_validation,9b651ad9826630cd,closer_of_two,original_template,original_template,closer_of_two,0.999943733215332,True,True,True,True,success,none,,True,0.7442920000002573,0.36129200000001305,0,10
original_validation,2642c2cb07ffacbb,closer_of_two,original_template,original_template,closer_of_two,0.999943733215332,True,True,True,True,success,none,,True,0.5391659999998133,0.36679199999989365,0,10
original_validation,e968b15223b682bd,closer_of_two,original_template,original_template,closer_of_two,0.999943733215332,True,True,True,False,ambiguous,identity,referenced_entity_ambiguous,False,0.7897080000001111,0.3609579999999113,0,10
original_validation,d5cea3964315321d,closer_of_two,original_template,original_template,closer_of_two,0.999943733215332,True,True,True,False,ambiguous,identity,referenced_entity_ambiguous,False,0.5722499999998298,0.39300000000030977,0,10
original_validation,0ac5eb65f3ad0537,closer_of_two,original_template,original_template,closer_of_two,0.999943733215332,True,True,True,True,success,none,,True,0.7413750000000441,0.3613329999998527,0,10
original_validation,99cecd16820b0184,closer_of_two,original_template,original_template,closer_of_two,0.999943733215332,True,True,True,True,success,none,,True,0.5500000000000504,0.3785839999999041,0,10
original_validation,b195312b586dfc41,closer_of_two,original_template,original_template,closer_of_two,0.999943733215332,True,True,True,True,success,none,,True,0.7771670000003006,0.36795800000000156,0,10
original_validation,9b245e93781846dc,closer_of_two,original_template,original_template,closer_of_two,0.999943733215332,True,True,True,True,success,none,,True,0.5952080000000137,0.3529169999998416,0,10
original_validation,43682f83910817de,closer_of_two,original_template,original_template,closer_of_two,0.999943733215332,True,True,True,True,success,none,,True,0.5341249999997189,0.3734170000000425,0,10
original_validation,27d8a5ec8cc6adf3,closer_of_two,original_template,original_template,closer_of_two,0.999943733215332,True,True,True,True,success,none,,True,0.47879200000000566,0.37804199999991184,0,10
original_validation,08ce3b1be2abb705,closer_of_two,original_template,original_template,closer_of_two,0.999943733215332,True,True,True,True,success,none,,True,0.5111250000000567,0.3450830000000238,0,10
original_validation,70975cbe5cdcb59a,closer_of_two,original_template,original_template,closer_of_two,0.999943733215332,True,True,True,True,success,none,,True,0.46549999999978553,0.3649999999999487,0,10
original_validation,d2ddfbf4a798efa0,closer_of_two,original_template,original_template,closer_of_two,0.999943733215332,True,True,True,True,success,none,,True,0.5350839999995749,0.353875000000059,0,10
original_validation,c97bed088d3effc0,closer_of_two,original_template,original_template,closer_of_two,0.999943733215332,True,True,True,True,success,none,,True,0.4507919999996446,0.3481249999999214,0,10
original_validation,d936ffb3fe61cb04,closer_of_two,original_template,original_template,closer_of_two,0.999943733215332,True,True,True,True,success,none,,True,0.4606250000001033,0.35820800000019304,0,10
original_validation,e1ca320c10021f29,closer_of_two,original_template,original_template,closer_of_two,0.999943733215332,True,True,True,True,success,none,,True,0.44924999999995663,0.36179199999963885,0,10
original_validation,5192b7ee833b16d8,closer_of_two,original_template,original_template,closer_of_two,0.999943733215332,True,True,True,False,ambiguous,identity,referenced_entity_ambiguous,False,0.6539999999999324,0.36699999999978417,0,10
original_validation,ea0bafac3b461cc3,closer_of_two,original_template,original_template,closer_of_two,0.999943733215332,True,True,True,False,ambiguous,identity,referenced_entity_ambiguous,False,0.5023330000000215,0.36899999999961963,0,10
original_validation,6eb06307b6c0dc52,closer_of_two,original_template,original_template,closer_of_two,0.999943733215332,True,True,True,True,success,none,,True,0.45004100000012315,0.34537500000020316,0,10
original_validation,7ade0305a6cce52e,closer_of_two,original_template,original_template,closer_of_two,0.999943733215332,True,True,True,True,success,none,,True,0.42354099999997175,0.3446249999998763,0,10
original_validation,ed9679262672bd7a,closer_of_two,original_template,original_template,closer_of_two,0.999943733215332,True,True,True,True,success,none,,True,0.7104579999999139,0.3586670000004233,0,10
original_validation,71c9840f50463f03,closer_of_two,original_template,original_template,closer_of_two,0.999943733215332,True,True,True,True,success,none,,True,0.5265830000000804,0.3699169999999974,0,10
original_validation,627741ccc4eba331,closer_of_two,original_template,original_template,closer_of_two,0.999943733215332,True,True,True,True,success,none,,True,0.4392499999998911,0.3384579999998749,0,10
original_validation,9a2ea1f8c06459a4,closer_of_two,original_template,original_template,closer_of_two,0.999943733215332,True,True,True,True,success,none,,True,0.41499999999983217,0.337875000000043,0,10
original_validation,bbc43bf8b3324cdc,closer_of_two,original_template,original_template,closer_of_two,0.999943733215332,True,True,True,True,success,none,,True,0.5567090000000441,0.35220800000024255,0,10
original_validation,65bdf66f082f5dda,closer_of_two,original_template,original_template,closer_of_two,0.999943733215332,True,True,True,True,success,none,,True,0.5103749999997298,0.3960420000002074,0,10
original_validation,ffc2e3d6b97deb68,closer_of_two,original_template,original_template,closer_of_two,0.999943733215332,True,True,True,False,ambiguous,identity,referenced_entity_ambiguous,False,0.7230419999997295,0.3435830000002582,0,10
original_validation,b7a32f8289dd9f68,closer_of_two,original_template,original_template,closer_of_two,0.999943733215332,True,True,True,True,success,none,,True,0.5314160000002843,0.37208399999988373,0,10
original_validation,c77d2b899b612391,closer_of_two,original_template,original_template,closer_of_two,0.999943733215332,True,True,True,True,success,none,,True,0.7960419999997193,0.3858330000001686,0,10
original_validation,e560ddc5812ad951,closer_of_two,original_template,original_template,closer_of_two,0.999943733215332,True,True,True,True,success,none,,True,0.589542000000165,0.3547500000000703,0,10
original_validation,960219f89a162532,closer_of_two,original_template,original_template,closer_of_two,0.999943733215332,True,True,True,True,success,none,,True,0.5389590000000055,0.32483300000007986,0,10
original_validation,881337b35ffc83fe,closer_of_two,original_template,original_template,closer_of_two,0.999943733215332,True,True,True,True,success,none,,True,0.45824999999988236,0.3402089999999802,0,10
original_validation,a6a34e98d121dd50,closer_of_two,original_template,original_template,closer_of_two,0.999943733215332,True,True,True,True,success,none,,True,0.5335830000001707,0.4121669999999078,0,10
original_validation,6bd5512733f3f2d0,closer_of_two,original_template,original_template,closer_of_two,0.999943733215332,True,True,True,True,success,none,,True,0.4661249999999839,0.38004100000010865,0,10
original_validation,f7da5ad7941d2334,closer_of_two,original_template,original_template,closer_of_two,0.999943733215332,True,True,True,True,success,none,,True,0.4572500000001867,0.3458329999999066,0,10
original_validation,3114078ea1e954bf,closer_of_two,original_template,original_template,closer_of_two,0.999943733215332,True,True,True,True,success,none,,True,0.42491699999969157,0.34012500000013546,0,10
original_validation,2520c28730b97f33,closer_of_two,original_template,original_template,closer_of_two,0.999943733215332,True,True,True,False,ambiguous,identity,referenced_entity_ambiguous,False,0.6723750000001694,0.36287499999998474,0,10
original_validation,7c7c728d12d8134a,closer_of_two,original_template,original_template,closer_of_two,0.999943733215332,True,True,True,True,success,none,,True,0.5480420000001374,0.40154100000000525,0,10
original_validation,51cb4d87f992bd5c,closer_of_two,original_template,original_template,closer_of_two,0.999943733215332,True,True,True,True,success,none,,True,0.44924999999995663,0.35224999999972084,0,10
original_validation,d326aa204f709818,closer_of_two,original_template,original_template,closer_of_two,0.999943733215332,True,True,True,True,success,none,,True,0.4167920000002212,0.33549999999982205,0,10
original_validation,4b6b3ab401d28166,closer_of_two,original_template,original_template,closer_of_two,0.999943733215332,True,True,True,True,success,none,,True,0.4512910000000758,0.32912500000037426,0,10
original_validation,2c2e51f4ae60083c,closer_of_two,original_template,original_template,closer_of_two,0.999943733215332,True,True,True,True,success,none,,True,0.43225000000024494,0.336415999999673,0,10
original_validation,4629171723b2a693,closer_of_two,original_template,original_template,closer_of_two,0.999943733215332,True,True,True,True,success,none,,True,0.4760419999998433,0.35016700000012335,0,10
original_validation,5e4a11309ea19d04,closer_of_two,original_template,original_template,closer_of_two,0.999943733215332,True,True,True,True,success,none,,True,0.45762500000012807,0.3765000000002239,0,10
original_validation,ac8911c5e741eae0,closer_of_two,original_template,original_template,closer_of_two,0.999943733215332,True,True,True,True,success,none,,True,0.4247080000001624,0.328000000000106,0,10
original_validation,36a442fe4616f45d,closer_of_two,original_template,original_template,closer_of_two,0.999943733215332,True,True,True,True,success,none,,True,0.4144579999998399,0.3337499999997995,0,10
original_validation,ef064d9d6d0add28,closer_of_two,original_template,original_template,closer_of_two,0.999943733215332,True,True,True,True,success,none,,True,0.5987080000000589,0.3312919999998165,0,10
original_validation,124794367193e865,closer_of_two,original_template,original_template,closer_of_two,0.999943733215332,True,True,True,True,success,none,,True,0.4884579999999694,0.3479170000000309,0,10
original_validation,0b3311fbebb09cfc,closer_of_two,original_template,original_template,closer_of_two,0.999943733215332,True,True,True,True,success,none,,True,0.4764999999999908,0.34000000000000696,0,10
original_validation,51fdcb52e27b7762,closer_of_two,original_template,original_template,closer_of_two,0.999943733215332,True,True,True,True,success,none,,True,0.467416999999859,0.37495800000009183,0,10
original_validation,0658be1fcec21298,closer_of_two,original_template,original_template,closer_of_two,0.999943733215332,True,True,True,True,success,none,,True,0.45329199999999403,0.34700000000009723,0,10
original_validation,ff3b009a038c14d3,closer_of_two,original_template,original_template,closer_of_two,0.999943733215332,True,True,True,True,success,none,,True,0.4365410000000125,0.35274999999979073,0,10
original_validation,d54d8ef84d01a4ea,closer_of_two,original_template,original_template,closer_of_two,0.999943733215332,True,True,True,True,success,none,,True,0.4633329999998992,0.3652080000002833,0,10
original_validation,394d064e09ccb1e0,closer_of_two,original_template,original_template,closer_of_two,0.999943733215332,True,True,True,True,success,none,,True,0.45354199999980693,0.3742920000000538,0,10
original_validation,946152b1a140bb0e,closer_of_two,original_template,original_template,closer_of_two,0.999943733215332,True,True,True,True,success,none,,True,0.5106249999999868,0.3648749999998202,0,10
original_validation,15877e9d70bb83ea,closer_of_two,original_template,original_template,closer_of_two,0.999943733215332,True,True,True,True,success,none,,True,0.4924170000002448,0.3934580000000132,0,10
original_validation,35d5cb01aa9086ac,closer_of_two,original_template,original_template,closer_of_two,0.999943733215332,True,True,True,True,success,none,,True,0.44754199999985644,0.3571670000002136,0,10
original_validation,532d5fb2202b40e2,closer_of_two,original_template,original_template,closer_of_two,0.999943733215332,True,True,True,False,ambiguous,identity,referenced_entity_ambiguous,False,0.6996250000002036,0.35691699999995663,0,10
original_validation,6775188094f60bcc,closer_of_two,original_template,original_template,closer_of_two,0.999943733215332,True,True,True,False,ambiguous,identity,referenced_entity_ambiguous,False,0.47158299999994213,0.3329579999999943,0,10
original_validation,8fa2bf1429a65c7f,closer_of_two,original_template,original_template,closer_of_two,0.999943733215332,True,True,True,True,success,none,,True,0.6845419999996771,0.36420800000014353,0,10
original_validation,a7121e06df350ac8,closer_of_two,original_template,original_template,closer_of_two,0.999943733215332,True,True,True,True,success,none,,True,0.5256659999997026,0.36112499999996217,0,10
original_validation,80ac04529a01f2f4,closer_of_two,original_template,original_template,closer_of_two,0.999943733215332,True,True,True,True,success,none,,True,0.47133300000012923,0.36275000000030033,0,10
original_validation,354c2626d297cd3a,closer_of_two,original_template,original_template,closer_of_two,0.999943733215332,True,True,True,True,success,none,,True,0.4336669999998044,0.35258300000018394,0,10
original_validation,f770980e1c08cbea,closer_of_two,original_template,original_template,closer_of_two,0.999943733215332,True,True,True,True,success,none,,True,0.8263749999999348,0.4174999999997375,0,10
original_validation,96e81f5353dfbad2,closer_of_two,original_template,original_template,closer_of_two,0.999943733215332,True,True,True,True,success,none,,True,0.5503749999999918,0.36725000000004115,0,10
original_validation,76cc3ebcfda979e7,closer_of_two,original_template,original_template,closer_of_two,0.999943733215332,True,True,True,True,success,none,,True,0.6537089999998358,0.34295799999961574,0,10
original_validation,31c89995836f8df2,closer_of_two,original_template,original_template,closer_of_two,0.999943733215332,True,True,True,False,ambiguous,identity,referenced_entity_ambiguous,False,0.4575840000002884,0.33329200000009607,0,10
original_validation,421129895f881780,closer_of_two,original_template,original_template,closer_of_two,0.999943733215332,True,True,True,True,success,none,,True,0.8002500000001689,0.4083750000001274,0,10
original_validation,aa6f8a376c6d11e6,closer_of_two,original_template,original_template,closer_of_two,0.999943733215332,True,True,True,True,success,none,,True,0.6273749999996525,0.43345799999983115,0,10
original_validation,5142aa28f59d25b0,closer_of_two,original_template,original_template,closer_of_two,0.999943733215332,True,True,True,True,success,none,,True,0.8782499999999693,0.42041699999995075,0,10
original_validation,dc72d19f958a683e,closer_of_two,original_template,original_template,closer_of_two,0.999943733215332,True,True,True,False,ambiguous,identity,referenced_entity_ambiguous,False,0.5312919999997945,0.3639169999996028,0,10
original_validation,2abd445b50c67df7,closer_of_two,original_template,original_template,closer_of_two,0.999943733215332,True,True,True,False,ambiguous,identity,referenced_entity_ambiguous,False,0.4657500000000425,0.34662500000015584,0,10
original_validation,7e89607103779012,closer_of_two,original_template,original_template,closer_of_two,0.999943733215332,True,True,True,False,ambiguous,identity,referenced_entity_ambiguous,False,0.4242080000000925,0.3551659999998513,0,10
original_validation,c27d26b1b6c30d59,closer_of_two,original_template,original_template,closer_of_two,0.999943733215332,True,True,True,False,ambiguous,identity,referenced_entity_ambiguous,False,0.5356249999999285,0.37979099999985166,0,10
original_validation,8071ae119a466af0,closer_of_two,original_template,original_template,closer_of_two,0.999943733215332,True,True,True,False,ambiguous,identity,referenced_entity_ambiguous,False,0.4672499999998081,0.36870799999988435,0,10
original_validation,b9687563053b9e62,closer_of_two,original_template,original_template,closer_of_two,0.999943733215332,True,True,True,True,success,none,,True,0.7007500000000277,0.36166699999995444,0,10
original_validation,171d242ed5d082e2,closer_of_two,original_template,original_template,closer_of_two,0.999943733215332,True,True,True,True,success,none,,True,0.5104579999999359,0.3642499999996218,0,10
original_validation,fac02eb797736290,closer_of_two,original_template,original_template,closer_of_two,0.999943733215332,True,True,True,True,success,none,,True,0.7377920000002369,0.46470799999998036,0,10
original_validation,43fe5101744e2025,closer_of_two,original_template,original_template,closer_of_two,0.999943733215332,True,True,True,True,success,none,,True,0.48770800000008663,0.3497500000002596,0,10
original_validation,1e9e86dda2d5963d,closer_of_two,original_template,original_template,closer_of_two,0.999943733215332,True,True,True,True,success,none,,True,0.7545000000002133,0.3692500000003207,0,10
original_validation,50321ee89b9fbfd3,closer_of_two,original_template,original_template,closer_of_two,0.999943733215332,True,True,True,True,success,none,,True,0.5429169999997541,0.3840409999997796,0,10
original_validation,efa01491ccaad57d,closer_of_two,original_template,original_template,closer_of_two,0.999943733215332,True,True,True,False,ambiguous,identity,referenced_entity_ambiguous,False,0.5411249999998091,0.34024999999981986,0,10
original_validation,167a7a4d7ccac9b1,closer_of_two,original_template,original_template,closer_of_two,0.999943733215332,True,True,True,True,success,none,,True,0.4737499999998285,0.3517089999998113,0,10
original_validation,bf3aa4528d4056df,closer_of_two,original_template,original_template,closer_of_two,0.999943733215332,True,True,True,False,ambiguous,identity,referenced_entity_ambiguous,False,0.49512500000004067,0.3709160000000544,0,10
original_validation,97b183e950534f81,closer_of_two,original_template,original_template,closer_of_two,0.999943733215332,True,True,True,False,ambiguous,identity,referenced_entity_ambiguous,False,0.45770899999997283,0.3751670000000651,0,10
original_validation,6762dc16542d86a9,closer_of_two,original_template,original_template,closer_of_two,0.999943733215332,True,True,True,True,success,none,,True,0.5834579999999256,0.39020799999978095,0,10
original_validation,05bb24c58c2c9919,closer_of_two,original_template,original_template,closer_of_two,0.999943733215332,True,True,True,True,success,none,,True,0.4653750000001011,0.35091700000000614,0,10
original_validation,43705191478390b8,closer_of_two,original_template,original_template,closer_of_two,0.999943733215332,True,True,True,True,success,none,,True,0.5592079999998667,0.3922499999999829,0,10
original_validation,178d887279f6e397,closer_of_two,original_template,original_template,closer_of_two,0.999943733215332,True,True,True,True,success,none,,True,0.48770800000008663,0.3869999999999152,0,10
original_validation,9191ebf24dfabafb,closer_of_two,original_template,original_template,closer_of_two,0.999943733215332,True,True,True,True,success,none,,True,0.43904100000036195,0.34279100000000895,0,10
original_validation,69c6a2727852113f,closer_of_two,original_template,original_template,closer_of_two,0.999943733215332,True,True,True,True,success,none,,True,0.5192499999999711,0.34062500000020535,0,10
original_validation,3a390a908de1f1f5,closer_of_two,original_template,original_template,closer_of_two,0.999943733215332,True,True,True,False,ambiguous,identity,referenced_entity_ambiguous,False,0.43583400000013484,0.35604199999994535,0,10
original_validation,b445c10467602b2b,closer_of_two,original_template,original_template,closer_of_two,0.999943733215332,True,True,True,True,success,none,,True,0.42674999999992025,0.32533300000014975,0,10
original_validation,9211bc0fd50b3db2,closer_of_two,original_template,original_template,closer_of_two,0.999943733215332,True,True,True,True,success,none,,True,0.4731250000000742,0.38324999999961307,0,10
original_validation,d78c91b74fb8ae96,closer_of_two,original_template,original_template,closer_of_two,0.999943733215332,True,True,True,True,success,none,,True,0.7174580000000041,0.35612499999970737,0,10
original_validation,8db73b30e7431412,closer_of_two,original_template,original_template,closer_of_two,0.999943733215332,True,True,True,False,ambiguous,identity,referenced_entity_ambiguous,False,0.4738330000000346,0.33562499999995055,0,10
original_validation,8863831e6564d36d,closer_of_two,original_template,original_template,closer_of_two,0.999943733215332,True,True,True,False,ambiguous,identity,referenced_entity_ambiguous,False,0.6148330000002034,0.35099999999976816,0,10
original_validation,df06ad0804968b4d,closer_of_two,original_template,original_template,closer_of_two,0.999943733215332,True,True,True,False,ambiguous,identity,referenced_entity_ambiguous,False,0.45820799999996,0.343416999999846,0,10
original_validation,c2dc6234e61d69fa,closer_of_two,original_template,original_template,closer_of_two,0.999943733215332,True,True,True,False,ambiguous,identity,referenced_entity_ambiguous,False,0.7743749999997718,0.4015000000001656,0,10
original_validation,1e77cc4bd1105786,closer_of_two,original_template,original_template,closer_of_two,0.999943733215332,True,True,True,True,success,none,,True,0.5271250000000727,0.36349999999973903,0,10
original_validation,5cea59bc94528682,closer_of_two,original_template,original_template,closer_of_two,0.999943733215332,True,True,True,False,ambiguous,identity,referenced_entity_ambiguous,False,0.636000000000081,0.3489999999999327,0,10
original_validation,657b5ead3977c7e4,closer_of_two,original_template,original_template,closer_of_two,0.999943733215332,True,True,True,False,ambiguous,identity,referenced_entity_ambiguous,False,0.46462500000021834,0.34062499999976126,0,10
original_validation,1285c21284c866a2,closer_of_two,original_template,original_template,closer_of_two,0.999943733215332,True,True,True,False,ambiguous,identity,referenced_entity_ambiguous,False,0.42683300000012636,0.34029200000018633,0,10
original_validation,e89a0c3713dd89f1,closer_of_two,original_template,original_template,closer_of_two,0.999943733215332,True,True,True,False,ambiguous,identity,referenced_entity_ambiguous,False,0.4047909999997934,0.3413339999998044,0,10
original_validation,6a37827a0c71475f,closer_of_two,original_template,original_template,closer_of_two,0.999943733215332,True,True,True,False,ambiguous,identity,referenced_entity_ambiguous,False,0.44983299999978854,0.35720800000005326,0,10
original_validation,c9c9a23403e16f54,closer_of_two,original_template,original_template,closer_of_two,0.999943733215332,True,True,True,False,ambiguous,identity,referenced_entity_ambiguous,False,0.41504199999975455,0.34662500000015584,0,10
original_validation,8f5f5973c43eb9a7,closer_of_two,original_template,original_template,closer_of_two,0.999943733215332,True,True,True,True,success,none,,True,0.42104200000014913,0.3271670000000171,0,10
original_validation,5d6af5785e7054e2,closer_of_two,original_template,original_template,closer_of_two,0.999943733215332,True,True,True,True,success,none,,True,0.41379200000024596,0.33720799999992224,0,10
original_validation,b3e8b31bb8b27034,closer_of_two,original_template,original_template,closer_of_two,0.999943733215332,True,True,True,True,success,none,,True,0.48062499999979025,0.32404200000035743,0,10
original_validation,180c0e4e885cca54,closer_of_two,original_template,original_template,closer_of_two,0.999943733215332,True,True,True,True,success,none,,True,0.4429589999999095,0.34120799999959317,0,10
original_validation,ce11d6a899ca4427,closer_of_two,original_template,original_template,closer_of_two,0.999943733215332,True,True,True,True,success,none,,True,0.43491700000020117,0.34154100000005627,0,10
original_validation,8e0526074359ce97,closer_of_two,original_template,original_template,closer_of_two,0.999943733215332,True,True,True,False,ambiguous,identity,referenced_entity_ambiguous,False,0.68749999999973,0.36716699999983504,0,10
original_validation,cad2cd50cb5df8f4,closer_of_two,original_template,original_template,closer_of_two,0.999943733215332,True,True,True,True,success,none,,True,0.5267909999999709,0.35587499999989447,0,10
original_validation,508d03d35ad02b71,closer_of_two,original_template,original_template,closer_of_two,0.999943733215332,True,True,True,True,success,none,,True,0.7806669999999016,0.4047910000002375,0,10
original_validation,9511e4ee2fb8875d,closer_of_two,original_template,original_template,closer_of_two,0.999943733215332,True,True,True,True,success,none,,True,0.5503749999999918,0.38008300000003103,0,10
original_validation,fcacb30031870c8d,closer_of_two,original_template,original_template,closer_of_two,0.999943733215332,True,True,True,True,success,none,,True,0.690458000000227,0.34954199999992497,0,10
original_validation,7127bd9903e46b5e,closer_of_two,original_template,original_template,closer_of_two,0.999943733215332,True,True,True,True,success,none,,True,0.5052079999998682,0.343416999999846,0,10
original_validation,5f68996acf487f04,closer_of_two,original_template,original_template,closer_of_two,0.999943733215332,True,True,True,True,success,none,,True,0.7852499999998486,0.37858300000026546,0,10
original_validation,b04333dfb74b1ed2,closer_of_two,original_template,original_template,closer_of_two,0.999943733215332,True,True,True,True,success,none,,True,0.6275829999999871,0.4213340000003285,0,10
original_validation,3f010c7f846f412e,closer_of_two,original_template,original_template,closer_of_two,0.999943733215332,True,True,True,True,success,none,,True,0.7169579999999343,0.3833339999999019,0,10
original_validation,6b5c1934a7cbb2fd,closer_of_two,original_template,original_template,closer_of_two,0.999943733215332,True,True,True,True,success,none,,True,0.5225840000000481,0.37454100000022805,0,10
original_validation,c03a9e4e150990fc,closer_of_two,original_template,original_template,closer_of_two,0.999943733215332,True,True,True,False,ambiguous,identity,referenced_entity_ambiguous,False,0.5995420000002305,0.37387500000019,0,10
original_validation,b8c9a064a6e0aac6,closer_of_two,original_template,original_template,closer_of_two,0.999943733215332,True,True,True,True,success,none,,True,0.4947500000000993,0.373291999999914,0,10
original_validation,6232225f1b4da6da,closer_of_two,original_template,original_template,closer_of_two,0.999943733215332,True,True,True,True,success,none,,True,0.6383749999998578,0.33316599999988483,0,10
original_validation,a25cf42f6f350bec,closer_of_two,original_template,original_template,closer_of_two,0.999943733215332,True,True,True,True,success,none,,True,0.48833400000036775,0.34495899999997803,0,10
original_validation,4e323b6b4f3751f4,closer_of_two,original_template,original_template,closer_of_two,0.999943733215332,True,True,True,False,ambiguous,identity,referenced_entity_ambiguous,False,0.6418749999999029,0.3415840000000614,0,10
original_validation,8d6556b194bff5ae,closer_of_two,original_template,original_template,closer_of_two,0.999943733215332,True,True,True,False,ambiguous,identity,referenced_entity_ambiguous,False,0.5487499999996537,0.3700829999999655,0,10
original_validation,c7ef0822f9ecdd8e,closer_of_two,original_template,original_template,closer_of_two,0.999943733215332,True,True,True,True,success,none,,True,0.4402499999995868,0.3338330000000056,0,10
original_validation,eb20b06290a5381d,closer_of_two,original_template,original_template,closer_of_two,0.999943733215332,True,True,True,False,ambiguous,identity,referenced_entity_ambiguous,False,0.416708999999571,0.35720800000005326,0,10
original_validation,64cd888b76753593,closer_of_two,original_template,original_template,closer_of_two,0.999943733215332,True,True,True,True,success,none,,True,0.46420799999991047,0.3651250000000772,0,10
original_validation,3cfda7f4cf24e21d,closer_of_two,original_template,original_template,closer_of_two,0.999943733215332,True,True,True,True,success,none,,True,0.43295800000020535,0.3575839999996333,0,10
original_validation,bfe41287130a6257,closer_of_two,original_template,original_template,closer_of_two,0.999943733215332,True,True,True,False,ambiguous,identity,referenced_entity_ambiguous,False,0.6016670000001945,0.3626660000000115,0,10
original_validation,9fb8265baccf8c11,closer_of_two,original_template,original_template,closer_of_two,0.999943733215332,True,True,True,True,success,none,,True,0.49420900000018975,0.36845800000007145,0,10
original_validation,078c45a2832a5b46,closer_of_two,original_template,original_template,closer_of_two,0.999943733215332,True,True,True,True,success,none,,True,0.474540999999995,0.3379580000002491,0,10
original_validation,942e1c6a5cf04f01,closer_of_two,original_template,original_template,closer_of_two,0.999943733215332,True,True,True,True,success,none,,True,0.42616700000008834,0.33695800000010934,0,10
original_validation,d3099861d6cfece5,closer_of_two,original_template,original_template,closer_of_two,0.999943733215332,True,True,True,True,success,none,,True,0.46270899999978354,0.3479999999997929,0,10
original_validation,2c70ca809528ecdd,closer_of_two,original_template,original_template,closer_of_two,0.999943733215332,True,True,True,True,success,none,,True,0.4362910000001996,0.3534169999999115,0,10
original_validation,4d431a2949594c31,closer_of_two,original_template,original_template,closer_of_two,0.999943733215332,True,True,True,True,success,none,,True,0.42066700000020774,0.32975000000012855,0,10
original_validation,26a869949cfac349,closer_of_two,original_template,original_template,closer_of_two,0.999943733215332,True,True,True,True,success,none,,True,0.6278329999998,0.359416999999862,0,10
original_validation,0c4cd4c5a160abea,closer_of_two,original_template,original_template,closer_of_two,0.999943733215332,True,True,True,True,success,none,,True,0.4868749999999977,0.34995900000023283,0,10
original_validation,0a27482d70552596,closer_of_two,original_template,original_template,closer_of_two,0.999943733215332,True,True,True,True,success,none,,True,0.7228330000002003,0.3515420000002045,0,10
original_validation,fa57d8e3eaa21980,closer_of_two,original_template,original_template,closer_of_two,0.999943733215332,True,True,True,True,success,none,,True,0.5527500000002128,0.38383299999988907,0,10
original_validation,cae1c8c72f18d91d,closer_of_two,original_template,original_template,closer_of_two,0.999943733215332,True,True,True,True,success,none,,True,0.6717080000000486,0.3639170000000469,0,10
original_validation,5fa49c8865f140c9,closer_of_two,original_template,original_template,closer_of_two,0.999943733215332,True,True,True,True,success,none,,True,0.49670800000001236,0.3506660000001105,0,10
original_validation,cc2b33ff06937244,closer_of_two,original_template,original_template,closer_of_two,0.999943733215332,True,True,True,False,ambiguous,identity,referenced_entity_ambiguous,False,0.5363329999998889,0.3904170000001983,0,10
original_validation,0f548281b9b9ab31,closer_of_two,original_template,original_template,closer_of_two,0.999943733215332,True,True,True,False,ambiguous,identity,referenced_entity_ambiguous,False,0.4332089999996569,0.3500000000000725,0,10
original_validation,2b420b35424d5f1e,closer_of_two,original_template,original_template,closer_of_two,0.999943733215332,True,True,True,True,success,none,,True,0.7298749999997689,0.36195800000005107,0,10
original_validation,bc66089c7be8f35c,closer_of_two,original_template,original_template,closer_of_two,0.999943733215332,True,True,True,True,success,none,,True,0.5161660000001511,0.35537500000026867,0,10
original_validation,8dff8ed00c3d4b39,closer_of_two,original_template,original_template,closer_of_two,0.999943733215332,True,True,True,False,ambiguous,identity,referenced_entity_ambiguous,False,0.6344170000001093,0.3585000000003724,0,10
original_validation,6d26bd25f72bbdfb,closer_of_two,original_template,original_template,closer_of_two,0.999943733215332,True,True,True,True,success,none,,True,0.49216599999990507,0.3497080000003372,0,10
original_validation,28ad70a3bde8b47c,closer_of_two,original_template,original_template,closer_of_two,0.999943733215332,True,True,True,True,success,none,,True,0.52970799999974,0.37858299999982137,0,10
original_validation,80b25b2467cdc84b,closer_of_two,original_template,original_template,closer_of_two,0.999943733215332,True,True,True,False,ambiguous,identity,referenced_entity_ambiguous,False,0.4187079999997678,0.3340829999998185,0,10
original_validation,1e528869ca8b264f,closer_of_two,original_template,original_template,closer_of_two,0.999943733215332,True,True,True,True,success,none,,True,0.8077079999999626,0.42175000000010954,0,10
original_validation,ec5a928d04d001b8,closer_of_two,original_template,original_template,closer_of_two,0.999943733215332,True,True,True,False,ambiguous,identity,referenced_entity_ambiguous,False,0.5239160000001242,0.3625839999998881,0,10
original_validation,ac1e22aef7443634,closer_of_two,original_template,original_template,closer_of_two,0.999943733215332,True,True,True,False,ambiguous,identity,referenced_entity_ambiguous,False,0.7093750000000121,0.3698330000001526,0,10
original_validation,179bb08fc528f6fa,closer_of_two,original_template,original_template,closer_of_two,0.999943733215332,True,True,True,True,success,none,,True,0.5020409999998421,0.3441660000000901,0,10
original_validation,d825a5e32b45a334,closer_of_two,original_template,original_template,closer_of_two,0.999943733215332,True,True,True,True,success,none,,True,0.6439160000000221,0.3869579999999928,0,10
original_validation,9414b7265a0f57ed,closer_of_two,original_template,original_template,closer_of_two,0.999943733215332,True,True,True,True,success,none,,True,0.4898330000000506,0.3579169999996523,0,10
original_validation,81ac55456ff476d9,closer_of_two,original_template,original_template,closer_of_two,0.999943733215332,True,True,True,False,ambiguous,identity,referenced_entity_ambiguous,False,0.5000420000000894,0.3648750000002643,0,10
original_validation,10a12066e511a8bb,closer_of_two,original_template,original_template,closer_of_two,0.999943733215332,True,True,True,False,ambiguous,identity,referenced_entity_ambiguous,False,0.41566699999995294,0.3426250000000408,0,10
original_validation,ca4fddd803d5a297,closer_of_two,original_template,original_template,closer_of_two,0.999943733215332,True,True,True,True,success,none,,True,0.5062499999999304,0.3910000000000302,0,10
original_validation,04df6f09e9c4b7ec,closer_of_two,original_template,original_template,closer_of_two,0.999943733215332,True,True,True,True,success,none,,True,0.4677079999999556,0.37799999999998946,0,10
original_validation,a97d8a02f6bc109a,closer_of_two,original_template,original_template,closer_of_two,0.999943733215332,True,True,True,True,success,none,,True,0.6722089999997571,0.37566600000005224,0,10
original_validation,e58a7b74c08c46a1,closer_of_two,original_template,original_template,closer_of_two,0.999943733215332,True,True,True,True,success,none,,True,0.5090000000000927,0.372333000000058,0,10
original_validation,56be6d00d71ef2b1,closer_of_two,original_template,original_template,closer_of_two,0.999943733215332,True,True,True,False,ambiguous,identity,referenced_entity_ambiguous,False,0.44616699999977527,0.3583749999997998,0,10
original_validation,4c49b133975442f6,closer_of_two,original_template,original_template,closer_of_two,0.999943733215332,True,True,True,False,ambiguous,identity,referenced_entity_ambiguous,False,0.39283400000034163,0.3327080000001814,0,10
original_validation,dc7a27ed9dde2993,closer_of_two,original_template,original_template,closer_of_two,0.999943733215332,True,True,True,True,success,none,,True,0.5581249999999649,0.33670799999985235,0,10
original_validation,fa723692ea7f4bd8,closer_of_two,original_template,original_template,closer_of_two,0.999943733215332,True,True,True,True,success,none,,True,0.4577499999998125,0.3442080000000125,0,10
original_validation,3fb231a0c7808066,closer_of_two,original_template,original_template,closer_of_two,0.999943733215332,True,True,True,True,success,none,,True,0.4743330000001045,0.337542000000024,0,10
original_validation,90426d190c4d9bec,closer_of_two,original_template,original_template,closer_of_two,0.999943733215332,True,True,True,True,success,none,,True,0.44495900000018906,0.3448330000002109,0,10
original_validation,c0b455f1666577f6,closer_of_two,original_template,original_template,closer_of_two,0.999943733215332,True,True,True,True,success,none,,True,0.5208329999999428,0.3397080000002717,0,10
original_validation,684bfe1203d3aa27,closer_of_two,original_template,original_template,closer_of_two,0.999943733215332,True,True,True,True,success,none,,True,0.45470799999991485,0.3427500000001693,0,10
original_validation,c1116d20ef120e8e,closer_of_two,original_template,original_template,closer_of_two,0.999943733215332,True,True,True,True,success,none,,True,0.450208000000174,0.33462499999981077,0,10
original_validation,72364f3d6397abd9,closer_of_two,original_template,original_template,closer_of_two,0.999943733215332,True,True,True,True,success,none,,True,0.38949999999982055,0.3065829999999714,0,10
original_validation,b826b63a019e7309,closer_of_two,original_template,original_template,closer_of_two,0.999943733215332,True,True,True,True,success,none,,True,0.4531670000003096,0.3525419999999002,0,10
original_validation,69ddd045baec4b4a,closer_of_two,original_template,original_template,closer_of_two,0.999943733215332,True,True,True,True,success,none,,True,0.40525000000002365,0.3316249999998355,0,10
original_validation,8beff7e18bd7e290,closer_of_two,original_template,original_template,closer_of_two,0.999943733215332,True,True,True,True,success,none,,True,0.46533300000017874,0.33829200000035087,0,10
original_validation,a6a5d32259d23bc5,closer_of_two,original_template,original_template,closer_of_two,0.999943733215332,True,True,True,False,ambiguous,identity,referenced_entity_ambiguous,False,0.41316599999996484,0.3479580000003146,0,10
original_validation,cb0830960cdbdf7d,closer_of_two,original_template,original_template,closer_of_two,0.999943733215332,True,True,True,True,success,none,,True,0.49529200000009155,0.3633750000000546,0,10
original_validation,9bae9ee116839b8f,closer_of_two,original_template,original_template,closer_of_two,0.999943733215332,True,True,True,True,success,none,,True,0.44795800000008157,0.3565840000003817,0,10
original_validation,031ea7845743a835,closer_of_two,original_template,original_template,closer_of_two,0.999943733215332,True,True,True,True,success,none,,True,0.545624999999994,0.37645899999994015,0,10
original_validation,935739238b42893b,closer_of_two,original_template,original_template,closer_of_two,0.999943733215332,True,True,True,True,success,none,,True,0.4352499999997761,0.3409159999998579,0,10
original_validation,db2b7db7a08ef8be,count_within_radius,original_template,original_template,count_within_radius,0.999935507774353,True,True,True,True,success,none,,True,0.6039169999998428,0.5104160000000135,0,18
original_validation,7ad357b1f9ea72f4,count_within_radius,original_template,original_template,count_within_radius,0.999935507774353,True,True,True,False,ambiguous,identity,referenced_entity_ambiguous,False,0.7832080000000907,0.5013329999998817,0,18
original_validation,a617098cef40a825,count_within_radius,original_template,original_template,count_within_radius,0.999935507774353,True,True,True,False,ambiguous,identity,referenced_entity_ambiguous,False,0.6938329999996995,0.5208329999999428,0,18
original_validation,5cfe6804defa9c61,count_within_radius,original_template,original_template,count_within_radius,0.999935507774353,True,True,True,True,success,none,,True,0.8415829999997015,0.5165840000000976,0,18
original_validation,ad0476e9be7e987e,count_within_radius,original_template,original_template,count_within_radius,0.999935507774353,True,True,True,True,success,none,,True,0.6419170000002694,0.5006249999999213,0,18
original_validation,0cc1ffa8e9126f4a,count_within_radius,original_template,original_template,count_within_radius,0.999935507774353,True,True,True,True,success,none,,True,0.5859169999999914,0.5002499999999799,0,18
original_validation,16e37ae20e974345,count_within_radius,original_template,original_template,count_within_radius,0.999935507774353,True,True,True,True,success,none,,True,0.6107090000000426,0.49991699999996086,0,18
original_validation,550612204118e47b,count_within_radius,original_template,original_template,count_within_radius,0.999935507774353,True,True,True,True,success,none,,True,0.5885830000003089,0.5101249999999169,0,18
original_validation,d98429ce9b026b25,count_within_radius,original_template,original_template,count_within_radius,0.999935507774353,True,True,True,True,success,none,,True,0.8680420000000133,0.5124169999999317,0,18
original_validation,71ffcfd0215e9fa1,count_within_radius,original_template,original_template,count_within_radius,0.999935507774353,True,True,True,True,success,none,,True,0.9067909999997958,0.5077090000003004,0,18
original_validation,9e36fb4e8a5818bd,count_within_radius,original_template,original_template,count_within_radius,0.999935507774353,True,True,True,True,success,none,,True,0.744958999999934,0.5776669999999484,0,18
original_validation,9d5d27ff065ed130,count_within_radius,original_template,original_template,count_within_radius,0.999935507774353,True,True,True,True,success,none,,True,0.6953750000002756,0.5149169999998371,0,18
original_validation,ae5c4a1f61799648,count_within_radius,original_template,original_template,count_within_radius,0.999935507774353,True,True,True,True,success,none,,True,0.6467909999998689,0.5156250000002416,0,18
original_validation,1019eb93a5331ca9,count_within_radius,original_template,original_template,count_within_radius,0.999935507774353,True,True,True,True,success,none,,True,0.9580419999997147,0.5155409999999527,0,18
original_validation,97828fc137e091cd,count_within_radius,original_template,original_template,count_within_radius,0.999935507774353,True,True,True,True,success,none,,True,0.624959000000036,0.5106669999999092,0,18
original_validation,fb1360cfbb8251cc,count_within_radius,original_template,original_template,count_within_radius,0.999935507774353,True,True,True,True,success,none,,True,0.7924580000002734,0.5208329999999428,0,18
original_validation,5c25a904b026ea04,count_within_radius,original_template,original_template,count_within_radius,0.999935507774353,True,True,True,True,success,none,,True,0.5773330000002908,0.511749999999811,0,18
original_validation,22be7fe49bc58b93,count_within_radius,original_template,original_template,count_within_radius,0.999935507774353,True,True,True,True,success,none,,True,0.692083000000121,0.4987920000001367,0,18
original_validation,1c0a08072ac8494d,count_within_radius,original_template,original_template,count_within_radius,0.999935507774353,True,True,True,True,success,none,,True,0.6140839999999592,0.49908399999987196,0,18
original_validation,1b30df0058b08c66,count_within_radius,original_template,original_template,count_within_radius,0.999935507774353,True,False,False,False,invalid_query,slot_extraction,category_slot_count,False,0.4990829999997892,0.46854200000012725,0,18
original_validation,2850f54d4835b748,count_within_radius,original_template,original_template,count_within_radius,0.999935507774353,True,True,True,True,success,none,,True,0.6574159999996887,0.4955840000002709,0,18
original_validation,1ea194e16c14bd27,count_within_radius,original_template,original_template,count_within_radius,0.999935507774353,True,True,True,True,success,none,,True,0.5839999999999179,0.49920900000000046,0,18
original_validation,0eb9c91d634a93b4,count_within_radius,original_template,original_template,count_within_radius,0.999935507774353,True,True,True,True,success,none,,True,0.6128329999999238,0.508332999999972,0,18
original_validation,2fbf9cbee262b210,count_within_radius,original_template,original_template,count_within_radius,0.999935507774353,True,True,True,True,success,none,,True,0.7967080000002014,0.49974999999991,0,18
original_validation,7feabf6aee4fc733,count_within_radius,original_template,original_template,count_within_radius,0.999935507774353,True,True,True,True,success,none,,True,0.6279170000000889,0.5351660000001424,0,18
original_validation,853378420f847840,count_within_radius,original_template,original_template,count_within_radius,0.999935507774353,True,True,True,True,success,none,,True,0.6646249999997522,0.513707999999724,0,18
original_validation,1b4fc9cb54825824,count_within_radius,original_template,original_template,count_within_radius,0.999935507774353,True,True,True,True,success,none,,True,0.6121250000004075,0.5166669999998597,0,18
original_validation,212d0bea98d2eeec,count_within_radius,original_template,original_template,count_within_radius,0.999935507774353,True,True,True,True,success,none,,True,0.7585000000003284,0.5083749999998943,0,18
original_validation,cfb108d2d3fcea67,count_within_radius,original_template,original_template,count_within_radius,0.999935507774353,True,True,True,True,success,none,,True,0.5661249999997509,0.493624999999831,0,18
original_validation,9dce3f89ff31972d,count_within_radius,original_template,original_template,count_within_radius,0.999935507774353,True,True,True,True,success,none,,True,0.8832500000002241,0.5230830000000353,0,18
original_validation,23950f9cb967f313,count_within_radius,original_template,original_template,count_within_radius,0.999935507774353,True,True,True,True,success,none,,True,0.5972089999999319,0.49454099999968193,0,18
original_validation,cc5a764b74154f88,count_within_radius,original_template,original_template,count_within_radius,0.999935507774353,True,True,True,True,success,none,,True,0.8981249999999719,0.5549590000000215,0,18
original_validation,52c814197020152d,count_within_radius,original_template,original_template,count_within_radius,0.999935507774353,True,True,True,True,success,none,,True,0.585875000000069,0.512250000000325,0,18
original_validation,97cb24bc90c866c7,count_within_radius,original_template,original_template,count_within_radius,0.999935507774353,True,True,True,True,success,none,,True,0.8703329999999454,0.5663750000000078,0,18
original_validation,910e665c55b95e06,count_within_radius,original_template,original_template,count_within_radius,0.999935507774353,True,True,True,False,ambiguous,identity,referenced_entity_ambiguous,False,0.7295840000001164,0.5021249999996868,0,18
original_validation,9900d6836e0f22f2,count_within_radius,original_template,original_template,count_within_radius,0.999935507774353,True,True,True,True,success,none,,True,0.7519170000001019,0.5069999999998132,0,18
original_validation,96611c65b870c534,count_within_radius,original_template,original_template,count_within_radius,0.999935507774353,True,False,False,False,invalid_query,slot_extraction,category_slot_count,True,0.4889999999999617,0.45412500000008293,0,18
original_validation,1f5d0590d75c7bc3,count_within_radius,original_template,original_template,count_within_radius,0.999935507774353,True,True,True,True,success,none,,True,0.89395800000025,0.5145830000001794,0,18
original_validation,69e9794153622109,count_within_radius,original_template,original_template,count_within_radius,0.999935507774353,True,True,True,True,success,none,,True,0.8286669999999496,0.5077079999997736,0,18
original_validation,bdaa9c434ff22393,count_within_radius,original_template,original_template,count_within_radius,0.999935507774353,True,True,True,True,success,none,,True,0.8250420000002201,0.5227499999995722,0,18
original_validation,5b95f7a3993b4e8f,count_within_radius,original_template,original_template,count_within_radius,0.999935507774353,True,True,True,True,success,none,,True,0.7689580000000973,0.5017089999999058,0,18
original_validation,3f09d3925ccd7537,count_within_radius,original_template,original_template,count_within_radius,0.999935507774353,True,True,True,False,ambiguous,identity,referenced_entity_ambiguous,False,0.8671250000000796,0.49991699999996086,0,18
original_validation,d88b002b67d20c7d,count_within_radius,original_template,original_template,count_within_radius,0.999935507774353,True,True,True,True,success,none,,True,0.89395800000025,0.5069999999998132,0,18
original_validation,a7f6c180e0856900,count_within_radius,original_template,original_template,count_within_radius,0.999935507774353,True,True,True,True,success,none,,True,0.7460840000002023,0.5234160000000543,0,18
original_validation,a1d5cfe6427dd1cd,count_within_radius,original_template,original_template,count_within_radius,0.999935507774353,True,True,True,True,success,none,,True,0.6327919999997711,0.49645800000019946,0,18
original_validation,abcd7a7ffd9bb1cd,count_within_radius,original_template,original_template,count_within_radius,0.999935507774353,True,True,True,True,success,none,,True,0.756416000000204,0.5535000000000956,0,18
original_validation,2e5a7f8478ea8756,count_within_radius,original_template,original_template,count_within_radius,0.999935507774353,True,True,True,False,ambiguous,identity,referenced_entity_ambiguous,False,0.7897919999999559,0.5102090000002057,0,18
original_validation,b845b1987b92601e,count_within_radius,original_template,original_template,count_within_radius,0.999935507774353,True,True,True,True,success,none,,True,0.582207999999973,0.494125000000345,0,18
original_validation,3527d8b1c405065f,count_within_radius,original_template,original_template,count_within_radius,0.999935507774353,True,True,True,True,success,none,,True,0.8842090000000802,0.504000000000282,0,18
original_validation,9cad6f2bfb4e67e2,count_within_radius,original_template,original_template,count_within_radius,0.999935507774353,True,True,True,True,success,none,,True,0.9005420000001152,0.5377499999998925,0,18
original_validation,ed1fb9aa10b921a2,count_within_radius,original_template,original_template,count_within_radius,0.999935507774353,True,True,True,True,success,none,,True,0.6654580000002852,0.5494580000000582,0,18
original_validation,f61b437181923a32,count_within_radius,original_template,original_template,count_within_radius,0.999935507774353,True,True,True,True,success,none,,True,0.8253339999999554,0.5074579999999607,0,18
original_validation,652bd1c20ed5b8b9,count_within_radius,original_template,original_template,count_within_radius,0.999935507774353,True,True,True,True,success,none,,True,0.7966670000003617,0.5242920000001483,0,18
original_validation,d571e3c0527c09d6,count_within_radius,original_template,original_template,count_within_radius,0.999935507774353,True,True,True,True,success,none,,True,0.6405419999997441,0.4995000000000971,0,18
original_validation,59a1c315e77dfa52,count_within_radius,original_template,original_template,count_within_radius,0.999935507774353,True,True,True,False,ambiguous,identity,referenced_entity_ambiguous,False,0.8692080000001212,0.5587910000000029,0,18
original_validation,611fafa3d5f28e3d,count_within_radius,original_template,original_template,count_within_radius,0.999935507774353,True,True,True,True,success,none,,True,0.6748750000000747,0.5122499999998809,0,18
original_validation,d7e223eee2f48d38,count_within_radius,original_template,original_template,count_within_radius,0.999935507774353,True,True,True,True,success,none,,True,0.5552920000000405,0.49137500000018264,0,18
original_validation,0405ba03931a82c3,count_within_radius,original_template,original_template,count_within_radius,0.999935507774353,True,True,True,True,success,none,,True,0.7869170000001091,0.4933330000000957,0,18
original_validation,9243a8412efd743d,count_within_radius,original_template,original_template,count_within_radius,0.999935507774353,True,True,True,True,success,none,,True,0.8664159999995924,0.5187079999999789,0,18
original_validation,02506d9bb33036a0,count_within_radius,original_template,original_template,count_within_radius,0.999935507774353,True,True,True,True,success,none,,True,0.8676659999999892,0.4986670000000082,0,18
original_validation,5c984697647573ad,count_within_radius,original_template,original_template,count_within_radius,0.999935507774353,True,True,True,True,success,none,,True,0.8104170000002853,0.5264590000000346,0,18
original_validation,cb8de280cc676505,count_within_radius,original_template,original_template,count_within_radius,0.999935507774353,True,True,True,True,success,none,,True,0.8783750000000978,0.5125829999998999,0,18
original_validation,0dc63faf41c4d7ec,count_within_radius,original_template,original_template,count_within_radius,0.999935507774353,True,True,True,True,success,none,,True,0.7222499999999243,0.5114999999999981,0,18
original_validation,39c487153a6e8416,count_within_radius,original_template,original_template,count_within_radius,0.999935507774353,True,True,True,True,success,none,,True,0.6901660000000476,0.5169160000000339,0,18
original_validation,be603db227b6ef5f,count_within_radius,original_template,original_template,count_within_radius,0.999935507774353,True,True,True,True,success,none,,True,0.6353329999999602,0.4984999999999573,0,18
original_validation,1dfd7ba6e06e9bcd,count_within_radius,original_template,original_template,count_within_radius,0.999935507774353,True,True,True,True,success,none,,True,0.866125000000384,0.5192920000003376,0,18
original_validation,5ead34cc769eaca2,count_within_radius,original_template,original_template,count_within_radius,0.999935507774353,True,True,True,False,ambiguous,identity,referenced_entity_ambiguous,False,0.7920839999999707,0.5077079999997736,0,18
original_validation,b425def560e453ea,count_within_radius,original_template,original_template,count_within_radius,0.999935507774353,True,True,True,True,success,none,,True,0.6569169999997015,0.5124169999999317,0,18
original_validation,6b6d2cf808290803,count_within_radius,original_template,original_template,count_within_radius,0.999935507774353,True,True,True,True,success,none,,True,0.9561250000000854,0.5850409999998973,0,18
original_validation,c7283d1a5f09f63b,count_within_radius,original_template,original_template,count_within_radius,0.999935507774353,True,True,True,True,success,none,,True,0.6504170000001253,0.5090830000002988,0,18
original_validation,2cc9e942c08f7838,count_within_radius,original_template,original_template,count_within_radius,0.999935507774353,True,True,True,True,success,none,,True,0.8059590000000227,0.5139170000001414,0,18
original_validation,7df03c1f3b124a5b,count_within_radius,original_template,original_template,count_within_radius,0.999935507774353,True,True,True,False,ambiguous,identity,referenced_entity_ambiguous,False,0.6292079999998812,0.513957999999981,0,18
original_validation,9041e29fef59d3f3,count_within_radius,original_template,original_template,count_within_radius,0.999935507774353,True,True,True,True,success,none,,True,0.8546670000000312,0.5130000000002077,0,18
original_validation,d5274de54644fbf8,count_within_radius,original_template,original_template,count_within_radius,0.999935507774353,True,True,True,True,success,none,,True,0.631499999999896,0.5084580000001004,0,18
original_validation,0e5f9ec05f72c4f1,count_within_radius,original_template,original_template,count_within_radius,0.999935507774353,True,True,True,False,ambiguous,identity,referenced_entity_ambiguous,False,0.6216250000004031,0.5225829999999654,0,18
original_validation,f486fa5ed1e6f6ba,count_within_radius,original_template,original_template,count_within_radius,0.999935507774353,True,True,True,True,success,none,,True,0.6371670000002716,0.5159999999997389,0,18
original_validation,063c76df3229f3fd,count_within_radius,original_template,original_template,count_within_radius,0.999935507774353,True,True,True,True,success,none,,True,0.8296669999996453,0.5129999999997636,0,18
original_validation,514f2762f2e28ff2,count_within_radius,original_template,original_template,count_within_radius,0.999935507774353,True,True,True,True,success,none,,True,0.6047500000003758,0.49000000000010147,0,18
original_validation,c960bfc001f8cd4a,count_within_radius,original_template,original_template,count_within_radius,0.999935507774353,True,True,True,True,success,none,,True,0.8313330000002672,0.5137500000000905,0,18
original_validation,55a77976230c497d,count_within_radius,original_template,original_template,count_within_radius,0.999935507774353,True,True,True,True,success,none,,True,0.9939999999999394,0.5239999999999689,0,18
original_validation,b963678ef875df58,count_within_radius,original_template,original_template,count_within_radius,0.999935507774353,True,True,True,True,success,none,,True,0.8255830000001296,0.5324579999999024,0,18
original_validation,509665ed42ab9a4e,count_within_radius,original_template,original_template,count_within_radius,0.999935507774353,True,True,True,True,success,none,,True,0.823417000000326,0.5266250000000028,0,18
original_validation,d6090438a7b2e127,count_within_radius,original_template,original_template,count_within_radius,0.999935507774353,True,True,True,False,ambiguous,identity,referenced_entity_ambiguous,False,0.745957999999991,0.49508399999975694,0,18
original_validation,7c71b7e2d0722961,count_within_radius,original_template,original_template,count_within_radius,0.999935507774353,True,True,True,True,success,none,,True,0.9552500000000741,0.5254589999998949,0,18
original_validation,04990bc8428c09b0,count_within_radius,original_template,original_template,count_within_radius,0.999935507774353,True,True,True,True,success,none,,True,0.8565419999997381,0.5280830000002901,0,18
original_validation,b6e71420ecc761ff,count_within_radius,original_template,original_template,count_within_radius,0.999935507774353,True,True,True,True,success,none,,True,0.7145830000001574,0.5130840000000525,0,18
original_validation,52366898d63cee87,count_within_radius,original_template,original_template,count_within_radius,0.999935507774353,True,True,True,False,ambiguous,identity,referenced_entity_ambiguous,False,0.7745409999997399,0.5116670000000489,0,18
original_validation,4e5f91981c290f27,count_within_radius,original_template,original_template,count_within_radius,0.999935507774353,True,True,True,True,success,none,,True,0.7057079999999161,0.5030420000000646,0,18
original_validation,5d4fe1f2d7683f71,count_within_radius,original_template,original_template,count_within_radius,0.999935507774353,True,True,True,True,success,none,,True,0.6305420000001227,0.49041700000040933,0,18
original_validation,cc57b2764ca3b4f0,count_within_radius,original_template,original_template,count_within_radius,0.999935507774353,True,True,True,True,success,none,,True,0.8452499999997976,0.5191249999998426,0,18
original_validation,17852b2d4fc2c7aa,count_within_radius,original_template,original_template,count_within_radius,0.999935507774353,True,True,True,True,success,none,,True,0.6514580000001047,0.5002080000000575,0,18
original_validation,21a6bfa27c9eaef1,count_within_radius,original_template,original_template,count_within_radius,0.999935507774353,True,True,True,True,success,none,,True,0.7400839999998077,0.5119580000001456,0,18
original_validation,7a16928625f805a7,count_within_radius,original_template,original_template,count_within_radius,0.999935507774353,True,True,True,False,ambiguous,identity,referenced_entity_ambiguous,False,0.8437909999998716,0.5034579999998456,0,18
original_validation,7680576ec9fa3f5a,count_within_radius,original_template,original_template,count_within_radius,0.999935507774353,True,True,True,True,success,none,,True,0.8466249999998787,0.4880839999996667,0,18
original_validation,d93ad525a047f5e5,count_within_radius,original_template,original_template,count_within_radius,0.999935507774353,True,True,True,True,success,none,,True,1.009958000000033,0.5079170000001909,0,18
original_validation,c74e695212b196ff,count_within_radius,original_template,original_template,count_within_radius,0.999935507774353,True,True,True,True,success,none,,True,0.727499999999992,0.533625000000093,0,18
original_validation,389c4a7fb728d067,count_within_radius,original_template,original_template,count_within_radius,0.999935507774353,True,True,True,True,success,none,,True,0.601875000000085,0.515667000000164,0,18
original_validation,31df5914c4284305,nearest_of_two_categories,original_template,original_template,nearest_of_two_categories,0.999927282333374,True,True,True,True,success,none,,True,0.8149170000000261,0.43066700000027325,0,16
original_validation,7be9e916f6f52ad0,nearest_of_two_categories,original_template,original_template,nearest_of_two_categories,0.9999271631240845,True,True,True,True,success,none,,True,0.5881250000001614,0.41941599999972823,0,16
original_validation,b690c5bc182ad19a,nearest_of_two_categories,original_template,original_template,nearest_of_two_categories,0.9999271631240845,True,True,True,True,success,none,,True,0.7300420000002639,0.4339999999998234,0,16
original_validation,f215fd4b1af7c013,nearest_of_two_categories,original_template,original_template,nearest_of_two_categories,0.9999269247055054,True,True,True,True,success,none,,True,0.5599999999996719,0.41416599999966053,0,16
original_validation,c740489fd5622e7c,nearest_of_two_categories,original_template,original_template,nearest_of_two_categories,0.9999276399612427,True,True,True,True,success,none,,True,0.6763749999998403,0.43358299999995964,0,16
original_validation,97db2604cd341326,nearest_of_two_categories,original_template,original_template,nearest_of_two_categories,0.9999275207519531,True,True,True,True,success,none,,True,0.5489160000000659,0.427166999999784,0,16
original_validation,c21c4c1ec9e12b96,nearest_of_two_categories,original_template,original_template,nearest_of_two_categories,0.9999254941940308,True,True,True,True,success,none,,True,0.8470420000001866,0.4334169999999915,0,17
original_validation,33c8fe7d63fdf9f0,nearest_of_two_categories,original_template,original_template,nearest_of_two_categories,0.9999253749847412,True,True,True,True,success,none,,True,0.6917089999998183,0.47941699999975995,0,16
original_validation,546f0936ad13c406,nearest_of_two_categories,original_template,original_template,nearest_of_two_categories,0.9999260902404785,True,True,True,True,success,none,,True,0.8465000000001943,0.4622079999996309,0,17
original_validation,993c29f6fdfb6345,nearest_of_two_categories,original_template,original_template,nearest_of_two_categories,0.9999258518218994,True,True,True,True,success,none,,True,0.613292000000154,0.4449580000001063,0,16
original_validation,947a545518d659c3,nearest_of_two_categories,original_template,original_template,nearest_of_two_categories,0.999925971031189,True,True,True,True,success,none,,True,0.5743750000002379,0.4181249999999359,0,16
original_validation,bfaf6cf6cb4eead4,nearest_of_two_categories,original_template,original_template,nearest_of_two_categories,0.9999269247055054,True,True,True,True,success,none,,True,0.5313750000000006,0.4308329999997973,0,17
original_validation,a2c085efb48564cd,nearest_of_two_categories,original_template,original_template,nearest_of_two_categories,0.9999279975891113,True,True,True,True,success,none,,True,0.7350420000000746,0.41670799999993235,0,16
original_validation,0d111617e58d2fbe,nearest_of_two_categories,original_template,original_template,nearest_of_two_categories,0.9999281167984009,True,True,True,True,success,none,,True,0.5734170000000205,0.4167919999997771,0,16
original_validation,4c8cf88f7c3ebdc2,nearest_of_two_categories,original_template,original_template,nearest_of_two_categories,0.9999269247055054,True,True,True,True,success,none,,True,0.570208000000072,0.42820800000020753,0,17
original_validation,6dc07acfb691bcd1,nearest_of_two_categories,original_template,original_template,nearest_of_two_categories,0.9999270439147949,True,True,True,True,success,none,,True,0.7826670000001812,0.43141699999971195,0,16
original_validation,22378024cb555060,nearest_of_two_categories,original_template,original_template,nearest_of_two_categories,0.9999269247055054,True,True,True,True,success,none,,True,0.6219170000001384,0.4567909999999564,0,17
original_validation,4364d97a942888db,nearest_of_two_categories,original_template,original_template,nearest_of_two_categories,0.9999260902404785,True,True,True,True,success,none,,True,0.7695000000000896,0.4153339999999339,0,16
original_validation,d0ec576edc5b9413,nearest_of_two_categories,original_template,original_template,nearest_of_two_categories,0.9999275207519531,True,True,True,True,success,none,,True,0.5854590000002879,0.41229099999995356,0,16
original_validation,785eb79e7457c297,nearest_of_two_categories,original_template,original_template,nearest_of_two_categories,0.9999262094497681,True,True,True,True,success,none,,True,0.7095000000001406,0.4429169999999871,0,17
original_validation,8e4c079da0c16898,nearest_of_two_categories,original_template,original_template,nearest_of_two_categories,0.9999263286590576,True,True,True,True,success,none,,True,0.5594580000001237,0.4179999999998074,0,16
original_validation,c984ac18e0b2ab58,nearest_of_two_categories,original_template,original_template,nearest_of_two_categories,0.9999271631240845,True,True,True,True,success,none,,True,0.7549170000000771,0.43674999999998576,0,16
original_validation,82f71956075a8106,nearest_of_two_categories,original_template,original_template,nearest_of_two_categories,0.9999269247055054,True,True,True,True,success,none,,True,0.6045000000001188,0.4380409999997781,0,17
original_validation,63f494a9516bf74a,nearest_of_two_categories,original_template,original_template,nearest_of_two_categories,0.9999251365661621,True,True,True,True,success,none,,True,0.7286249999998162,0.43470900000031065,0,17
original_validation,37c2e859e7454f65,nearest_of_two_categories,original_template,original_template,nearest_of_two_categories,0.9999268054962158,True,True,True,True,success,none,,True,0.564082999999993,0.41266599999989495,0,16
original_validation,a35ee1a844d40874,nearest_of_two_categories,original_template,original_template,nearest_of_two_categories,0.9999268054962158,True,True,True,True,success,none,,True,0.7863749999996728,0.43712499999992716,0,17
original_validation,40c5776c6948f5e5,nearest_of_two_categories,original_template,original_template,nearest_of_two_categories,0.9999260902404785,True,True,True,True,success,none,,True,0.586040999999593,0.4195829999997791,0,16
original_validation,742625ecaf3a38e7,nearest_of_two_categories,original_template,original_template,nearest_of_two_categories,0.9999266862869263,True,True,True,True,success,none,,True,0.8169170000003056,0.41833400000035326,0,16
original_validation,538dbfbf5788762d,nearest_of_two_categories,original_template,original_template,nearest_of_two_categories,0.9999271631240845,True,True,True,True,success,none,,True,0.5927500000000308,0.4170839999999565,0,16
original_validation,cba5283894f6fd42,nearest_of_two_categories,original_template,original_template,nearest_of_two_categories,0.999925971031189,True,True,True,True,success,none,,True,0.6900000000000794,0.4575829999997616,0,16
original_validation,c340995bc2883bbb,nearest_of_two_categories,original_template,original_template,nearest_of_two_categories,0.9999266862869263,True,True,True,True,success,none,,True,0.5463749999998768,0.4286250000000713,0,16
original_validation,031b30f0aaa6edea,nearest_of_two_categories,original_template,original_template,nearest_of_two_categories,0.9999270439147949,True,True,True,True,success,none,,True,0.6562080000001025,0.4342920000000028,0,16
original_validation,90b79cef9a84fa22,nearest_of_two_categories,original_template,original_template,nearest_of_two_categories,0.9999266862869263,True,True,True,True,success,none,,True,0.5359999999998699,0.42466700000032276,0,16
original_validation,5b8b5a842a0f1fc8,nearest_of_two_categories,original_template,original_template,nearest_of_two_categories,0.999927282333374,True,True,True,True,success,none,,True,0.8005420000003483,0.45395800000003206,0,16
original_validation,96d0fc9dff1c4541,nearest_of_two_categories,original_template,original_template,nearest_of_two_categories,0.9999252557754517,True,True,True,True,success,none,,True,0.5857080000000181,0.4260409999998771,0,16
original_validation,7f5ac74f6f7f80cf,nearest_of_two_categories,original_template,original_template,nearest_of_two_categories,0.9999258518218994,True,True,True,True,success,none,,True,0.7927910000002925,0.43558399999987785,0,16
original_validation,62994e358d9c5beb,nearest_of_two_categories,original_template,original_template,nearest_of_two_categories,0.9999271631240845,True,True,True,True,success,none,,True,0.6068749999998957,0.43162500000004655,0,16
original_validation,5c6a665977936355,nearest_of_two_categories,original_template,original_template,nearest_of_two_categories,0.9999260902404785,True,True,True,True,success,none,,True,0.6133749999999161,0.42525000000015467,0,16
original_validation,971dda1fbf530b59,nearest_of_two_categories,original_template,original_template,nearest_of_two_categories,0.9999262094497681,True,True,True,True,success,none,,True,0.54929200000009,0.4408329999998628,0,17
original_validation,1bcf3de4f53b92c6,nearest_of_two_categories,original_template,original_template,nearest_of_two_categories,0.9999263286590576,True,True,True,True,success,none,,True,0.7568749999999902,0.4451249999997131,0,17
original_validation,674f85259afb08c7,nearest_of_two_categories,original_template,original_template,nearest_of_two_categories,0.9999254941940308,True,True,True,True,success,none,,True,0.5639170000000249,0.41070799999998187,0,16
original_validation,e5a18ff8e738aa3b,nearest_of_two_categories,original_template,original_template,nearest_of_two_categories,0.9999268054962158,True,True,True,True,success,none,,True,0.7713749999997965,0.43287499999999923,0,17
original_validation,d8978fc4e8ab666a,nearest_of_two_categories,original_template,original_template,nearest_of_two_categories,0.9999254941940308,True,True,True,True,success,none,,True,0.6131250000001032,0.43808300000014455,0,17
original_validation,2445da0f5d02b7df,nearest_of_two_categories,original_template,original_template,nearest_of_two_categories,0.9999266862869263,True,True,True,True,success,none,,True,0.709291999999806,0.4354580000001107,0,16
original_validation,aaed9a261cd551ee,nearest_of_two_categories,original_template,original_template,nearest_of_two_categories,0.9999265670776367,True,True,True,True,success,none,,True,0.5806669999999237,0.43720800000013327,0,16
original_validation,a9d355a1563a650f,nearest_of_two_categories,original_template,original_template,nearest_of_two_categories,0.9999263286590576,True,True,True,True,success,none,,True,0.854291000000007,0.45841699999993324,0,16
original_validation,578afdfa7440b9c8,nearest_of_two_categories,original_template,original_template,nearest_of_two_categories,0.9999262094497681,True,True,True,True,success,none,,True,0.6186249999999838,0.43758300000007466,0,16
original_validation,77f5f6526f6c877a,nearest_of_two_categories,original_template,original_template,nearest_of_two_categories,0.9999268054962158,True,True,True,True,success,none,,True,0.7949169999998951,0.4399580000002956,0,17
original_validation,96785118ec995c32,nearest_of_two_categories,original_template,original_template,nearest_of_two_categories,0.999925971031189,True,True,True,True,success,none,,True,0.5936660000003258,0.4249579999999753,0,16
original_validation,68a35cdea867523a,nearest_of_two_categories,original_template,original_template,nearest_of_two_categories,0.999927282333374,True,True,True,True,success,none,,True,0.753624999999758,0.4509999999999792,0,16
original_validation,b7f2448c2e2b2d06,nearest_of_two_categories,original_template,original_template,nearest_of_two_categories,0.9999269247055054,True,True,True,True,success,none,,True,0.6613330000000417,0.5063340000002192,0,17
original_validation,81a2ad173ab4275a,nearest_of_two_categories,original_template,original_template,nearest_of_two_categories,0.9999279975891113,True,True,True,True,success,none,,True,0.8010839999998964,0.42516699999994856,0,16
original_validation,0562931e787e9b70,nearest_of_two_categories,original_template,original_template,nearest_of_two_categories,0.9999260902404785,True,True,True,True,success,none,,True,0.5942090000004008,0.42116699999983354,0,16
original_validation,04a12561884bc130,nearest_of_two_categories,original_template,original_template,nearest_of_two_categories,0.999927282333374,True,True,True,True,success,none,,True,0.7092500000003277,0.41204100000014066,0,16
original_validation,4390dad58e2bfbc8,nearest_of_two_categories,original_template,original_template,nearest_of_two_categories,0.9999252557754517,True,True,True,True,success,none,,True,0.5689580000001193,0.4229169999998561,0,17
original_validation,c3dd61d36207f81a,nearest_of_two_categories,original_template,original_template,nearest_of_two_categories,0.9999276399612427,True,True,True,True,success,none,,True,0.7169170000000946,0.4195000000000171,0,16
original_validation,ec807dc870bb5264,nearest_of_two_categories,original_template,original_template,nearest_of_two_categories,0.9999269247055054,True,True,True,True,success,none,,True,0.5749999999999922,0.4291249999996971,0,17
original_validation,2a6c259c33e81de0,nearest_of_two_categories,original_template,original_template,nearest_of_two_categories,0.9999246597290039,True,True,True,True,success,none,,True,0.7798750000000965,0.4510419999999016,0,16
original_validation,60c13879f60cab18,nearest_of_two_categories,original_template,original_template,nearest_of_two_categories,0.9999269247055054,True,True,True,True,success,none,,True,0.5943340000000852,0.44520900000000196,0,17
original_validation,fc3132697c49fae3,nearest_of_two_categories,original_template,original_template,nearest_of_two_categories,0.9999258518218994,True,True,True,True,success,none,,True,0.8329160000002389,0.44920799999959016,0,16
original_validation,0aa88e3d3b4415cc,nearest_of_two_categories,original_template,original_template,nearest_of_two_categories,0.9999263286590576,True,True,True,True,success,none,,True,0.6582919999997827,0.4760419999998433,0,17
original_validation,61290146fec62350,nearest_of_two_categories,original_template,original_template,nearest_of_two_categories,0.9999278783798218,True,True,True,True,success,none,,True,0.7984169999999402,0.42074999999996976,0,16
original_validation,a53be6e853592fa1,nearest_of_two_categories,original_template,original_template,nearest_of_two_categories,0.9999250173568726,True,True,True,True,success,none,,True,0.5908750000003238,0.423749999999945,0,16
original_validation,c2930c29f6be327a,nearest_of_two_categories,original_template,original_template,nearest_of_two_categories,0.9999269247055054,True,True,True,True,success,none,,True,0.7757920000002194,0.42525000000015467,0,16
original_validation,bb54b4991e842ef9,nearest_of_two_categories,original_template,original_template,nearest_of_two_categories,0.9999246597290039,True,True,True,True,success,none,,True,0.5792079999999977,0.4176250000003101,0,16
original_validation,31431dcfd3cb0dda,nearest_of_two_categories,original_template,original_template,nearest_of_two_categories,0.9999268054962158,True,True,True,True,success,none,,True,1.1447499999999167,0.4567909999999564,0,17
original_validation,46e86bc80f9e7c53,nearest_of_two_categories,original_template,original_template,nearest_of_two_categories,0.9999281167984009,True,True,True,True,success,none,,True,0.682833999999577,0.42650000000010735,0,16
original_validation,1f9cd5fc76ca92e1,nearest_of_two_categories,original_template,original_template,nearest_of_two_categories,0.9999269247055054,True,True,True,True,success,none,,True,0.5604580000002635,0.4326670000001087,0,17
original_validation,550c5af0a49e9517,nearest_of_two_categories,original_template,original_template,nearest_of_two_categories,0.9999260902404785,True,True,True,True,success,none,,True,0.6587499999999302,0.41137500000010263,0,16
original_validation,49c4c33254e7b1be,nearest_of_two_categories,original_template,original_template,nearest_of_two_categories,0.9999262094497681,True,True,True,True,success,none,,True,0.5817910000001092,0.4583330000000885,0,16
original_validation,13b1e01af031d7c7,nearest_of_two_categories,original_template,original_template,nearest_of_two_categories,0.9999270439147949,True,True,True,True,success,none,,True,0.6505420000002538,0.43454100000017704,0,16
original_validation,daba8a96465925ab,nearest_of_two_categories,original_template,original_template,nearest_of_two_categories,0.9999269247055054,True,True,True,True,success,none,,True,0.5684580000000494,0.44787499999987546,0,17
original_validation,07322968d12321c6,nearest_of_two_categories,original_template,original_template,nearest_of_two_categories,0.9999263286590576,True,True,True,True,success,none,,True,0.8449169999997785,0.44416600000030115,0,17
original_validation,6103b5a4b61ff13f,nearest_of_two_categories,original_template,original_template,nearest_of_two_categories,0.9999276399612427,True,True,True,True,success,none,,True,0.6063749999998258,0.42591699999983135,0,16
original_validation,0c4d15ab014767a4,nearest_of_two_categories,original_template,original_template,nearest_of_two_categories,0.9999251365661621,True,True,True,True,success,none,,True,0.8317920000000534,0.4511250000001077,0,17
original_validation,e9b717e4210d0b26,nearest_of_two_categories,original_template,original_template,nearest_of_two_categories,0.9999271631240845,True,True,True,True,success,none,,True,0.593625000000042,0.4241669999998088,0,16
original_validation,856f909a9ccd0916,nearest_of_two_categories,original_template,original_template,nearest_of_two_categories,0.9999269247055054,True,True,True,True,success,none,,True,0.6574580000000552,0.43954099999998775,0,17
original_validation,18f2a4060d3dd607,nearest_of_two_categories,original_template,original_template,nearest_of_two_categories,0.9999266862869263,True,True,True,True,success,none,,True,0.5370000000000097,0.41662499999972624,0,16
original_validation,155adb5cc861774a,nearest_of_two_categories,original_template,original_template,nearest_of_two_categories,0.9999252557754517,True,True,True,True,success,none,,True,0.8334999999997095,0.43433399999992517,0,16
original_validation,d16bb15525bdde25,nearest_of_two_categories,original_template,original_template,nearest_of_two_categories,0.9999268054962158,True,True,True,True,success,none,,True,0.5892499999999856,0.4202079999999775,0,16
original_validation,e509b1a65f876c3e,nearest_of_two_categories,original_template,original_template,nearest_of_two_categories,0.9999266862869263,True,True,True,True,success,none,,True,0.8671659999999193,0.43220800000032256,0,16
original_validation,d93b2d54504b6385,nearest_of_two_categories,original_template,original_template,nearest_of_two_categories,0.9999270439147949,True,True,True,True,success,none,,True,0.6210409999996003,0.4235000000001321,0,16
original_validation,b4e90ef52f8f6171,nearest_of_two_categories,original_template,original_template,nearest_of_two_categories,0.9999254941940308,True,True,True,True,success,none,,True,0.8269160000002884,0.4409579999999913,0,16
original_validation,52938c2b03cae259,nearest_of_two_categories,original_template,original_template,nearest_of_two_categories,0.9999265670776367,True,True,True,True,success,none,,True,0.6171670000001406,0.4347080000002279,0,17
original_validation,b2347c0f6797a308,nearest_of_two_categories,original_template,original_template,nearest_of_two_categories,0.9999268054962158,True,True,True,True,success,none,,True,0.9127499999999067,0.48583299999993557,0,16
original_validation,96b65f71aed3c869,nearest_of_two_categories,original_template,original_template,nearest_of_two_categories,0.9999268054962158,True,True,True,True,success,none,,True,0.5998330000003271,0.4221669999999733,0,16
original_validation,0b4d5d7a3bc0e6a6,nearest_of_two_categories,original_template,original_template,nearest_of_two_categories,0.9999251365661621,True,True,True,True,success,none,,True,0.5969580000000363,0.44483400000006057,0,17
original_validation,a6ee79f2a1ee99a2,nearest_of_two_categories,original_template,original_template,nearest_of_two_categories,0.999927282333374,True,True,True,True,success,none,,True,0.5214160000002188,0.4183749999997488,0,16
original_validation,3e71050ea9e0c1cf,nearest_of_two_categories,original_template,original_template,nearest_of_two_categories,0.9999258518218994,True,True,True,True,success,none,,True,0.5738749999997239,0.42379099999978465,0,17
original_validation,ba42323c19c047af,nearest_of_two_categories,original_template,original_template,nearest_of_two_categories,0.9999251365661621,True,True,True,True,success,none,,True,0.5692909999996942,0.4484169999998677,0,17
original_validation,fe5cf0970e891b74,nearest_of_two_categories,original_template,original_template,nearest_of_two_categories,0.999927282333374,True,True,True,True,success,none,,True,0.6157909999999767,0.42183299999987156,0,16
original_validation,18adc77214c7fc66,nearest_of_two_categories,original_template,original_template,nearest_of_two_categories,0.9999275207519531,True,True,True,True,success,none,,True,0.5133330000002267,0.4092499999996946,0,16
original_validation,3d186923390c14a6,nearest_of_two_categories,original_template,original_template,nearest_of_two_categories,0.9999260902404785,True,True,True,True,success,none,,True,0.7004579999998484,0.42074999999996976,0,16
original_validation,c00245fd05feaa41,nearest_of_two_categories,original_template,original_template,nearest_of_two_categories,0.9999276399612427,True,True,True,True,success,none,,True,0.5602090000000892,0.4160839999998167,0,16
original_validation,60a49e09079587f2,nearest_of_two_categories,original_template,original_template,nearest_of_two_categories,0.9999258518218994,True,True,True,True,success,none,,True,0.7990830000004223,0.429875000000024,0,17
original_validation,2fdc1dec1370552f,nearest_of_two_categories,original_template,original_template,nearest_of_two_categories,0.9999256134033203,True,True,True,True,success,none,,True,0.5861670000002484,0.41579200000008143,0,16
original_validation,e6eabc917c02fe19,nearest_of_two_categories,original_template,original_template,nearest_of_two_categories,0.999925971031189,True,True,True,True,success,none,,True,0.6563340000003137,0.44249999999967926,0,16
original_validation,ef42dfcedc862504,nearest_of_two_categories,original_template,original_template,nearest_of_two_categories,0.9999251365661621,True,True,True,True,success,none,,True,0.5693340000001434,0.44712499999999267,0,17
original_validation,4ea59bc76fca944d,nearest_of_two_categories,original_template,original_template,nearest_of_two_categories,0.9999271631240845,True,True,True,True,success,none,,True,0.8062920000000418,0.4314160000000733,0,16
original_validation,7538c5a5ddc309b8,nearest_of_two_categories,original_template,original_template,nearest_of_two_categories,0.9999263286590576,True,True,True,True,success,none,,True,0.6249579999999533,0.4405830000000499,0,17
original_validation,a461eec37de9fb56,nearest_of_two_categories,original_template,original_template,nearest_of_two_categories,0.9999251365661621,True,True,True,True,success,none,,True,0.8637080000002406,0.4331669999997345,0,17
original_validation,ddd3eb8c36e05766,nearest_of_two_categories,original_template,original_template,nearest_of_two_categories,0.9999262094497681,True,True,True,True,success,none,,True,0.6161670000000008,0.4089579999999593,0,16
original_validation,7877fcc01cb5e23b,nearest_of_two_categories,original_template,original_template,nearest_of_two_categories,0.9999268054962158,True,True,True,True,success,none,,True,0.6430000000001712,0.4239169999999959,0,16
original_validation,8f0317c23ed1c8bc,nearest_of_two_categories,original_template,original_template,nearest_of_two_categories,0.999925971031189,True,True,True,True,success,none,,True,0.5565839999999156,0.42870799999983333,0,16
original_validation,97d89939ce846cee,nearest_of_two_categories,original_template,original_template,nearest_of_two_categories,0.9999254941940308,True,True,True,True,success,none,,True,0.7912499999997991,0.4568750000002453,0,17
original_validation,a37193d64e5c53e0,nearest_of_two_categories,original_template,original_template,nearest_of_two_categories,0.9999268054962158,True,True,True,True,success,none,,True,0.6055419999997369,0.4367909999998254,0,16
original_validation,1e300c0e276183e6,nearest_of_two_categories,original_template,original_template,nearest_of_two_categories,0.9999265670776367,True,True,True,True,success,none,,True,0.5427080000002249,0.42025000000034396,0,17
original_validation,e78908d6f126f73f,nearest_of_two_categories,original_template,original_template,nearest_of_two_categories,0.9999251365661621,True,True,True,True,success,none,,True,0.7024580000001279,0.4224999999999923,0,17
original_validation,8ee8b2f870b3d402,nearest_of_two_categories,original_template,original_template,nearest_of_two_categories,0.9999277591705322,True,True,True,True,success,none,,True,0.5693339999996994,0.41270799999981733,0,16
original_validation,3e6efb267ea2e3d1,nearest_of_two_categories,original_template,original_template,nearest_of_two_categories,0.9999270439147949,True,True,True,True,success,none,,True,0.562833999999679,0.42220799999981296,0,16
original_validation,4e86f3313697eb11,nearest_of_two_categories,original_template,original_template,nearest_of_two_categories,0.9999263286590576,True,True,True,True,success,none,,True,0.5127079999995843,0.4225419999999147,0,17
original_validation,473615542dd7fece,nearest_of_two_categories,original_template,original_template,nearest_of_two_categories,0.9999274015426636,True,True,True,True,success,none,,True,0.6006250000001323,0.45579100000026074,0,16
original_validation,6fa83a587b1cb8ad,nearest_of_two_categories,original_template,original_template,nearest_of_two_categories,0.9999260902404785,True,True,True,True,success,none,,True,0.5408749999999962,0.43958399999999287,0,16
original_validation,b8164b6575be8e90,nearest_of_two_categories,original_template,original_template,nearest_of_two_categories,0.9999266862869263,True,True,True,True,success,none,,True,0.8079580000002196,0.42575000000022456,0,16
original_validation,e9642f64d63350e3,nearest_of_two_categories,original_template,original_template,nearest_of_two_categories,0.9999258518218994,True,True,True,True,success,none,,True,0.6026660000002515,0.427334000000279,0,16
original_validation,807c1e6dd4591691,nearest_of_two_categories,original_template,original_template,nearest_of_two_categories,0.999927282333374,True,True,True,True,success,none,,True,0.7537079999999641,0.42295799999969574,0,16
original_validation,499cfe35a788db9c,nearest_of_two_categories,original_template,original_template,nearest_of_two_categories,0.9999270439147949,True,True,True,True,success,none,,True,0.5927080000001084,0.41366600000003473,0,16
original_validation,564c4773fcefaf9d,nearest_of_two_categories,original_template,original_template,nearest_of_two_categories,0.9999251365661621,True,True,True,True,success,none,,True,0.8751250000003097,0.4491250000002722,0,17
original_validation,3da4a990ddba18f2,nearest_of_two_categories,original_template,original_template,nearest_of_two_categories,0.999925971031189,True,True,True,True,success,none,,True,0.6294589999997768,0.43045900000038273,0,16
original_validation,5ee9c46945a898b9,nearest_of_two_categories,original_template,original_template,nearest_of_two_categories,0.999927282333374,True,True,True,True,success,none,,True,0.7347079999999728,0.41075000000034834,0,16
original_validation,11056f47135d0f5c,nearest_of_two_categories,original_template,original_template,nearest_of_two_categories,0.9999263286590576,True,True,True,True,success,none,,True,0.5781660000003797,0.4180830000000135,0,16
original_validation,28c6df178bd57e71,nearest_of_two_categories,original_template,original_template,nearest_of_two_categories,0.999925971031189,True,True,True,True,success,none,,True,0.8748330000001303,0.47008300000017655,0,17
original_validation,c927eb2e2b954657,nearest_of_two_categories,original_template,original_template,nearest_of_two_categories,0.9999258518218994,True,True,True,True,success,none,,True,0.6302499999999434,0.44529099999968125,0,16
original_validation,39cdd8a56e45e113,nearest_of_two_categories,original_template,original_template,nearest_of_two_categories,0.9999266862869263,True,True,True,True,success,none,,True,0.9045830000000699,0.45016600000025164,0,16
original_validation,7194c8536477c8e7,nearest_of_two_categories,original_template,original_template,nearest_of_two_categories,0.9999246597290039,True,True,True,True,success,none,,True,0.6626250000003608,0.45912500000033774,0,16
original_validation,2b8a9ce4354c8142,nearest_of_two_categories,original_template,original_template,nearest_of_two_categories,0.9999262094497681,True,True,True,True,success,none,,True,0.5607090000001591,0.42104200000014913,0,17
original_validation,f2b4f821b41bc843,nearest_of_two_categories,original_template,original_template,nearest_of_two_categories,0.9999256134033203,True,True,True,True,success,none,,True,0.6120420000002014,0.4414999999999836,0,17
original_validation,a4972b632d43b8ef,nearest_of_two_categories,original_template,original_template,nearest_of_two_categories,0.9999269247055054,True,True,True,True,success,none,,True,0.7991250000003447,0.4341249999999519,0,16
original_validation,32c834eab8cf735b,nearest_of_two_categories,original_template,original_template,nearest_of_two_categories,0.9999275207519531,True,True,True,True,success,none,,True,0.5781670000000183,0.4185419999997997,0,16
original_validation,fa81e5d025be05a2,nearest_of_two_categories,original_template,original_template,nearest_of_two_categories,0.9999271631240845,True,True,True,True,success,none,,True,0.7183750000003819,0.43237499999992934,0,16
original_validation,997fd5a4bc1374ac,nearest_of_two_categories,original_template,original_template,nearest_of_two_categories,0.9999252557754517,True,True,True,True,success,none,,True,0.5583329999998554,0.41712499999979613,0,16
original_validation,18b2eb2f47a35f96,nearest_of_two_categories,original_template,original_template,nearest_of_two_categories,0.9999271631240845,True,True,True,True,success,none,,True,0.8769580000000943,0.45262499999987327,0,16
original_validation,f670d4fd6a83a0b9,nearest_of_two_categories,original_template,original_template,nearest_of_two_categories,0.9999266862869263,True,True,True,True,success,none,,True,0.6081249999998484,0.4316659999998862,0,16
original_validation,9e37a2298762a657,nearest_of_two_categories,original_template,original_template,nearest_of_two_categories,0.9999279975891113,True,True,True,True,success,none,,True,0.6429169999999651,0.41670799999993235,0,16
original_validation,10568ccbb0a9b868,nearest_of_two_categories,original_template,original_template,nearest_of_two_categories,0.9999276399612427,True,True,True,True,success,none,,True,0.534207999999925,0.4146249999998908,0,16
original_validation,b9215f2145974ddc,nearest_of_two_categories,original_template,original_template,nearest_of_two_categories,0.9999262094497681,True,True,True,True,success,none,,True,0.5620000000003955,0.43208300000019406,0,17
original_validation,f40ffffc1401a621,nearest_of_two_categories,original_template,original_template,nearest_of_two_categories,0.9999268054962158,True,True,True,True,success,none,,True,0.6132079999998652,0.42308300000026833,0,16
original_validation,cf0cd0a8fc2b348b,nearest_of_two_categories,original_template,original_template,nearest_of_two_categories,0.999925971031189,True,True,True,True,success,none,,True,0.5340409999998741,0.4239999999997579,0,16
original_validation,195d3b22914b9686,nearest_of_two_categories,original_template,original_template,nearest_of_two_categories,0.9999275207519531,True,True,True,True,success,none,,True,0.581874999999954,0.41766599999970566,0,16
original_validation,61be339080fbe487,nearest_of_two_categories,original_template,original_template,nearest_of_two_categories,0.9999258518218994,True,True,True,True,success,none,,True,0.515667000000164,0.4165420000004083,0,16
original_validation,1bf59efb203b9664,nearest_of_two_categories,original_template,original_template,nearest_of_two_categories,0.9999269247055054,True,True,True,True,success,none,,True,0.6286250000000493,0.4454579999997321,0,17
original_validation,ce989ce05ac6633c,nearest_of_two_categories,original_template,original_template,nearest_of_two_categories,0.9999266862869263,True,True,True,True,success,none,,True,0.5283750000000254,0.423749999999945,0,16
original_validation,c19ebc48af82dc48,nearest_of_two_categories,original_template,original_template,nearest_of_two_categories,0.9999275207519531,True,True,True,True,success,none,,True,0.7787499999998282,0.4193329999999662,0,16
original_validation,92711fbf39b616ad,nearest_of_two_categories,original_template,original_template,nearest_of_two_categories,0.9999263286590576,True,True,True,True,success,none,,True,0.5899170000001064,0.41170800000012164,0,16
original_validation,ed579124c1104cc1,nearest_of_two_categories,original_template,original_template,nearest_of_two_categories,0.9999251365661621,True,True,True,True,success,none,,True,0.7189589999998525,0.4344170000001313,0,17
original_validation,bbb8f1460ecb8b3f,nearest_of_two_categories,original_template,original_template,nearest_of_two_categories,0.9999266862869263,True,True,True,True,success,none,,True,0.5837089999998213,0.4292500000002697,0,16
original_validation,eb73d6288585fc82,nearest_of_two_categories,original_template,original_template,nearest_of_two_categories,0.9999258518218994,True,True,True,True,success,none,,True,0.8310420000001706,0.44787500000031955,0,16
original_validation,71d855f2b2b6fa0d,nearest_of_two_categories,original_template,original_template,nearest_of_two_categories,0.9999260902404785,True,True,True,True,success,none,,True,0.6070830000002303,0.4284999999999428,0,16
original_validation,33286dc53dbccb29,nearest_of_two_categories,original_template,original_template,nearest_of_two_categories,0.9999275207519531,True,True,True,True,success,none,,True,0.753875000000015,0.4290000000000127,0,16
original_validation,15942d858635a328,nearest_of_two_categories,original_template,original_template,nearest_of_two_categories,0.9999260902404785,True,True,True,True,success,none,,True,0.5682909999999985,0.41733300000013074,0,16
original_validation,eb9ce2f394657fd1,nearest_of_two_categories,original_template,original_template,nearest_of_two_categories,0.999925971031189,True,True,True,True,success,none,,True,0.5475000000001451,0.4314160000000733,0,17
original_validation,acc12de62fbf9ae7,nearest_of_two_categories,original_template,original_template,nearest_of_two_categories,0.9999269247055054,True,True,True,True,success,none,,True,0.595083999999968,0.42383399999978977,0,17
original_validation,920c33852bc24044,nearest_of_two_categories,original_template,original_template,nearest_of_two_categories,0.9999270439147949,True,True,True,True,success,none,,True,0.7969159999996478,0.42941599999979374,0,16
original_validation,e15c0e0a0303ef3c,nearest_of_two_categories,original_template,original_template,nearest_of_two_categories,0.9999268054962158,True,True,True,True,success,none,,True,0.5897499999996114,0.42345900000029246,0,16
original_validation,ecbb084be122dd24,nearest_of_two_categories,original_template,original_template,nearest_of_two_categories,0.9999258518218994,True,True,True,True,success,none,,True,0.8695410000001402,0.47008300000017655,0,17
original_validation,6f011ec6a953df71,nearest_of_two_categories,original_template,original_template,nearest_of_two_categories,0.999925971031189,True,True,True,True,success,none,,True,0.6448329999999558,0.46925000000008765,0,17
original_validation,135e77eaa1199b1e,nearest_of_two_categories,original_template,original_template,nearest_of_two_categories,0.9999258518218994,True,True,True,True,success,none,,True,0.8063339999999641,0.43508399999980796,0,16
original_validation,9715fffcf0581246,nearest_of_two_categories,original_template,original_template,nearest_of_two_categories,0.9999279975891113,True,True,True,True,success,none,,True,0.5890829999999347,0.4217920000000319,0,16
original_validation,670d76997d328753,nearest_of_two_categories,original_template,original_template,nearest_of_two_categories,0.9999268054962158,True,True,True,True,success,none,,True,0.863499999999906,0.4441669999999398,0,16
original_validation,8d63e99207d73bc8,nearest_of_two_categories,original_template,original_template,nearest_of_two_categories,0.9999268054962158,True,True,True,True,success,none,,True,0.6362910000001776,0.4465830000000004,0,16
original_validation,89a3dfafdd334625,nearest_of_two_categories,original_template,original_template,nearest_of_two_categories,0.999925971031189,True,True,True,True,success,none,,True,0.8249579999999312,0.4718330000001991,0,17
original_validation,e3f2f27e339e72b5,nearest_of_two_categories,original_template,original_template,nearest_of_two_categories,0.9999260902404785,True,True,True,True,success,none,,True,0.6270000000001552,0.44949999999976953,0,16
original_validation,7f8304f65b5c3126,nearest_of_two_categories,original_template,original_template,nearest_of_two_categories,0.9999271631240845,True,True,True,True,success,none,,True,0.7129169999999796,0.4545839999998691,0,16
original_validation,fe6fee830282556e,nearest_of_two_categories,original_template,original_template,nearest_of_two_categories,0.9999268054962158,True,True,True,True,success,none,,True,0.6184170000000933,0.4774999999996865,0,17
original_validation,a0b11ffc441e257b,nearest_of_two_categories,original_template,original_template,nearest_of_two_categories,0.999925971031189,True,True,True,True,success,none,,True,0.7692080000003543,0.43224999999980085,0,17
original_validation,bbe9fe9ae09bec9c,nearest_of_two_categories,original_template,original_template,nearest_of_two_categories,0.9999260902404785,True,True,True,True,success,none,,True,0.6142089999996436,0.4457079999999891,0,17
original_validation,38a34ee56b08b2e1,nearest_of_two_categories,original_template,original_template,nearest_of_two_categories,0.999927282333374,True,True,True,True,success,none,,True,0.8062499999996753,0.4399170000000119,0,16
original_validation,34000805385731fb,nearest_of_two_categories,original_template,original_template,nearest_of_two_categories,0.9999266862869263,True,True,True,True,success,none,,True,0.5909169999998021,0.42720800000006776,0,16
original_validation,b8255f5eb46bd806,nearest_of_two_categories,original_template,original_template,nearest_of_two_categories,0.999925971031189,True,True,True,True,success,none,,True,0.5595419999999685,0.4484589999997901,0,17
original_validation,298720707c8804ce,nearest_of_two_categories,original_template,original_template,nearest_of_two_categories,0.9999279975891113,True,True,True,True,success,none,,True,0.7109579999999838,0.44399999999988893,0,16
original_validation,1627a156a0a49f8d,nearest_of_two_categories,original_template,original_template,nearest_of_two_categories,0.9999260902404785,True,True,True,True,success,none,,True,0.5986669999997751,0.4439170000001269,0,16
original_validation,cf68058e14fa61af,nearest_of_two_categories,original_template,original_template,nearest_of_two_categories,0.9999254941940308,True,True,True,True,success,none,,True,0.6014169999999375,0.44712499999999267,0,17
original_validation,eb16d01112292c1b,nearest_of_two_categories,original_template,original_template,nearest_of_two_categories,0.9999266862869263,True,True,True,True,success,none,,True,0.535750000000057,0.42687500000004874,0,16
original_validation,99c4f313d887b11e,nearest_of_two_categories,original_template,original_template,nearest_of_two_categories,0.9999269247055054,True,True,True,True,success,none,,True,0.5799170000000409,0.443417000000057,0,17
original_validation,21ba8b2c7aa50b55,nearest_of_two_categories,original_template,original_template,nearest_of_two_categories,0.9999262094497681,True,True,True,True,success,none,,True,0.7624159999997104,0.4767920000001702,0,17
original_validation,af3fce48c0bdcf07,nearest_of_two_categories,original_template,original_template,nearest_of_two_categories,0.9999258518218994,True,True,True,True,success,none,,True,0.5520419999998083,0.41841600000003254,0,16
original_validation,6974c27ca14ced2d,nearest_of_two_categories,original_template,original_template,nearest_of_two_categories,0.999927282333374,True,True,True,True,success,none,,True,0.7879580000000885,0.4237080000000226,0,16
original_validation,8ec11c09a49a8fb0,nearest_of_two_categories,original_template,original_template,nearest_of_two_categories,0.999925971031189,True,True,True,True,success,none,,True,0.5916659999996021,0.42108299999998877,0,16
original_validation,bd524950f79c9bcf,nearest_of_two_categories,original_template,original_template,nearest_of_two_categories,0.9999266862869263,True,True,True,True,success,none,,True,0.735750000000035,0.423749999999945,0,16
original_validation,8e469754dbf53bd4,nearest_of_two_categories,original_template,original_template,nearest_of_two_categories,0.9999271631240845,True,True,True,True,success,none,,True,0.5615840000001704,0.4182500000000644,0,16
original_validation,64cf8fe5871ecabf,nearest_of_two_categories,original_template,original_template,nearest_of_two_categories,0.9999256134033203,True,True,True,True,success,none,,True,0.5422499999996333,0.41037499999996285,0,16
original_validation,fa4784cbf63ac61b,nearest_of_two_categories,original_template,original_template,nearest_of_two_categories,0.9999262094497681,True,True,True,True,success,none,,True,0.7967499999996797,0.4244579999999054,0,16
original_validation,d5445758e3c13d0d,nearest_of_two_categories,original_template,original_template,nearest_of_two_categories,0.9999260902404785,True,True,True,True,success,none,,True,0.5885420000000252,0.4148749999997037,0,16
original_validation,c87a2ed135650288,nearest_of_two_categories,original_template,original_template,nearest_of_two_categories,0.9999265670776367,True,True,True,True,success,none,,True,0.7129579999998192,0.43075000000003527,0,17
original_validation,a4311cd35363b96c,nearest_of_two_categories,original_template,original_template,nearest_of_two_categories,0.999925971031189,True,True,True,True,success,none,,True,0.56162500000001,0.4182919999999868,0,16
original_validation,6dbea9b388a1471c,nearest_of_two_categories,original_template,original_template,nearest_of_two_categories,0.9999253749847412,True,True,True,True,success,none,,True,0.8348329999998683,0.43833299999995745,0,16
original_validation,c9635ae74d69180f,nearest_of_two_categories,original_template,original_template,nearest_of_two_categories,0.9999258518218994,True,True,True,True,success,none,,True,0.6058329999998335,0.42783299999982205,0,16
original_validation,53531d2c0a08f693,nearest_of_two_categories,original_template,original_template,nearest_of_two_categories,0.999925971031189,True,True,True,True,success,none,,True,0.7508750000000397,0.4138330000000856,0,16
original_validation,45df40e34dc4d346,nearest_of_two_categories,original_template,original_template,nearest_of_two_categories,0.9999258518218994,True,True,True,True,success,none,,True,0.6137499999998575,0.43883300000002734,0,17
original_validation,46d0c57abeb5e756,nearest_of_two_categories,original_template,original_template,nearest_of_two_categories,0.9999260902404785,True,True,True,True,success,none,,True,0.6901670000001303,0.43016599999967653,0,16
original_validation,6e0fcaa1fe76c5a0,nearest_of_two_categories,original_template,original_template,nearest_of_two_categories,0.9999268054962158,True,True,True,True,success,none,,True,0.5628340000001231,0.4314590000000784,0,16
original_validation,77e5cbb5e4b62671,nearest_of_two_categories,original_template,original_template,nearest_of_two_categories,0.9999275207519531,True,True,True,True,success,none,,True,0.5746250000000508,0.42108299999998877,0,16
original_validation,0273e1ad9d00ff66,nearest_of_two_categories,original_template,original_template,nearest_of_two_categories,0.9999251365661621,True,True,True,True,success,none,,True,0.5218339999997212,0.42366600000010024,0,17
original_validation,2253440a725783df,nearest_of_two_categories,original_template,original_template,nearest_of_two_categories,0.9999262094497681,True,True,True,True,success,none,,True,0.7440000000000779,0.44016700000026887,0,16
original_validation,e6a5810cc7632f92,nearest_of_two_categories,original_template,original_template,nearest_of_two_categories,0.9999252557754517,True,True,True,True,success,none,,True,0.5710830000000833,0.42295800000013983,0,16
original_validation,d52ea17e00f60dab,nearest_of_two_categories,original_template,original_template,nearest_of_two_categories,0.9999251365661621,True,True,True,True,success,none,,True,0.5503339999997081,0.4337500000000105,0,17
original_validation,8ec240bd4c0c0454,nearest_of_two_categories,original_template,original_template,nearest_of_two_categories,0.9999276399612427,True,True,True,True,success,none,,True,0.6992920000001845,0.42391599999991314,0,16
original_validation,ee36f9adce92a5a5,nearest_of_two_categories,original_template,original_template,nearest_of_two_categories,0.9999266862869263,True,True,True,True,success,none,,True,0.5418749999996919,0.41487500000014776,0,16
original_validation,6e79ff0094b12a44,nearest_of_two_categories,original_template,original_template,nearest_of_two_categories,0.9999269247055054,True,True,True,True,success,none,,True,0.5559169999997948,0.42099999999978266,0,17
original_validation,75789724cfd386ce,nearest_of_two_categories,original_template,original_template,nearest_of_two_categories,0.9999254941940308,True,True,True,True,success,none,,True,0.5130829999999698,0.42120800000011727,0,17
original_validation,67f4b81b7aac3f32,nearest_of_two_categories,original_template,original_template,nearest_of_two_categories,0.9999266862869263,True,True,True,True,success,none,,True,0.6124999999999048,0.42062499999984126,0,16
original_validation,2c56b8198984dc49,nearest_of_two_categories,original_template,original_template,nearest_of_two_categories,0.9999263286590576,True,True,True,True,success,none,,True,0.5317919999998644,0.4207909999998094,0,17
original_validation,4322b0e8b20e2834,nearest_of_two_categories,original_template,original_template,nearest_of_two_categories,0.999925971031189,True,True,True,True,success,none,,True,0.5543340000002672,0.4190830000001533,0,17
original_validation,1bd71a963672ed94,nearest_of_two_categories,original_template,original_template,nearest_of_two_categories,0.9999270439147949,True,True,True,True,success,none,,True,0.5824159999998635,0.4128749999998682,0,16
original_validation,11e76dd201f3554d,nearest_of_two_categories,original_template,original_template,nearest_of_two_categories,0.999925971031189,True,True,True,True,success,none,,True,0.5161670000002339,0.41587499999984345,0,16
original_validation,695a85632d40eec6,two_hop_nearest,original_template,original_template,two_hop_nearest,0.9999338388442993,True,True,True,True,success,none,,True,1.107499999999817,0.7413750000000441,0,25
original_validation,665a90f01361ef2b,two_hop_nearest,original_template,original_template,two_hop_nearest,0.9999338388442993,True,True,True,True,success,none,,True,0.7474580000002007,0.5805000000003169,0,25
original_validation,02eb7e5fdf79ad90,two_hop_nearest,original_template,original_template,two_hop_nearest,0.9999328851699829,True,True,True,True,success,none,,True,0.8671659999999193,0.592000000000148,0,25
original_validation,7376f15d887632dd,two_hop_nearest,original_template,original_template,two_hop_nearest,0.9999336004257202,True,True,True,True,success,none,,True,0.7478750000000645,0.6107500000003263,0,25
original_validation,849112a423d0f4f7,two_hop_nearest,original_template,original_template,two_hop_nearest,0.9999338388442993,True,True,True,True,success,none,,True,0.8419579999996429,0.6171670000001406,0,25
original_validation,410347a6a84d14b6,two_hop_nearest,original_template,original_template,two_hop_nearest,0.999934196472168,True,True,True,True,success,none,,True,0.7341670000000633,0.6200419999999873,0,25
original_validation,8b773065cad57365,two_hop_nearest,original_template,original_template,two_hop_nearest,0.9999319314956665,True,True,True,True,success,none,,True,1.0424590000002176,0.6509580000000348,0,26
original_validation,f0901075e0ad0e2a,two_hop_nearest,original_template,original_template,two_hop_nearest,0.9999330043792725,True,True,True,True,success,none,,True,0.8047499999999097,0.6223340000000022,0,26
original_validation,c90b38a36de90bca,two_hop_nearest,original_template,original_template,two_hop_nearest,0.9999349117279053,True,True,True,True,success,none,,True,0.9993339999998518,0.6158750000002655,0,25
original_validation,5261d404cc2d17e8,two_hop_nearest,original_template,original_template,two_hop_nearest,0.9999339580535889,True,True,True,True,success,none,,True,0.7984580000002239,0.6377500000001035,0,25
original_validation,a4aa519ab3c113c9,two_hop_nearest,original_template,original_template,two_hop_nearest,0.9999343156814575,True,True,True,True,success,none,,True,0.8146250000002908,0.6378749999997879,0,26
original_validation,a7130c558ccb7d30,two_hop_nearest,original_template,original_template,two_hop_nearest,0.9999332427978516,True,True,True,True,success,none,,True,0.6923329999999339,0.5951250000002517,0,25
original_validation,e197bb73518736b0,two_hop_nearest,original_template,original_template,two_hop_nearest,0.9999340772628784,True,True,True,True,success,none,,True,0.9158750000000104,0.5949579999997567,0,25
original_validation,360a7a803bae050e,two_hop_nearest,original_template,original_template,two_hop_nearest,0.9999338388442993,True,True,True,True,success,none,,True,0.7302500000001544,0.5743330000003155,0,25
original_validation,32f66fbcb031daec,two_hop_nearest,original_template,original_template,two_hop_nearest,0.9999343156814575,True,True,True,True,success,none,,True,0.7431249999996226,0.6041250000001774,0,26
original_validation,7b885366c9b5bf2a,two_hop_nearest,original_template,original_template,two_hop_nearest,0.9999297857284546,True,True,True,True,success,none,,True,0.7075830000000671,0.6122919999995702,0,26
original_validation,7d852bedd6f0c791,two_hop_nearest,original_template,original_template,two_hop_nearest,0.9999336004257202,True,True,True,True,success,none,,True,0.9808329999998477,0.6139160000002697,0,25
original_validation,96f815be4452a449,two_hop_nearest,original_template,original_template,two_hop_nearest,0.9999330043792725,True,True,True,True,success,none,,True,0.8014999999996775,0.6353750000003267,0,26
original_validation,ea1d1f85bad6a35f,two_hop_nearest,original_template,original_template,two_hop_nearest,0.9999306201934814,True,True,True,True,success,none,,True,0.9515829999999781,0.5958330000002121,0,25
original_validation,6135e17b23703554,two_hop_nearest,original_template,original_template,two_hop_nearest,0.9999337196350098,True,True,True,True,success,none,,True,0.7635000000001391,0.5933330000003068,0,25
original_validation,9a450ad0cb96ee00,two_hop_nearest,original_template,original_template,two_hop_nearest,0.9999306201934814,True,True,True,True,success,none,,True,0.867167000000002,0.5949169999999171,0,25
original_validation,47788cf81b4da46a,two_hop_nearest,original_template,original_template,two_hop_nearest,0.9999338388442993,True,True,True,True,success,none,,True,0.7138749999997529,0.5878329999999821,0,25
original_validation,decb9547e2164a3a,two_hop_nearest,original_template,original_template,two_hop_nearest,0.9999322891235352,True,True,True,True,success,none,,True,0.9538749999999929,0.621875000000216,0,26
original_validation,a891d30294cc81cb,two_hop_nearest,original_template,original_template,two_hop_nearest,0.9999330043792725,True,True,True,True,success,none,,True,0.745957999999991,0.5868750000002088,0,25
original_validation,ad4f83f1c299abad,two_hop_nearest,original_template,original_template,two_hop_nearest,0.9999337196350098,True,True,True,True,success,none,,True,0.8748330000001303,0.5834160000000033,0,25
original_validation,176b561c6db508af,two_hop_nearest,original_template,original_template,two_hop_nearest,0.9999345541000366,True,True,True,True,success,none,,True,0.7198750000001475,0.5854159999998387,0,25
original_validation,7892f1b179cda75c,two_hop_nearest,original_template,original_template,two_hop_nearest,0.9999337196350098,True,True,True,True,success,none,,True,0.9381250000002339,0.5860000000001975,0,25
original_validation,b6ce2cee4b82ca3e,two_hop_nearest,original_template,original_template,two_hop_nearest,0.9999319314956665,True,True,True,True,success,none,,True,0.7535409999999132,0.5935410000001973,0,25
original_validation,b2f659fccc4d4bbf,two_hop_nearest,original_template,original_template,two_hop_nearest,0.9999336004257202,True,True,True,True,success,none,,True,1.2280419999997072,0.6097910000000262,0,25
original_validation,2ea4079ab09e1c6f,two_hop_nearest,original_template,original_template,two_hop_nearest,0.9999338388442993,True,True,True,True,success,none,,True,0.7439169999998718,0.5862500000000104,0,25
original_validation,d55fadbfe05dc3e2,two_hop_nearest,original_template,original_template,two_hop_nearest,0.9999319314956665,True,True,True,True,success,none,,True,0.8113330000001362,0.6060000000003285,0,25
original_validation,f70481d8a86e6600,two_hop_nearest,original_template,original_template,two_hop_nearest,0.9999330043792725,True,True,True,True,success,none,,True,0.7274169999997859,0.6165419999999422,0,26
original_validation,f7bf293eba16f644,two_hop_nearest,original_template,original_template,two_hop_nearest,0.9999344348907471,True,True,True,True,success,none,,True,0.8073749999999436,0.6090830000000658,0,26
original_validation,28fe8a4e2d8775b3,two_hop_nearest,original_template,original_template,two_hop_nearest,0.9999313354492188,True,True,True,True,success,none,,True,0.7172089999998299,0.6084999999997898,0,26
original_validation,7e915e126face504,two_hop_nearest,original_template,original_template,two_hop_nearest,0.9999328851699829,True,True,True,True,success,none,,True,0.9138749999997309,0.6002080000002685,0,25
original_validation,461bb2616313b989,two_hop_nearest,original_template,original_template,two_hop_nearest,0.9999319314956665,True,True,True,True,success,none,,True,0.7415000000001726,0.5943749999999248,0,25
original_validation,44d3223c7912447d,two_hop_nearest,original_template,original_template,two_hop_nearest,0.9999338388442993,True,True,True,True,success,none,,True,0.9452909999998482,0.6139580000001921,0,25
original_validation,5fb8f4a46cbd41ac,two_hop_nearest,original_template,original_template,two_hop_nearest,0.9999325275421143,True,True,True,True,success,none,,True,0.7447499999999607,0.5975409999998682,0,25
original_validation,eed47f880abb8f0e,two_hop_nearest,original_template,original_template,two_hop_nearest,0.9999297857284546,True,True,True,True,success,none,,True,0.7866249999999297,0.6186249999999838,0,26
original_validation,19919faccc93c911,two_hop_nearest,original_template,original_template,two_hop_nearest,0.9999322891235352,True,True,True,True,success,none,,True,0.710833999999938,0.6037079999998696,0,26
original_validation,a85d00a862b50300,two_hop_nearest,original_template,original_template,two_hop_nearest,0.9999321699142456,True,True,True,True,success,none,,True,0.9302500000001324,0.6154160000000353,0,26
original_validation,453d82a3b0127900,two_hop_nearest,original_template,original_template,two_hop_nearest,0.9999319314956665,True,True,True,True,success,none,,True,0.7736659999997286,0.6294580000001382,0,26
original_validation,9ee6b5f4e099b257,two_hop_nearest,original_template,original_template,two_hop_nearest,0.9999336004257202,True,True,True,True,success,none,,True,0.9274580000000476,0.5814580000000902,0,25
original_validation,22e207248eef9f48,two_hop_nearest,original_template,original_template,two_hop_nearest,0.9999338388442993,True,True,True,True,success,none,,True,0.7418340000002743,0.581624999999697,0,25
original_validation,50962b86277af57f,two_hop_nearest,original_template,original_template,two_hop_nearest,0.9999337196350098,True,True,True,True,success,none,,True,0.8721660000001741,0.5969160000001139,0,25
original_validation,31b0ffc7ea471baa,two_hop_nearest,original_template,original_template,two_hop_nearest,0.9999338388442993,True,True,True,True,success,none,,True,0.7780000000003895,0.6203750000000063,0,25
original_validation,48b3f022df65c1b0,two_hop_nearest,original_template,original_template,two_hop_nearest,0.9999330043792725,True,True,True,True,success,none,,True,0.9844590000001041,0.6142090000000877,0,25
original_validation,2438d502cab6af0d,two_hop_nearest,original_template,original_template,two_hop_nearest,0.9999337196350098,True,True,True,True,success,none,,True,0.7692500000002767,0.6049169999999826,0,25
original_validation,aeb96ddce132ae06,two_hop_nearest,original_template,original_template,two_hop_nearest,0.9999330043792725,True,True,True,True,success,none,,True,0.903749999999981,0.5993330000002572,0,26
original_validation,51037245e014b8c4,two_hop_nearest,original_template,original_template,two_hop_nearest,0.9999344348907471,True,True,True,True,success,none,,True,0.7467079999998738,0.5984589999998846,0,26
original_validation,9423d7263b8a8951,two_hop_nearest,original_template,original_template,two_hop_nearest,0.999934196472168,True,True,True,True,success,none,,True,0.8992089999999564,0.6275829999999871,0,25
original_validation,7b7c00f94e90b6d7,two_hop_nearest,original_template,original_template,two_hop_nearest,0.9999345541000366,True,True,True,True,success,none,,True,0.7521249999999924,0.6209999999997606,0,25
original_validation,4397880901276ef0,two_hop_nearest,original_template,original_template,two_hop_nearest,0.9999332427978516,True,True,True,True,success,none,,True,0.9474580000001787,0.591416999999872,0,25
original_validation,1aeb664931055672,two_hop_nearest,original_template,original_template,two_hop_nearest,0.9999332427978516,True,True,True,True,success,none,,True,0.7547919999999486,0.5912080000003428,0,25
original_validation,9ba394901e842aab,two_hop_nearest,original_template,original_template,two_hop_nearest,0.9999352693557739,True,True,True,True,success,none,,True,0.8797079999998125,0.5920420000000703,0,25
original_validation,2770a66f15b404c7,two_hop_nearest,original_template,original_template,two_hop_nearest,0.9999345541000366,True,True,True,True,success,none,,True,0.7276250000001205,0.5832080000001127,0,25
original_validation,6d8b637226d6ebe9,two_hop_nearest,original_template,original_template,two_hop_nearest,0.9999344348907471,True,True,True,True,success,none,,True,0.9872089999998224,0.6129999999999747,0,26
original_validation,79457f5629144a7c,two_hop_nearest,original_template,original_template,two_hop_nearest,0.9999347925186157,True,True,True,True,success,none,,True,0.7525410000002175,0.610540999999909,0,25
original_validation,3b043e2f89b6546d,two_hop_nearest,original_template,original_template,two_hop_nearest,0.9999336004257202,True,True,True,True,success,none,,True,0.9502920000001858,0.6218329999998495,0,25
original_validation,af40fbfbd6f68075,two_hop_nearest,original_template,original_template,two_hop_nearest,0.9999346733093262,True,True,True,True,success,none,,True,0.7402090000003803,0.5972079999998492,0,25
original_validation,69d6f354ce7a19ab,two_hop_nearest,original_template,original_template,two_hop_nearest,0.9999312162399292,True,True,True,True,success,none,,True,1.0137499999998134,0.6294590000002209,0,25
original_validation,7e7d3cf445526af4,two_hop_nearest,original_template,original_template,two_hop_nearest,0.9999349117279053,True,True,True,True,success,none,,True,0.7884590000002412,0.6166250000001483,0,25
original_validation,03ae37dcb94e5346,two_hop_nearest,original_template,original_template,two_hop_nearest,0.9999349117279053,True,True,True,True,success,none,,True,1.0225829999996883,0.6646670000001187,0,25
original_validation,35147d4bdd50c575,two_hop_nearest,original_template,original_template,two_hop_nearest,0.9999339580535889,True,True,True,True,success,none,,True,0.7599169999998878,0.6015000000001436,0,25
original_validation,d244da9c62aad81f,two_hop_nearest,original_template,original_template,two_hop_nearest,0.9999306201934814,True,True,True,True,success,none,,True,0.924458999999711,0.5854579999997611,0,25
original_validation,fc2a5ac688e8ffe7,two_hop_nearest,original_template,original_template,two_hop_nearest,0.9999336004257202,True,True,True,True,success,none,,True,0.7386250000003258,0.5853749999999991,0,25
original_validation,75598fdbd6bb1c8e,two_hop_nearest,original_template,original_template,two_hop_nearest,0.999934196472168,True,True,True,True,success,none,,True,1.1255000000001125,0.6020829999999755,0,25
original_validation,521498701ac509c5,two_hop_nearest,original_template,original_template,two_hop_nearest,0.9999330043792725,True,True,True,True,success,none,,True,0.8520000000000749,0.6130410000002584,0,26
original_validation,94090f1c0a6fe243,two_hop_nearest,original_template,original_template,two_hop_nearest,0.9999343156814575,True,True,True,True,success,none,,True,0.7219159999998226,0.6067920000001337,0,26
original_validation,0ca26268001a3ef2,two_hop_nearest,original_template,original_template,two_hop_nearest,0.9999322891235352,True,True,True,True,success,none,,True,0.8050420000000891,0.6019159999999246,0,26
original_validation,eb6c59bb3767117f,two_hop_nearest,original_template,original_template,two_hop_nearest,0.9999312162399292,True,True,True,True,success,none,,True,0.6918340000003909,0.5776659999998657,0,25
original_validation,d78bc28ebdeca48b,two_hop_nearest,original_template,original_template,two_hop_nearest,0.9999340772628784,True,True,True,True,success,none,,True,0.8399160000003292,0.608082999999926,0,25
original_validation,285159483bf9c817,two_hop_nearest,original_template,original_template,two_hop_nearest,0.9999319314956665,True,True,True,True,success,none,,True,0.7242910000000435,0.6127080000002394,0,25
original_validation,89c83ffa4c685708,two_hop_nearest,original_template,original_template,two_hop_nearest,0.999934196472168,True,True,True,True,success,none,,True,1.0666249999999877,0.6181249999999139,0,25
original_validation,b531bd65fc3aa4fd,two_hop_nearest,original_template,original_template,two_hop_nearest,0.9999333620071411,True,True,True,True,success,none,,True,0.7851670000000865,0.5999159999996451,0,25
original_validation,2fa244f66e22c650,two_hop_nearest,original_template,original_template,two_hop_nearest,0.9999340772628784,True,True,True,True,success,none,,True,0.9880410000002726,0.5938749999998549,0,25
original_validation,df732ee0bf4fafe2,two_hop_nearest,original_template,original_template,two_hop_nearest,0.9999322891235352,True,True,True,True,success,none,,True,0.7932499999996345,0.6288749999998622,0,26
original_validation,fc42b6ea6bdc759d,two_hop_nearest,original_template,original_template,two_hop_nearest,0.9999312162399292,True,True,True,True,success,none,,True,0.8214999999998085,0.5993330000002572,0,25
original_validation,f7597b65456c42c6,two_hop_nearest,original_template,original_template,two_hop_nearest,0.9999332427978516,True,True,True,True,success,none,,True,0.7167500000000437,0.6001669999999848,0,25
original_validation,d1a17cfb9c2c33c8,two_hop_nearest,original_template,original_template,two_hop_nearest,0.9999297857284546,True,True,True,True,success,none,,True,1.0207499999999037,0.6221669999999513,0,26
original_validation,2f10f2160f869b28,two_hop_nearest,original_template,original_template,two_hop_nearest,0.9999343156814575,True,True,True,True,success,none,,True,0.7826250000002588,0.6097919999996648,0,26
original_validation,4429495e3c80bb26,two_hop_nearest,original_template,original_template,two_hop_nearest,0.9999344348907471,True,True,True,True,success,none,,True,1.0591250000002717,0.6196670000000459,0,25
original_validation,4532d6830a8e1fe1,two_hop_nearest,original_template,original_template,two_hop_nearest,0.9999319314956665,True,True,True,True,success,none,,True,0.7944170000002693,0.6021249999998979,0,25
original_validation,6e2c75fcf8b45908,two_hop_nearest,original_template,original_template,two_hop_nearest,0.9999334812164307,True,True,True,True,success,none,,True,0.989042000000051,0.6042919999997842,0,26
original_validation,d8904a74bdcd04d6,two_hop_nearest,original_template,original_template,two_hop_nearest,0.9999349117279053,True,True,True,True,success,none,,True,0.7590839999997989,0.5796249999998615,0,25
original_validation,18ae1468ff4daab1,two_hop_nearest,original_template,original_template,two_hop_nearest,0.9999343156814575,True,True,True,True,success,none,,True,1.2642499999997447,0.8369169999999926,0,26
original_validation,b931e941a1dadc95,two_hop_nearest,original_template,original_template,two_hop_nearest,0.9999297857284546,True,True,True,True,success,none,,True,0.7859169999999693,0.6049159999998999,0,26
original_validation,0e5f77e2a9883ac5,two_hop_nearest,original_template,original_template,two_hop_nearest,0.9999340772628784,True,True,True,True,success,none,,True,0.7505829999998603,0.6081660000001321,0,26
original_validation,4be8d908ba730e18,two_hop_nearest,original_template,original_template,two_hop_nearest,0.9999334812164307,True,True,True,True,success,none,,True,0.7079999999999309,0.6071659999999923,0,26
original_validation,f5b729f2b5d7802b,two_hop_nearest,original_template,original_template,two_hop_nearest,0.9999334812164307,True,True,True,True,success,none,,True,0.7820839999999052,0.6296250000001891,0,26
original_validation,b34c560dfdc01377,two_hop_nearest,original_template,original_template,two_hop_nearest,0.9999330043792725,True,True,True,True,success,none,,True,0.7043339999999176,0.6067920000001337,0,26
original_validation,183cc2fca7ba8d18,two_hop_nearest,original_template,original_template,two_hop_nearest,0.9999312162399292,True,True,True,True,success,none,,True,0.7684169999997437,0.5907920000001177,0,25
original_validation,5c52e479c2f4b20e,two_hop_nearest,original_template,original_template,two_hop_nearest,0.9999338388442993,True,True,True,True,success,none,,True,0.7002500000004019,0.5939169999997773,0,25
original_validation,54a3ba0abd45da9a,two_hop_nearest,original_template,original_template,two_hop_nearest,0.9999340772628784,True,True,True,True,success,none,,True,0.9092079999999392,0.6051670000002396,0,25
original_validation,b4cb61c75dc0e016,two_hop_nearest,original_template,original_template,two_hop_nearest,0.9999349117279053,True,True,True,True,success,none,,True,0.74775000000038,0.5987079999996148,0,25
original_validation,86cbbf9b0c6b56d8,two_hop_nearest,original_template,original_template,two_hop_nearest,0.9999343156814575,True,True,True,True,success,none,,True,1.0728750000001952,0.6430410000000109,0,26
original_validation,ede1047180ee8864,two_hop_nearest,original_template,original_template,two_hop_nearest,0.9999343156814575,True,True,True,True,success,none,,True,0.7697919999998248,0.6050839999995894,0,26
original_validation,392c8bcdc5d94af3,two_hop_nearest,original_template,original_template,two_hop_nearest,0.9999334812164307,True,True,True,True,success,none,,True,0.8147499999999752,0.6141249999997989,0,25
original_validation,399ade5fe132db40,two_hop_nearest,original_template,original_template,two_hop_nearest,0.9999340772628784,True,True,True,True,success,none,,True,0.7328340000003486,0.6231250000001687,0,26
original_validation,47e273588f5a52e8,two_hop_nearest,original_template,original_template,two_hop_nearest,0.9999334812164307,True,True,True,True,success,none,,True,0.9574579999998001,0.5910829999997702,0,25
original_validation,9661d3e5f8393b73,two_hop_nearest,original_template,original_template,two_hop_nearest,0.9999336004257202,True,True,True,True,success,none,,True,0.73975000000015,0.5810420000003091,0,25
original_validation,4a1e1902372140d5,two_hop_nearest,original_template,original_template,two_hop_nearest,0.9999338388442993,True,True,True,True,success,none,,True,1.0020000000001694,0.5856670000001785,0,25
original_validation,9f61aef3904fc4f2,two_hop_nearest,original_template,original_template,two_hop_nearest,0.9999332427978516,True,True,True,True,success,none,,True,0.7706660000001975,0.5852500000003147,0,25
original_validation,91378d3d576499b0,two_hop_nearest,original_template,original_template,two_hop_nearest,0.9999322891235352,True,True,True,True,success,none,,True,0.8152500000000451,0.6122089999998082,0,26
original_validation,1c05e07cdccb3289,two_hop_nearest,original_template,original_template,two_hop_nearest,0.999933123588562,True,True,True,True,success,none,,True,0.7147920000001307,0.5996669999999149,0,25
original_validation,ad1deaf3b780f513,two_hop_nearest,original_template,original_template,two_hop_nearest,0.9999306201934814,True,True,True,True,success,none,,True,0.9376670000000864,0.6097500000001865,0,25
original_validation,6ca2b93a206b1894,two_hop_nearest,original_template,original_template,two_hop_nearest,0.9999324083328247,True,True,True,True,success,none,,True,0.7401670000000138,0.60008300000014,0,25
original_validation,c3b8bb3a1a82943a,two_hop_nearest,original_template,original_template,two_hop_nearest,0.9999338388442993,True,True,True,True,success,none,,True,0.8771250000001451,0.587499999999963,0,25
original_validation,1f519adbf5acca17,two_hop_nearest,original_template,original_template,two_hop_nearest,0.9999338388442993,True,True,True,True,success,none,,True,0.7227919999999166,0.5861249999998819,0,25
original_validation,67738e89a4b6f993,two_hop_nearest,original_template,original_template,two_hop_nearest,0.9999344348907471,True,True,True,True,success,none,,True,0.7250420000000091,0.5983330000001175,0,26
original_validation,4dd75afe02c2ecda,two_hop_nearest,original_template,original_template,two_hop_nearest,0.9999326467514038,True,True,True,True,success,none,,True,0.7292500000000146,0.5962500000000759,0,25
original_validation,15cc8c16d299549a,two_hop_nearest,original_template,original_template,two_hop_nearest,0.9999334812164307,True,True,True,True,success,none,,True,0.701625000000039,0.6094170000001675,0,26
original_validation,25c466608c1a34c5,two_hop_nearest,original_template,original_template,two_hop_nearest,0.9999314546585083,True,True,True,True,success,none,,True,1.0409999999998476,0.6278749999997224,0,25
original_validation,902f43f38edf28ed,two_hop_nearest,original_template,original_template,two_hop_nearest,0.9999343156814575,True,True,True,True,success,none,,True,0.7648339999999365,0.6053330000002077,0,26
original_validation,7dd14173c8859791,two_hop_nearest,original_template,original_template,two_hop_nearest,0.999934196472168,True,True,True,True,success,none,,True,0.9286660000000779,0.5892080000000632,0,25
original_validation,d924c4d4f5a6fa5d,two_hop_nearest,original_template,original_template,two_hop_nearest,0.9999309778213501,True,True,True,True,success,none,,True,0.7447499999999607,0.5855409999999672,0,25
original_validation,fa31829fe08690e3,two_hop_nearest,original_template,original_template,two_hop_nearest,0.9999338388442993,True,True,True,True,success,none,,True,1.028083000000013,0.6223329999999194,0,25
original_validation,7d29e606a88e2580,two_hop_nearest,original_template,original_template,two_hop_nearest,0.9999332427978516,True,True,True,True,success,none,,True,0.7944580000001089,0.6119170000000729,0,25
original_validation,911118e4c4aec8d1,two_hop_nearest,original_template,original_template,two_hop_nearest,0.9999337196350098,True,True,True,True,success,none,,True,0.9445000000001258,0.6200000000000649,0,26
original_validation,8c225da40148f5d0,two_hop_nearest,original_template,original_template,two_hop_nearest,0.9999328851699829,True,True,True,True,success,none,,True,0.7497500000002155,0.602541000000123,0,25
original_validation,3605cb835d8bedf2,two_hop_nearest,original_template,original_template,two_hop_nearest,0.9999340772628784,True,True,True,True,success,none,,True,1.029624999999701,0.625292000000055,0,25
original_validation,106549a9d86f0dbc,two_hop_nearest,original_template,original_template,two_hop_nearest,0.9999336004257202,True,True,True,True,success,none,,True,0.7985000000001463,0.6193749999998666,0,25
original_validation,0c1771cc0fa0e271,two_hop_nearest,original_template,original_template,two_hop_nearest,0.9999319314956665,True,True,True,True,success,none,,True,1.0736670000000004,0.6397080000000166,0,25
original_validation,555c0c8b5b185abc,two_hop_nearest,original_template,original_template,two_hop_nearest,0.9999343156814575,True,True,True,True,success,none,,True,0.8050829999999287,0.6168749999999612,0,25
original_validation,e305b965169b90a4,two_hop_nearest,original_template,original_template,two_hop_nearest,0.9999330043792725,True,True,True,True,success,none,,True,0.7260000000002265,0.5999169999997278,0,26
original_validation,302e40dc28e71cb6,two_hop_nearest,original_template,original_template,two_hop_nearest,0.9999330043792725,True,True,True,True,success,none,,True,0.7746250000000288,0.609209000000277,0,26
original_validation,10e6282825328996,two_hop_nearest,original_template,original_template,two_hop_nearest,0.9999346733093262,True,True,True,True,success,none,,True,0.7136669999998624,0.6076660000000622,0,26
original_validation,58d86f008c99951b,two_hop_nearest,original_template,original_template,two_hop_nearest,0.9999325275421143,True,True,True,True,success,none,,True,0.9551249999999456,0.6079579999997975,0,25
original_validation,1e922202b9ae17aa,two_hop_nearest,original_template,original_template,two_hop_nearest,0.9999319314956665,True,True,True,True,success,none,,True,0.8028750000002027,0.6462499999999594,0,26
original_validation,df4b8dcb3dbdcbd3,two_hop_nearest,original_template,original_template,two_hop_nearest,0.9999322891235352,True,True,True,True,success,none,,True,0.8605839999997755,0.6077909999997466,0,26
original_validation,0f434d71cc2c2b03,two_hop_nearest,original_template,original_template,two_hop_nearest,0.9999339580535889,True,True,True,True,success,none,,True,0.7104170000000742,0.587749999999776,0,25
original_validation,3c430999de652c2d,two_hop_nearest,original_template,original_template,two_hop_nearest,0.9999306201934814,True,True,True,True,success,none,,True,0.9531670000000325,0.5935830000001197,0,25
original_validation,a0da122530e7bf52,two_hop_nearest,original_template,original_template,two_hop_nearest,0.999933123588562,True,True,True,True,success,none,,True,0.7527919999996691,0.5917090000000513,0,25
original_validation,96809f145810b389,two_hop_nearest,original_template,original_template,two_hop_nearest,0.9999340772628784,True,True,True,True,success,none,,True,0.7828330000001493,0.5762910000002286,0,25
original_validation,124222459e98be5a,two_hop_nearest,original_template,original_template,two_hop_nearest,0.9999314546585083,True,True,True,True,success,none,,True,0.6893340000000414,0.5785839999998821,0,25
original_validation,cb6f0341fd78a6da,two_hop_nearest,original_template,original_template,two_hop_nearest,0.9999330043792725,True,True,True,True,success,none,,True,0.7217920000002209,0.5987920000003477,0,26
original_validation,81037551f1af86d3,two_hop_nearest,original_template,original_template,two_hop_nearest,0.9999346733093262,True,True,True,True,success,none,,True,0.7067499999999782,0.6252500000001326,0,26
original_validation,51e9b5932036adb2,two_hop_nearest,original_template,original_template,two_hop_nearest,0.9999332427978516,True,True,True,True,success,none,,True,0.7712089999998284,0.5854589999998439,0,25
original_validation,2bbc5349e6927cb5,two_hop_nearest,original_template,original_template,two_hop_nearest,0.999934196472168,True,True,True,True,success,none,,True,0.6866250000001628,0.5831249999999066,0,25
original_validation,09888ef076016e29,two_hop_nearest,original_template,original_template,two_hop_nearest,0.9999338388442993,True,True,True,True,success,none,,True,0.7387500000000102,0.5839999999999179,0,25
original_validation,9b7a42e6a19ab5e4,two_hop_nearest,original_template,original_template,two_hop_nearest,0.999934196472168,True,True,True,True,success,none,,True,0.6735830000001997,0.577625000000026,0,25
original_validation,1599e00b840e9651,two_hop_nearest,original_template,original_template,two_hop_nearest,0.9999343156814575,True,True,True,True,success,none,,True,0.78783299999996,0.6084589999999501,0,26
original_validation,2d30eef04b3ca1bd,two_hop_nearest,original_template,original_template,two_hop_nearest,0.9999337196350098,True,True,True,True,success,none,,True,0.7084580000000784,0.6165000000000198,0,25
original_validation,2143055ddc41ff79,two_hop_nearest,original_template,original_template,two_hop_nearest,0.9999336004257202,True,True,True,True,success,none,,True,0.9391670000002961,0.5843329999999369,0,25
original_validation,2d2db30a63d482a3,two_hop_nearest,original_template,original_template,two_hop_nearest,0.9999344348907471,True,True,True,True,success,none,,True,0.7292500000000146,0.5764579999998354,0,25
original_validation,25a7c6704a139a64,two_hop_nearest,original_template,original_template,two_hop_nearest,0.9999336004257202,True,True,True,True,success,none,,True,0.8729999999999016,0.5904589999996546,0,25
original_validation,11545ecd61c63238,two_hop_nearest,original_template,original_template,two_hop_nearest,0.9999340772628784,True,True,True,True,success,none,,True,0.7546670000002642,0.6087919999999691,0,26
original_validation,77a6a48670cf795e,two_hop_nearest,original_template,original_template,two_hop_nearest,0.9999343156814575,True,True,True,True,success,none,,True,1.0310829999999882,0.6256669999999964,0,26
original_validation,71f31890138c2d5c,two_hop_nearest,original_template,original_template,two_hop_nearest,0.9999349117279053,True,True,True,True,success,none,,True,0.751750000000051,0.5847079999998783,0,25
original_validation,cd2efd6d96766f46,two_hop_nearest,original_template,original_template,two_hop_nearest,0.9999322891235352,True,True,True,True,success,none,,True,0.8963330000000269,0.6097089999999028,0,26
original_validation,eaaf30ba8dc94021,two_hop_nearest,original_template,original_template,two_hop_nearest,0.9999328851699829,True,True,True,True,success,none,,True,0.7447090000001211,0.5938340000000153,0,25
original_validation,4865660ef2a4bef2,two_hop_nearest,original_template,original_template,two_hop_nearest,0.9999330043792725,True,True,True,True,success,none,,True,0.7338329999999615,0.5844170000002258,0,26
original_validation,d828f682edc65dbd,two_hop_nearest,original_template,original_template,two_hop_nearest,0.9999347925186157,True,True,True,True,success,none,,True,0.6865830000002404,0.5924589999999341,0,26
original_validation,b1d56a19d42c5029,two_hop_nearest,original_template,original_template,two_hop_nearest,0.9999306201934814,True,True,True,True,success,none,,True,0.9350409999999698,0.5972500000002157,0,25
original_validation,9d1ca4cea2fd8166,two_hop_nearest,original_template,original_template,two_hop_nearest,0.9999338388442993,True,True,True,True,success,none,,True,0.7495830000001646,0.5929170000000816,0,25
original_validation,4af7741a496800c5,two_hop_nearest,original_template,original_template,two_hop_nearest,0.9999334812164307,True,True,True,True,success,none,,True,0.9839170000001118,0.6105419999999917,0,25
original_validation,5443cc888b3f4af1,two_hop_nearest,original_template,original_template,two_hop_nearest,0.9999338388442993,True,True,True,True,success,none,,True,0.7973329999999557,0.6349999999999412,0,25
original_validation,d0046569f20c1f87,two_hop_nearest,original_template,original_template,two_hop_nearest,0.9999340772628784,True,True,True,True,success,none,,True,0.9473749999999725,0.5905420000003048,0,25
original_validation,58d527538f8e8ce1,two_hop_nearest,original_template,original_template,two_hop_nearest,0.9999349117279053,True,True,True,True,success,none,,True,0.7585419999998066,0.5978330000000476,0,25
original_validation,c1b6bb46cc0ac649,two_hop_nearest,original_template,original_template,two_hop_nearest,0.9999345541000366,True,True,True,True,success,none,,True,1.037875000000188,0.6099999999999994,0,25
original_validation,4c8a6310df070c37,two_hop_nearest,original_template,original_template,two_hop_nearest,0.9999338388442993,True,True,True,True,success,none,,True,0.7756250000001685,0.6015000000001436,0,25
original_validation,3e2dd91a1d7fce1f,two_hop_nearest,original_template,original_template,two_hop_nearest,0.9999336004257202,True,True,True,True,success,none,,True,0.9678750000001735,0.613874999999986,0,25
original_validation,e3fcc10ea4289354,two_hop_nearest,original_template,original_template,two_hop_nearest,0.9999306201934814,True,True,True,True,success,none,,True,0.7707079999996758,0.6101250000001279,0,25
original_validation,460060366ef8310d,two_hop_nearest,original_template,original_template,two_hop_nearest,0.9999297857284546,True,True,True,True,success,none,,True,0.955915999999668,0.6949579999999678,0,26
original_validation,35584452cd55d885,two_hop_nearest,original_template,original_template,two_hop_nearest,0.9999330043792725,True,True,True,True,success,none,,True,0.7644999999998348,0.6393749999999976,0,26
original_validation,43082523913d3c80,two_hop_nearest,original_template,original_template,two_hop_nearest,0.9999330043792725,True,True,True,True,success,none,,True,0.9103339999998461,0.6013750000000151,0,26
original_validation,3cfede92971ccb0d,two_hop_nearest,original_template,original_template,two_hop_nearest,0.9999328851699829,True,True,True,True,success,none,,True,0.7364169999997117,0.5863750000001389,0,25
original_validation,3e9cbcee0c111307,two_hop_nearest,original_template,original_template,two_hop_nearest,0.9999330043792725,True,True,True,True,success,none,,True,0.9125000000000938,0.5995419999997864,0,26
original_validation,a540fbba54912f36,two_hop_nearest,original_template,original_template,two_hop_nearest,0.9999319314956665,True,True,True,True,success,none,,True,0.7367910000000144,0.589875000000184,0,26
original_validation,ababca4f30b7ee22,two_hop_nearest,original_template,original_template,two_hop_nearest,0.9999330043792725,True,True,True,True,success,none,,True,0.8449589999997009,0.5984169999999622,0,25
original_validation,8d1d50a8920f9350,two_hop_nearest,original_template,original_template,two_hop_nearest,0.9999346733093262,True,True,True,True,success,none,,True,0.7261249999999109,0.5951670000001741,0,25
original_validation,6d8e5fbdc8d66c0f,two_hop_nearest,original_template,original_template,two_hop_nearest,0.9999322891235352,True,True,True,True,success,none,,True,0.759832999999599,0.6167919999997551,0,26
original_validation,f402a882a483a95d,two_hop_nearest,original_template,original_template,two_hop_nearest,0.9999338388442993,True,True,True,True,success,none,,True,0.6710419999995665,0.5838339999999498,0,25
original_validation,120e2b8df7972ae3,two_hop_nearest,original_template,original_template,two_hop_nearest,0.9999347925186157,True,True,True,True,success,none,,True,0.7159579999997945,0.6047910000002155,0,26
original_validation,7af2a875080d67e6,two_hop_nearest,original_template,original_template,two_hop_nearest,0.9999330043792725,True,True,True,True,success,none,,True,0.6749580000002808,0.595667000000244,0,26
original_validation,576723520b2d1f01,two_hop_nearest,original_template,original_template,two_hop_nearest,0.9999306201934814,True,True,True,True,success,none,,True,0.8590000000001652,0.5864159999999785,0,25
original_validation,63be7306ad9a2761,two_hop_nearest,original_template,original_template,two_hop_nearest,0.9999338388442993,True,True,True,True,success,none,,True,0.726290999999879,0.6023330000002325,0,25
original_validation,ee0889c71018874d,two_hop_nearest,original_template,original_template,two_hop_nearest,0.9999336004257202,True,True,True,True,success,none,,True,0.9611669999998185,0.5928750000001592,0,25
original_validation,59cb2ce45d6430ab,two_hop_nearest,original_template,original_template,two_hop_nearest,0.9999340772628784,True,True,True,True,success,none,,True,0.7692499999998326,0.6100829999997615,0,26
original_validation,17addcc84162f737,two_hop_nearest,original_template,original_template,two_hop_nearest,0.9999319314956665,True,True,True,True,success,none,,True,0.907084000000058,0.6084579999998674,0,26
original_validation,d139ab42ec2c0669,two_hop_nearest,original_template,original_template,two_hop_nearest,0.9999309778213501,True,True,True,True,success,none,,True,0.7373339999996453,0.5999999999999339,0,25
original_validation,5c98925e035423f8,two_hop_nearest,original_template,original_template,two_hop_nearest,0.9999344348907471,True,True,True,True,success,none,,True,0.7582089999997876,0.5919580000002256,0,25
original_validation,e435123ee624c1ee,two_hop_nearest,original_template,original_template,two_hop_nearest,0.9999340772628784,True,True,True,True,success,none,,True,0.6844999999997547,0.6015829999999056,0,25
original_validation,79a3ccca771491c5,two_hop_nearest,original_template,original_template,two_hop_nearest,0.9999336004257202,True,True,True,True,success,none,,True,0.9601250000002004,0.5891250000003012,0,25
original_validation,8a4892d26e1057c1,two_hop_nearest,original_template,original_template,two_hop_nearest,0.9999349117279053,True,True,True,True,success,none,,True,0.7427079999997588,0.5818340000001143,0,25
original_validation,7c1fc03576c25b12,two_hop_nearest,original_template,original_template,two_hop_nearest,0.9999322891235352,True,True,True,True,success,none,,True,0.8829160000001224,0.6010409999999133,0,26
original_validation,a1378223fb304bbf,two_hop_nearest,original_template,original_template,two_hop_nearest,0.9999346733093262,True,True,True,True,success,none,,True,0.7206669999999527,0.5913340000001099,0,26
original_validation,85a763998019b6bb,two_hop_nearest,original_template,original_template,two_hop_nearest,0.9999337196350098,True,True,True,True,success,none,,True,0.7403329999999819,0.5983750000000398,0,26
original_validation,5c79ffb6a9994306,two_hop_nearest,original_template,original_template,two_hop_nearest,0.9999338388442993,True,True,True,True,success,none,,True,0.6742910000001601,0.5779999999999674,0,25
original_validation,02e70d49afa420fc,two_hop_nearest,original_template,original_template,two_hop_nearest,0.9999314546585083,True,True,True,True,success,none,,True,0.9872909999999457,0.6125830000001109,0,25
original_validation,d1cac7f3ee285d9e,two_hop_nearest,original_template,original_template,two_hop_nearest,0.9999338388442993,True,True,True,True,success,none,,True,0.7695839999999343,0.5997920000000434,0,25
original_validation,158e93b26ed82deb,two_hop_nearest,original_template,original_template,two_hop_nearest,0.9999322891235352,True,True,True,True,success,none,,True,0.9362500000000828,0.6024170000000773,0,26
original_validation,bc31b4d65249ec50,two_hop_nearest,original_template,original_template,two_hop_nearest,0.9999297857284546,True,True,True,True,success,none,,True,0.7645420000002012,0.6027079999997298,0,26
original_validation,a74466379cfaf461,two_hop_nearest,original_template,original_template,two_hop_nearest,0.9999319314956665,True,True,True,True,success,none,,True,0.8729999999999016,0.6230000000000402,0,25
original_validation,bf5b3f3582cf17fa,two_hop_nearest,original_template,original_template,two_hop_nearest,0.9999349117279053,True,True,True,True,success,none,,True,0.7207080000002364,0.5972499999997716,0,25
original_validation,2a31c552e66a44c3,two_hop_nearest,original_template,original_template,two_hop_nearest,0.9999334812164307,True,True,True,True,success,none,,True,0.7337909999995951,0.5875420000003295,0,26
original_validation,46d858e0272efa5f,two_hop_nearest,original_template,original_template,two_hop_nearest,0.9999340772628784,True,True,True,True,success,none,,True,0.6968340000002016,0.605209000000162,0,26
original_validation,3ea7621cb476387c,two_hop_nearest,original_template,original_template,two_hop_nearest,0.9999322891235352,True,True,True,True,success,none,,True,0.7232080000001417,0.6103749999999408,0,26
original_validation,be5f53103c546fe2,two_hop_nearest,original_template,original_template,two_hop_nearest,0.9999337196350098,True,True,True,True,success,none,,True,0.6762499999997118,0.6010419999999961,0,26
original_validation,5664987396610c6b,two_hop_nearest,original_template,original_template,two_hop_nearest,0.9999336004257202,True,True,True,True,success,none,,True,0.9403749999998823,0.6535830000000686,0,25
original_validation,b25a96dafe50aaef,two_hop_nearest,original_template,original_template,two_hop_nearest,0.9999309778213501,True,True,True,True,success,none,,True,0.7406249999997172,0.607667000000145,0,25
original_validation,98812b011aafe0c8,two_hop_nearest,original_template,original_template,two_hop_nearest,0.9999334812164307,True,True,True,True,success,none,,True,0.6991250000001337,0.5979589999998147,0,26
original_validation,8cee91c68912cc71,two_hop_nearest,original_template,original_template,two_hop_nearest,0.9999330043792725,True,True,True,True,success,none,,True,0.7955420000000935,0.5907500000001953,0,26
original_validation,c4788d622d87a5b8,two_hop_nearest,original_template,original_template,two_hop_nearest,0.9999306201934814,True,True,True,True,success,none,,True,0.6861659999999326,0.5767500000000148,0,25
original_validation,f04a57b20ad4acdf,two_hop_nearest,original_template,original_template,two_hop_nearest,0.9999321699142456,True,True,True,True,success,none,,True,0.7553339999999409,0.58937499999967,0,26
original_validation,f5eb02e5fe713d74,two_hop_nearest,original_template,original_template,two_hop_nearest,0.9999322891235352,True,True,True,True,success,none,,True,0.68749999999973,0.5854159999998387,0,26
original_validation,ffa845e74131f5cc,two_hop_nearest,original_template,original_template,two_hop_nearest,0.9999343156814575,True,True,True,True,success,none,,True,0.7127909999997684,0.5894589999999589,0,26
original_validation,5eeaa664ad79f596,two_hop_nearest,original_template,original_template,two_hop_nearest,0.9999322891235352,True,True,True,True,success,none,,True,0.6698749999998199,0.588333000000052,0,26
original_validation,0a0fb20923a80b2f,two_hop_nearest,original_template,original_template,two_hop_nearest,0.9999339580535889,True,True,True,True,success,none,,True,0.7350000000001522,0.5886670000001537,0,25
original_validation,b7db79f48566ff8c,two_hop_nearest,original_template,original_template,two_hop_nearest,0.9999330043792725,True,True,True,True,success,none,,True,0.6775409999999482,0.5875839999998078,0,25
original_validation,c5524c926d173664,spatial_multi_constraint,original_template,original_template,spatial_multi_constraint,0.9999439716339111,True,True,True,True,success,none,,True,0.9955420000000714,0.6297079999999511,0,15
original_validation,072f820fa3f7967b,spatial_multi_constraint,original_template,original_template,spatial_multi_constraint,0.9999442100524902,True,True,True,True,success,none,,True,0.5883749999999743,0.4384590000001687,0,15
original_validation,e0b849a61a20a70a,spatial_multi_constraint,original_template,original_template,spatial_multi_constraint,0.9999418258666992,True,True,True,True,success,none,,True,0.7334579999995761,0.4595840000001239,0,15
original_validation,2dde04d0d7f360c2,spatial_multi_constraint,original_template,original_template,spatial_multi_constraint,0.9999459981918335,True,True,True,True,success,none,,True,0.5753340000000939,0.4331250000002562,0,15
original_validation,db799374ab5bfa2d,spatial_multi_constraint,original_template,original_template,spatial_multi_constraint,0.9999436140060425,True,True,True,True,success,none,,True,0.6811660000001218,0.4585829999999014,0,15
original_validation,a725cf7bae0c5ad4,spatial_multi_constraint,original_template,original_template,spatial_multi_constraint,0.9999436140060425,True,True,True,True,success,none,,True,0.5569579999997742,0.4436250000003916,0,15
original_validation,9c9720dc31b0cddf,spatial_multi_constraint,original_template,original_template,spatial_multi_constraint,0.9999330043792725,True,True,True,True,success,none,,True,0.8407919999999791,0.43629199999983825,0,15
original_validation,54df83447ec44a7b,spatial_multi_constraint,original_template,original_template,spatial_multi_constraint,0.9999418258666992,True,True,True,True,success,none,,True,0.6011250000002022,0.4342500000000804,0,15
original_validation,93c573e8d1af7c5e,spatial_multi_constraint,original_template,original_template,spatial_multi_constraint,0.9999476671218872,True,True,True,True,success,none,,True,0.8485829999997918,0.46166600000008273,0,15
original_validation,595af1651748470f,spatial_multi_constraint,original_template,original_template,spatial_multi_constraint,0.9999436140060425,True,True,True,True,success,none,,True,0.668000000000113,0.5109170000001662,0,15
original_validation,ba369804b6869c22,spatial_multi_constraint,original_template,original_template,spatial_multi_constraint,0.999937891960144,True,True,True,True,success,none,,True,0.5643749999997283,0.4457499999999115,0,16
original_validation,a0175e9639dfeb17,spatial_multi_constraint,original_template,original_template,spatial_multi_constraint,0.999937891960144,True,True,True,True,success,none,,True,0.5980410000003822,0.44604200000009087,0,16
original_validation,924f821155755175,spatial_multi_constraint,original_template,original_template,spatial_multi_constraint,0.9999421834945679,True,True,True,True,success,none,,True,0.733625000000071,0.4345419999998157,0,15
original_validation,784e730fc2b47ade,spatial_multi_constraint,original_template,original_template,spatial_multi_constraint,0.9999464750289917,True,True,True,True,success,none,,True,0.5635000000001611,0.4277919999999824,0,15
original_validation,eb80272fe346a07a,spatial_multi_constraint,original_template,original_template,spatial_multi_constraint,0.999937891960144,True,True,True,True,success,none,,True,0.5687500000002288,0.4437089999997923,0,16
original_validation,1d4928b678b2530c,spatial_multi_constraint,original_template,original_template,spatial_multi_constraint,0.9999469518661499,True,True,True,True,success,none,,True,0.7823330000000794,0.4522499999999319,0,15
original_validation,156487ecfcb577ed,spatial_multi_constraint,original_template,original_template,spatial_multi_constraint,0.9999417066574097,True,True,True,True,success,none,,True,0.5899999999998684,0.4464579999998719,0,15
original_validation,8d9dedf83dc226a4,spatial_multi_constraint,original_template,original_template,spatial_multi_constraint,0.9999421834945679,True,True,True,True,success,none,,True,0.7594169999998179,0.43212499999967235,0,15
original_validation,cb184b044461ba65,spatial_multi_constraint,original_template,original_template,spatial_multi_constraint,0.9999442100524902,True,True,True,True,success,none,,True,0.5819580000001601,0.4282089999998462,0,15
original_validation,322a889d9c7e1586,spatial_multi_constraint,original_template,original_template,spatial_multi_constraint,0.9999465942382812,True,True,True,True,success,none,,True,0.6820830000000555,0.43124999999966107,0,15
original_validation,00b662f56d1e3488,spatial_multi_constraint,original_template,original_template,spatial_multi_constraint,0.9999421834945679,True,True,True,True,success,none,,True,0.5512079999996367,0.4242080000000925,0,15
original_validation,aa2feae779253cca,spatial_multi_constraint,original_template,original_template,spatial_multi_constraint,0.9999457597732544,True,True,True,True,success,none,,True,0.72595799999986,0.42495900000005804,0,15
original_validation,59f5c69c894e767a,spatial_multi_constraint,original_template,original_template,spatial_multi_constraint,0.9999436140060425,True,True,True,True,success,none,,True,0.5801250000003755,0.43162500000004655,0,15
original_validation,a22f85aa913e2596,spatial_multi_constraint,original_template,original_template,spatial_multi_constraint,0.9999411106109619,True,True,True,True,success,none,,True,0.6822919999995847,0.4278750000001885,0,15
original_validation,837cc10ddb2e4403,spatial_multi_constraint,original_template,original_template,spatial_multi_constraint,0.9999436140060425,True,True,True,True,success,none,,True,0.566207999999957,0.43237499999992934,0,15
original_validation,3f11b385f51e3dcf,spatial_multi_constraint,original_template,original_template,spatial_multi_constraint,0.9999454021453857,True,True,True,True,success,none,,True,0.7598749999999654,0.4387920000001877,0,15
original_validation,0c64b2fd545d7163,spatial_multi_constraint,original_template,original_template,spatial_multi_constraint,0.9999442100524902,True,True,True,True,success,none,,True,0.5887499999999157,0.43604200000002535,0,15
original_validation,91ca3d3b8e0a8fa8,spatial_multi_constraint,original_template,original_template,spatial_multi_constraint,0.9999396800994873,True,True,True,True,success,none,,True,0.8122500000000699,0.4455830000003047,0,16
original_validation,8283adaf224b736c,spatial_multi_constraint,original_template,original_template,spatial_multi_constraint,0.9999436140060425,True,True,True,True,success,none,,True,0.5838750000002335,0.43125000000010516,0,15
original_validation,f56a2ec1520bd9f2,spatial_multi_constraint,original_template,original_template,spatial_multi_constraint,0.999940037727356,True,True,True,True,success,none,,True,0.6977080000001301,0.4780000000002005,0,16
original_validation,51a79546b1b17e53,spatial_multi_constraint,original_template,original_template,spatial_multi_constraint,0.999940037727356,True,True,True,True,success,none,,True,0.6467090000001896,0.45433299999997345,0,16
original_validation,648007bb64bc32f4,spatial_multi_constraint,original_template,original_template,spatial_multi_constraint,0.9999353885650635,True,True,True,True,success,none,,True,0.5719580000000946,0.4768749999999322,0,15
original_validation,6d6c445f1bf64738,spatial_multi_constraint,original_template,original_template,spatial_multi_constraint,0.9999459981918335,True,True,True,True,success,none,,True,0.7691669999996265,0.4422090000000267,0,15
original_validation,3d0dc04221136a5d,spatial_multi_constraint,original_template,original_template,spatial_multi_constraint,0.9999436140060425,True,True,True,True,success,none,,True,0.5945000000000533,0.43991599999992914,0,15
original_validation,8a68d95a1946f1d7,spatial_multi_constraint,original_template,original_template,spatial_multi_constraint,0.9999436140060425,True,True,True,True,success,none,,True,0.7928329999997707,0.44266699999973014,0,15
original_validation,80c630be7031d06e,spatial_multi_constraint,original_template,original_template,spatial_multi_constraint,0.9999469518661499,True,True,True,True,success,none,,True,0.6079589999998802,0.4530830000000208,0,15
original_validation,cee4ea4b8563011b,spatial_multi_constraint,original_template,original_template,spatial_multi_constraint,0.9999396800994873,True,True,True,True,success,none,,True,0.6190829999996872,0.4499999999998394,0,16
original_validation,06e91dd1629fd424,spatial_multi_constraint,original_template,original_template,spatial_multi_constraint,0.9999418258666992,True,True,True,True,success,none,,True,0.550833999999778,0.4585839999999841,0,15
original_validation,67e7c89108466175,spatial_multi_constraint,original_template,original_template,spatial_multi_constraint,0.9999467134475708,True,True,True,True,success,none,,True,0.7286250000002603,0.42816600000028515,0,15
original_validation,f205833ef306a6cf,spatial_multi_constraint,original_template,original_template,spatial_multi_constraint,0.9999411106109619,True,True,True,True,success,none,,True,0.5744160000000775,0.42795799999995054,0,15
original_validation,fe970565fb314145,spatial_multi_constraint,original_template,original_template,spatial_multi_constraint,0.999946117401123,True,True,True,True,success,none,,True,0.7970830000001428,0.4413749999998551,0,15
original_validation,3f3b4f64d7d16f7d,spatial_multi_constraint,original_template,original_template,spatial_multi_constraint,0.9999469518661499,True,True,True,True,success,none,,True,0.5688749999999132,0.4267090000000806,0,15
original_validation,0126e576a5cb96fa,spatial_multi_constraint,original_template,original_template,spatial_multi_constraint,0.9999467134475708,True,True,True,True,success,none,,True,0.7127080000000063,0.4293330000000317,0,15
original_validation,9c09e03360cfc910,spatial_multi_constraint,original_template,original_template,spatial_multi_constraint,0.9999459981918335,True,True,True,True,success,none,,True,0.5462499999997483,0.4287920000001222,0,15
original_validation,234637237503fe4f,spatial_multi_constraint,original_template,original_template,spatial_multi_constraint,0.9999459981918335,True,True,True,True,success,none,,True,0.9654590000001129,0.5901659999998365,0,15
original_validation,f193675d8364b8e2,spatial_multi_constraint,original_template,original_template,spatial_multi_constraint,0.9999442100524902,True,True,True,True,success,none,,True,0.6185420000002217,0.4518330000000681,0,15
original_validation,9f6d01b751e9d267,spatial_multi_constraint,original_template,original_template,spatial_multi_constraint,0.9999457597732544,True,True,True,True,success,none,,True,0.7567079999999393,0.42612499999972187,0,15
original_validation,5a77da0c2a10a3ad,spatial_multi_constraint,original_template,original_template,spatial_multi_constraint,0.9999436140060425,True,True,True,True,success,none,,True,0.5790829999998692,0.4347500000001503,0,15
original_validation,dc33c87dacdd6a83,spatial_multi_constraint,original_template,original_template,spatial_multi_constraint,0.999937891960144,True,True,True,True,success,none,,True,0.5740000000002965,0.45683399999996155,0,16
original_validation,d9f7dcb4a30372c2,spatial_multi_constraint,original_template,original_template,spatial_multi_constraint,0.9999411106109619,True,True,True,True,success,none,,True,0.7531249999996881,0.47487500000009675,0,15
original_validation,6d54ce5c9088b984,spatial_multi_constraint,original_template,original_template,spatial_multi_constraint,0.999937891960144,True,True,True,True,success,none,,True,0.6094169999997234,0.4768749999999322,0,16
original_validation,254f30d982d5f759,spatial_multi_constraint,original_template,original_template,spatial_multi_constraint,0.9999442100524902,True,True,True,True,success,none,,True,0.8034580000000346,0.43175000000017505,0,15
original_validation,f0baa635ce230dfe,spatial_multi_constraint,original_template,original_template,spatial_multi_constraint,0.9999421834945679,True,True,True,True,success,none,,True,0.6382919999996517,0.4728749999998172,0,15
original_validation,7cd6341fcdcdd22f,spatial_multi_constraint,original_template,original_template,spatial_multi_constraint,0.9999418258666992,True,True,True,True,success,none,,True,0.7177090000003439,0.4269159999998884,0,15
original_validation,338949d3d023b49a,spatial_multi_constraint,original_template,original_template,spatial_multi_constraint,0.9999436140060425,True,True,True,True,success,none,,True,0.5556669999999819,0.42520899999987094,0,15
original_validation,5333e80cc49f3e05,spatial_multi_constraint,original_template,original_template,spatial_multi_constraint,0.9999469518661499,True,True,True,True,success,none,,True,0.7114169999997699,0.43604200000002535,0,15
original_validation,7037469b45b0da4a,spatial_multi_constraint,original_template,original_template,spatial_multi_constraint,0.9999436140060425,True,True,True,True,success,none,,True,0.562540999999861,0.4309579999999258,0,15
original_validation,8922973d257084e2,spatial_multi_constraint,original_template,original_template,spatial_multi_constraint,0.9999459981918335,True,True,True,True,success,none,,True,0.7947090000000046,0.4465000000002384,0,15
original_validation,9bf7ef715b56c4ef,spatial_multi_constraint,original_template,original_template,spatial_multi_constraint,0.999944806098938,True,True,True,True,success,none,,True,0.576958999999988,0.44200000000005346,0,15
original_validation,54c0a0d9df1955a4,spatial_multi_constraint,original_template,original_template,spatial_multi_constraint,0.9999436140060425,True,True,True,True,success,none,,True,0.8232920000001975,0.4614579999997481,0,15
original_validation,bd19995c042e5557,spatial_multi_constraint,original_template,original_template,spatial_multi_constraint,0.9999439716339111,True,True,True,True,success,none,,True,0.6224999999999703,0.4603749999998463,0,15
original_validation,93764e83e0bb106e,spatial_multi_constraint,original_template,original_template,spatial_multi_constraint,0.9999457597732544,True,True,True,True,success,none,,True,0.7905420000002827,0.4440420000002554,0,15
original_validation,27066967032d4af2,spatial_multi_constraint,original_template,original_template,spatial_multi_constraint,0.9999436140060425,True,True,True,True,success,none,,True,0.5866249999999518,0.4383340000000402,0,15
original_validation,77fa80367cfb5cfe,spatial_multi_constraint,original_template,original_template,spatial_multi_constraint,0.9999442100524902,True,True,True,True,success,none,,True,0.7609170000000276,0.42024999999989987,0,15
original_validation,58de15688d857328,spatial_multi_constraint,original_template,original_template,spatial_multi_constraint,0.9999454021453857,True,True,True,True,success,none,,True,0.584959000000218,0.43837499999987983,0,15
original_validation,727c1a2099b752d3,spatial_multi_constraint,original_template,original_template,spatial_multi_constraint,0.9999353885650635,True,True,True,True,success,none,,True,0.9484579999998743,0.45116700000003007,0,15
original_validation,c3c959782a7ce66c,spatial_multi_constraint,original_template,original_template,spatial_multi_constraint,0.9999469518661499,True,True,True,True,success,none,,True,0.6884999999998698,0.4553750000000356,0,15
original_validation,334061275af11ea5,spatial_multi_constraint,original_template,original_template,spatial_multi_constraint,0.9999396800994873,True,True,True,True,success,none,,True,0.5705000000002514,0.45325000000007165,0,16
original_validation,08145d7aa771442b,spatial_multi_constraint,original_template,original_template,spatial_multi_constraint,0.9999467134475708,True,True,True,True,success,none,,True,0.48808400000011076,0.4190419999998696,0,15
original_validation,f842ae86610def38,spatial_multi_constraint,original_template,original_template,spatial_multi_constraint,0.9999457597732544,True,True,True,True,success,none,,True,0.620333000000084,0.4184579999999549,0,15
original_validation,ba94629a2952ab96,spatial_multi_constraint,original_template,original_template,spatial_multi_constraint,0.9999476671218872,True,True,True,True,success,none,,True,0.5414159999999058,0.4318329999999371,0,15
original_validation,ecffa248f1ca1665,spatial_multi_constraint,original_template,original_template,spatial_multi_constraint,0.9999396800994873,True,True,True,True,success,none,,True,0.6837079999999496,0.4669999999999952,0,16
original_validation,6ed761591768d99e,spatial_multi_constraint,original_template,original_template,spatial_multi_constraint,0.9999411106109619,True,True,True,True,success,none,,True,0.5721250000001454,0.4667499999997382,0,15
original_validation,5f5715445318a49a,spatial_multi_constraint,original_template,original_template,spatial_multi_constraint,0.9999459981918335,True,True,True,True,success,none,,True,0.8633330000002992,0.44362499999994753,0,15
original_validation,4c5454fcdbadac2c,spatial_multi_constraint,original_template,original_template,spatial_multi_constraint,0.9999436140060425,True,True,True,True,success,none,,True,0.6098749999998709,0.4460829999999305,0,15
original_validation,8c07646ae4f9bc72,spatial_multi_constraint,original_template,original_template,spatial_multi_constraint,0.9999421834945679,True,True,True,True,success,none,,True,0.8245000000002278,0.43895800000015583,0,15
original_validation,b8fe8cde9939b2de,spatial_multi_constraint,original_template,original_template,spatial_multi_constraint,0.9999467134475708,True,True,True,True,success,none,,True,0.5924580000002955,0.4312090000002655,0,15
original_validation,4cbeb38d8a788b30,spatial_multi_constraint,original_template,original_template,spatial_multi_constraint,0.9999412298202515,True,True,True,True,success,none,,True,0.6444169999997307,0.44441599999966996,0,15
original_validation,38098d7de1392bb4,spatial_multi_constraint,original_template,original_template,spatial_multi_constraint,0.9999418258666992,True,True,True,True,success,none,,True,0.5271250000000727,0.422290999999575,0,15
original_validation,5cd80c3bf021ffec,spatial_multi_constraint,original_template,original_template,spatial_multi_constraint,0.9999457597732544,True,True,True,True,success,none,,True,0.8089159999999929,0.44370800000015365,0,15
original_validation,3dca2fd63c51f31d,spatial_multi_constraint,original_template,original_template,spatial_multi_constraint,0.9999439716339111,True,True,True,True,success,none,,True,0.5967080000002234,0.42920899999998596,0,15
original_validation,697c66995ff438d4,spatial_multi_constraint,original_template,original_template,spatial_multi_constraint,0.9999334812164307,True,True,True,True,success,none,,True,0.9580419999997147,0.5211660000004059,0,15
original_validation,6a54e8d8581c62bf,spatial_multi_constraint,original_template,original_template,spatial_multi_constraint,0.9999457597732544,True,True,True,True,success,none,,True,0.6289999999999907,0.4417079999998741,0,15
original_validation,074b14344b530a0d,spatial_multi_constraint,original_template,original_template,spatial_multi_constraint,0.9999449253082275,True,True,True,True,success,none,,True,0.8078750000000134,0.42724999999999014,0,15
original_validation,ce6c59009cdeefd0,spatial_multi_constraint,original_template,original_template,spatial_multi_constraint,0.9999412298202515,True,True,True,True,success,none,,True,0.5870000000003373,0.4338339999998553,0,15
original_validation,5a4551a307b40b03,spatial_multi_constraint,original_template,original_template,spatial_multi_constraint,0.9999418258666992,True,True,True,True,success,none,,True,0.867417000000259,0.4507080000002439,0,15
original_validation,302ff1b28a9e53cc,spatial_multi_constraint,original_template,original_template,spatial_multi_constraint,0.9999439716339111,True,True,True,True,success,none,,True,0.6198749999999364,0.4357079999999236,0,15
original_validation,1774f2d6d92ab802,spatial_multi_constraint,original_template,original_template,spatial_multi_constraint,0.9999417066574097,True,True,True,True,success,none,,True,0.5891669999997795,0.4336250000003261,0,15
original_validation,1112f1826e73d142,spatial_multi_constraint,original_template,original_template,spatial_multi_constraint,0.9999457597732544,True,True,True,True,success,none,,True,0.4980419999998098,0.41416700000018736,0,15
original_validation,d457c1a7b0f9699d,spatial_multi_constraint,original_template,original_template,spatial_multi_constraint,0.9999469518661499,True,True,True,True,success,none,,True,0.7325000000002468,0.44008400000006276,0,15
original_validation,300c162ae11f6179,spatial_multi_constraint,original_template,original_template,spatial_multi_constraint,0.9999464750289917,True,True,True,True,success,none,,True,0.5754580000001397,0.4388340000001101,0,15
original_validation,b992ccc389e75330,spatial_multi_constraint,original_template,original_template,spatial_multi_constraint,0.9999469518661499,True,True,True,True,success,none,,True,0.8092089999998109,0.43933400000017997,0,15
original_validation,520c8f798a297592,spatial_multi_constraint,original_template,original_template,spatial_multi_constraint,0.9999467134475708,True,True,True,True,success,none,,True,0.6342079999996919,0.44687500000017977,0,15
original_validation,4f4f2d45052cbe02,spatial_multi_constraint,original_template,original_template,spatial_multi_constraint,0.9999396800994873,True,True,True,True,success,none,,True,0.7762499999999228,0.5148749999999147,0,16
original_validation,f6d47028113f2157,spatial_multi_constraint,original_template,original_template,spatial_multi_constraint,0.9999411106109619,True,True,True,True,success,none,,True,0.5674579999999096,0.4608749999999162,0,15
original_validation,82b96f85c98e0a4d,spatial_multi_constraint,original_template,original_template,spatial_multi_constraint,0.9999428987503052,True,True,True,True,success,none,,True,0.7943750000003469,0.43641699999996675,0,15
original_validation,44c32ab7f0507867,spatial_multi_constraint,original_template,original_template,spatial_multi_constraint,0.9999411106109619,True,True,True,True,success,none,,True,0.5798750000001185,0.4290420000003792,0,15
original_validation,7bbecd31150f0f92,spatial_multi_constraint,original_template,original_template,spatial_multi_constraint,0.9999439716339111,True,True,True,True,success,none,,True,0.8420419999999318,0.43020900000012574,0,15
original_validation,e477bd694491e984,spatial_multi_constraint,original_template,original_template,spatial_multi_constraint,0.999946117401123,True,True,True,True,success,none,,True,0.6033749999998506,0.4241249999998864,0,15
original_validation,4d04f2c50812e446,spatial_multi_constraint,original_template,original_template,spatial_multi_constraint,0.999937891960144,True,True,True,True,success,none,,True,0.6404999999998218,0.44212499999973787,0,16
original_validation,4a31139a5e961d0c,spatial_multi_constraint,original_template,original_template,spatial_multi_constraint,0.9999418258666992,True,True,True,True,success,none,,True,0.5279999999996399,0.42587499999990897,0,15
original_validation,d58d7adbad40409e,spatial_multi_constraint,original_template,original_template,spatial_multi_constraint,0.9999459981918335,True,True,True,True,success,none,,True,0.7438339999996657,0.43787500000025403,0,15
original_validation,4dd04cacbfdc3fbe,spatial_multi_constraint,original_template,original_template,spatial_multi_constraint,0.999944806098938,True,True,True,True,success,none,,True,0.563749999999974,0.4295000000000826,0,15
original_validation,f1ca78d5d5da5fa4,spatial_multi_constraint,original_template,original_template,spatial_multi_constraint,0.9999421834945679,True,True,True,True,success,none,,True,0.6825840000002081,0.4207909999998094,0,15
original_validation,a0f308bfe5f47291,spatial_multi_constraint,original_template,original_template,spatial_multi_constraint,0.9999421834945679,True,True,True,True,success,none,,True,0.5537909999997481,0.41991699999988086,0,15
original_validation,5d6b7526a54a14e8,spatial_multi_constraint,original_template,original_template,spatial_multi_constraint,0.999937891960144,True,True,True,True,success,none,,True,0.5741669999999033,0.4348329999999123,0,16
original_validation,87de2878f02a69f4,spatial_multi_constraint,original_template,original_template,spatial_multi_constraint,0.999940037727356,True,True,True,True,success,none,,True,0.5462500000001924,0.4525829999999509,0,16
original_validation,97e77eda192ac6e9,spatial_multi_constraint,original_template,original_template,spatial_multi_constraint,0.9999436140060425,True,True,True,True,success,none,,True,0.8254169999997174,0.4422910000001501,0,15
original_validation,0e32b4c1941732c1,spatial_multi_constraint,original_template,original_template,spatial_multi_constraint,0.9999436140060425,True,True,True,True,success,none,,True,0.5829580000002998,0.42870799999983333,0,15
original_validation,c57648eb1ac3ca12,spatial_multi_constraint,original_template,original_template,spatial_multi_constraint,0.9999436140060425,True,True,True,True,success,none,,True,0.7373340000000894,0.4264579999997409,0,15
original_validation,73d26f59583fc60f,spatial_multi_constraint,original_template,original_template,spatial_multi_constraint,0.999937891960144,True,True,True,True,success,none,,True,0.5910420000003747,0.4405830000000499,0,16
original_validation,da53b22ae9178c14,spatial_multi_constraint,original_template,original_template,spatial_multi_constraint,0.9999439716339111,True,True,True,True,success,none,,True,0.8413750000002551,0.4500419999997618,0,15
original_validation,a4503773fed5e8c2,spatial_multi_constraint,original_template,original_template,spatial_multi_constraint,0.999946117401123,True,True,True,True,success,none,,True,0.6939580000002721,0.5242920000001483,0,15
original_validation,68ebbf1bcaae7ed6,spatial_multi_constraint,original_template,original_template,spatial_multi_constraint,0.999944806098938,True,True,True,True,success,none,,True,0.7487500000000757,0.4344999999998933,0,15
original_validation,4a330f6c167939c2,spatial_multi_constraint,original_template,original_template,spatial_multi_constraint,0.9999459981918335,True,True,True,True,success,none,,True,0.5531250000001542,0.4174999999997375,0,15
original_validation,93d367e71831ba0c,spatial_multi_constraint,original_template,original_template,spatial_multi_constraint,0.9999421834945679,True,True,True,True,success,none,,True,0.8254160000000788,0.4614169999999085,0,15
original_validation,03ae5d0f01cc7506,spatial_multi_constraint,original_template,original_template,spatial_multi_constraint,0.9999442100524902,True,True,True,True,success,none,,True,0.6142920000002938,0.4569999999999297,0,15
original_validation,09e316ab529853c0,spatial_multi_constraint,original_template,original_template,spatial_multi_constraint,0.9999421834945679,True,True,True,True,success,none,,True,0.9920000000001039,0.5916249999997625,0,15
original_validation,4e965784994b543b,spatial_multi_constraint,original_template,original_template,spatial_multi_constraint,0.9999430179595947,True,True,True,True,success,none,,True,0.6128329999999238,0.4470830000000703,0,15
original_validation,722cc49a263ef6ae,spatial_multi_constraint,original_template,original_template,spatial_multi_constraint,0.9999439716339111,True,True,True,True,success,none,,True,0.5980420000000208,0.44454100000024255,0,15
original_validation,ad79c5bf437e0594,spatial_multi_constraint,original_template,original_template,spatial_multi_constraint,0.9999396800994873,True,True,True,True,success,none,,True,0.5336670000000154,0.449875000000155,0,16
original_validation,4e8b7d96d315fe2d,spatial_multi_constraint,original_template,original_template,spatial_multi_constraint,0.9999428987503052,True,True,True,True,success,none,,True,0.7820839999999052,0.44670900000021163,0,15
original_validation,9b4d3be1a21152a6,spatial_multi_constraint,original_template,original_template,spatial_multi_constraint,0.9999469518661499,True,True,True,True,success,none,,True,0.5799999999998029,0.4355000000000331,0,15
original_validation,48a76b28db385ce5,spatial_multi_constraint,original_template,original_template,spatial_multi_constraint,0.9999442100524902,True,True,True,True,success,none,,True,0.7147920000001307,0.45145900000020944,0,15
original_validation,ed2a6ef7ccf9a77a,spatial_multi_constraint,original_template,original_template,spatial_multi_constraint,0.9999417066574097,True,True,True,True,success,none,,True,0.5614590000000419,0.4342499999996363,0,15
original_validation,ca6a4fce1c21185e,spatial_multi_constraint,original_template,original_template,spatial_multi_constraint,0.9999459981918335,True,True,True,True,success,none,,True,0.8201250000001714,0.4409579999999913,0,15
original_validation,c05fd4b3a1a5aa20,spatial_multi_constraint,original_template,original_template,spatial_multi_constraint,0.9999457597732544,True,True,True,True,success,none,,True,0.5882500000002899,0.4299580000002301,0,15
original_validation,5d77c179ccae5d76,spatial_multi_constraint,original_template,original_template,spatial_multi_constraint,0.9999421834945679,True,True,True,True,success,none,,True,0.6501249999999459,0.4361660000000711,0,15
original_validation,e79791fbb040259e,spatial_multi_constraint,original_template,original_template,spatial_multi_constraint,0.999937891960144,True,True,True,True,success,none,,True,0.5473329999996501,0.44670900000021163,0,16
original_validation,020144df01caae60,spatial_multi_constraint,original_template,original_template,spatial_multi_constraint,0.999937891960144,True,True,True,True,success,none,,True,0.5619999999999514,0.4487919999998091,0,16
original_validation,f18170289cb5d9ac,spatial_multi_constraint,original_template,original_template,spatial_multi_constraint,0.9999428987503052,True,True,True,True,success,none,,True,0.5130420000001301,0.43312499999981213,0,15
original_validation,58f8bc44b7d3e2eb,spatial_multi_constraint,original_template,original_template,spatial_multi_constraint,0.9999421834945679,True,True,True,True,success,none,,True,0.6110409999999789,0.42708299999993926,0,15
original_validation,2755f891db2d734d,spatial_multi_constraint,original_template,original_template,spatial_multi_constraint,0.999937891960144,True,True,True,True,success,none,,True,0.6094160000000848,0.45345799999996217,0,16
original_validation,00be754a0a0d1d18,spatial_multi_constraint,original_template,original_template,spatial_multi_constraint,0.999937891960144,True,True,True,True,success,none,,True,0.6507500000001443,0.4536659999998527,0,16
original_validation,8dcd29660395da09,spatial_multi_constraint,original_template,original_template,spatial_multi_constraint,0.9999439716339111,True,True,True,True,success,none,,True,0.828458999999615,0.44337500000013463,0,15
original_validation,a9a2b6e314e15951,spatial_multi_constraint,original_template,original_template,spatial_multi_constraint,0.999946117401123,True,True,True,True,success,none,,True,0.5727920000002662,0.42416700000025287,0,15
original_validation,90d932b4f34c99e1,spatial_multi_constraint,original_template,original_template,spatial_multi_constraint,0.999946117401123,True,True,True,True,success,none,,True,0.6964579999997333,0.4293749999999541,0,15
original_validation,ead6e728f825ad65,spatial_multi_constraint,original_template,original_template,spatial_multi_constraint,0.9999421834945679,True,True,True,True,success,none,,True,0.5539169999999594,0.42733300000019625,0,15
original_validation,968aa3e82f21f4f0,spatial_multi_constraint,original_template,original_template,spatial_multi_constraint,0.9999442100524902,True,True,True,True,success,none,,True,0.7929999999998216,0.4331670000001786,0,15
original_validation,672ac5e2c3e57c1d,spatial_multi_constraint,original_template,original_template,spatial_multi_constraint,0.9999439716339111,True,True,True,True,success,none,,True,0.5868750000002088,0.43162500000004655,0,15
original_validation,bf34d7e482b8c50d,spatial_multi_constraint,original_template,original_template,spatial_multi_constraint,0.9999436140060425,True,True,True,True,success,none,,True,0.7170830000000628,0.4279170000001109,0,15
original_validation,5eed1b3205cb8085,spatial_multi_constraint,original_template,original_template,spatial_multi_constraint,0.9999457597732544,True,True,True,True,success,none,,True,0.5565419999999932,0.42270800000032693,0,15
original_validation,d2da9bf5268cd9e0,spatial_multi_constraint,original_template,original_template,spatial_multi_constraint,0.999940037727356,True,True,True,True,success,none,,True,0.5349169999999681,0.4402919999999533,0,16
original_validation,53b35934f6de7a90,spatial_multi_constraint,original_template,original_template,spatial_multi_constraint,0.9999356269836426,True,True,True,True,success,none,,True,0.7686670000000007,0.4385419999999307,0,15
original_validation,5226169ec41c682d,spatial_multi_constraint,original_template,original_template,spatial_multi_constraint,0.9999414682388306,True,True,True,True,success,none,,True,0.5667499999999492,0.4242500000000149,0,15
original_validation,920e119a80ab9d4b,spatial_multi_constraint,original_template,original_template,spatial_multi_constraint,0.9999475479125977,True,True,True,True,success,none,,True,0.8266660000000314,0.4727919999996111,0,15
original_validation,d8d76e8521d515f0,spatial_multi_constraint,original_template,original_template,spatial_multi_constraint,0.9999469518661499,True,True,True,True,success,none,,True,0.6088750000001752,0.44920800000003425,0,15
original_validation,c8b9a1161634c1bf,spatial_multi_constraint,original_template,original_template,spatial_multi_constraint,0.9999457597732544,True,True,True,True,success,none,,True,0.7520410000001476,0.4229999999996181,0,15
original_validation,6fc817bcecd40d90,spatial_multi_constraint,original_template,original_template,spatial_multi_constraint,0.9999421834945679,True,True,True,True,success,none,,True,0.5858749999996249,0.43787499999980994,0,15
original_validation,10ee01a01332cd02,spatial_multi_constraint,original_template,original_template,spatial_multi_constraint,0.9999421834945679,True,True,True,True,success,none,,True,0.8566670000003107,0.4430420000001156,0,15
original_validation,9e696835b50ee52b,spatial_multi_constraint,original_template,original_template,spatial_multi_constraint,0.9999459981918335,True,True,True,True,success,none,,True,0.609041999999782,0.43808300000014455,0,15
original_validation,03b02f613a350d83,spatial_multi_constraint,original_template,original_template,spatial_multi_constraint,0.999944806098938,True,True,True,True,success,none,,True,0.768083000000086,0.43804100000022217,0,15
original_validation,a865beb1c7129917,spatial_multi_constraint,original_template,original_template,spatial_multi_constraint,0.9999459981918335,True,True,True,True,success,none,,True,0.6005000000000038,0.4472499999996771,0,15
original_validation,76b20c02dd1e4975,spatial_multi_constraint,original_template,original_template,spatial_multi_constraint,0.9999457597732544,True,True,True,True,success,none,,True,0.7079580000000085,0.4512500000002362,0,15
original_validation,7a4a0217221adfcc,spatial_multi_constraint,original_template,original_template,spatial_multi_constraint,0.9999396800994873,True,True,True,True,success,none,,True,0.6513329999999762,0.5275420000003805,0,16
original_validation,75e2363d24561b9d,spatial_multi_constraint,original_template,original_template,spatial_multi_constraint,0.9999421834945679,True,True,True,True,success,none,,True,0.7771249999999341,0.43687499999967017,0,15
original_validation,ffbf55375bf66bf4,spatial_multi_constraint,original_template,original_template,spatial_multi_constraint,0.9999436140060425,True,True,True,True,success,none,,True,0.5763339999997896,0.42616700000008834,0,15
original_validation,ec0122a88b370e4b,spatial_multi_constraint,original_template,original_template,spatial_multi_constraint,0.9999421834945679,True,True,True,True,success,none,,True,0.7489999999998886,0.42383400000023386,0,15
original_validation,07c0c3bab6b4059e,spatial_multi_constraint,original_template,original_template,spatial_multi_constraint,0.9999436140060425,True,True,True,True,success,none,,True,0.5907499999997512,0.43608399999994774,0,15
original_validation,ad6b4d680ba3eff4,spatial_multi_constraint,original_template,original_template,spatial_multi_constraint,0.999946117401123,True,True,True,True,success,none,,True,0.68316700000004,0.4390000000000782,0,15
original_validation,e1ecc4769e5dd15f,spatial_multi_constraint,original_template,original_template,spatial_multi_constraint,0.9999334812164307,True,True,True,True,success,none,,True,0.5651669999999775,0.44200000000005346,0,15
original_validation,fe04ad4a7ca1df41,spatial_multi_constraint,original_template,original_template,spatial_multi_constraint,0.999946117401123,True,True,True,True,success,none,,True,0.5831670000002731,0.440333000000237,0,15
original_validation,979ff5cde8af400f,spatial_multi_constraint,original_template,original_template,spatial_multi_constraint,0.999940037727356,True,True,True,True,success,none,,True,0.550791000000217,0.4469999999998642,0,16
original_validation,edba7c145461a85c,spatial_multi_constraint,original_template,original_template,spatial_multi_constraint,0.999946117401123,True,True,True,True,success,none,,True,0.6960409999998696,0.433875000000139,0,15
original_validation,523d5032561c92e8,spatial_multi_constraint,original_template,original_template,spatial_multi_constraint,0.9999421834945679,True,True,True,True,success,none,,True,0.5514159999999713,0.4244579999999054,0,15
original_validation,ed888c101646b839,spatial_multi_constraint,original_template,original_template,spatial_multi_constraint,0.9999430179595947,True,True,True,True,success,none,,True,0.7925000000001958,0.4307079999996688,0,15
original_validation,00b6da464f74af73,spatial_multi_constraint,original_template,original_template,spatial_multi_constraint,0.9999428987503052,True,True,True,True,success,none,,True,0.6039159999997601,0.43737500000018414,0,15
original_validation,d46499aa45dede3c,spatial_multi_constraint,original_template,original_template,spatial_multi_constraint,0.9999436140060425,True,True,True,True,success,none,,True,0.7197080000000966,0.41562500000003055,0,15
original_validation,6fa499ee291f01c5,spatial_multi_constraint,original_template,original_template,spatial_multi_constraint,0.9999469518661499,True,True,True,True,success,none,,True,0.5703329999997564,0.4346250000000218,0,15
original_validation,332dcd7de5abb6e0,spatial_multi_constraint,original_template,original_template,spatial_multi_constraint,0.9999428987503052,True,True,True,True,success,none,,True,0.5575000000002106,0.42625000000029445,0,15
original_validation,fe522262e1167a8b,spatial_multi_constraint,original_template,original_template,spatial_multi_constraint,0.9999428987503052,True,True,True,True,success,none,,True,0.8383329999999134,0.4500000000002835,0,15
original_validation,2a0008f5e28ca39c,spatial_multi_constraint,original_template,original_template,spatial_multi_constraint,0.9999418258666992,True,True,True,True,success,none,,True,0.5916669999996849,0.4285419999998652,0,15
original_validation,5a754a2edc9098fc,spatial_multi_constraint,original_template,original_template,spatial_multi_constraint,0.9999436140060425,True,True,True,True,success,none,,True,0.725624999999841,0.43370799999964404,0,15
original_validation,39c7c394c4c15d3f,spatial_multi_constraint,original_template,original_template,spatial_multi_constraint,0.999940037727356,True,True,True,True,success,none,,True,0.5740000000002965,0.4427920000003027,0,16
original_validation,b3f212ff95cdd5d6,spatial_multi_constraint,original_template,original_template,spatial_multi_constraint,0.9999412298202515,True,True,True,True,success,none,,True,0.5716659999999152,0.4281250000000014,0,15
original_validation,1ecdbe70d1789952,spatial_multi_constraint,original_template,original_template,spatial_multi_constraint,0.9999436140060425,True,True,True,True,success,none,,True,0.5134169999996274,0.4183749999997488,0,15
original_validation,17bbf534fd44275e,spatial_multi_constraint,original_template,original_template,spatial_multi_constraint,0.9999436140060425,True,True,True,True,success,none,,True,0.8849999999998026,0.45670900000027714,0,15
original_validation,ca6793cfe2b37bb4,spatial_multi_constraint,original_template,original_template,spatial_multi_constraint,0.9999467134475708,True,True,True,True,success,none,,True,0.606290999999981,0.43820799999982896,0,15
original_validation,c657b65a49217818,spatial_multi_constraint,original_template,original_template,spatial_multi_constraint,0.9999475479125977,True,True,True,True,success,none,,True,0.7948750000004168,0.43249999999961375,0,15
original_validation,7ca37bb7fd5082dd,spatial_multi_constraint,original_template,original_template,spatial_multi_constraint,0.9999411106109619,True,True,True,True,success,none,,True,0.5820830000002886,0.4230419999999846,0,15
original_validation,6bbfeecc58bd5248,spatial_multi_constraint,original_template,original_template,spatial_multi_constraint,0.9999421834945679,True,True,True,True,success,none,,True,0.5828750000000937,0.42991599999986363,0,15
original_validation,250483236983c3e3,spatial_multi_constraint,original_template,original_template,spatial_multi_constraint,0.999937891960144,True,True,True,True,success,none,,True,0.7467499999997962,0.44616700000021936,0,16
original_validation,b7b2e62fa24dae8c,spatial_multi_constraint,original_template,original_template,spatial_multi_constraint,0.9999436140060425,True,True,True,True,success,none,,True,0.57666600000017,0.4388749999999497,0,15
original_validation,d7ee9fe1e71f407e,spatial_multi_constraint,original_template,original_template,spatial_multi_constraint,0.999937891960144,True,True,True,True,success,none,,True,0.5382499999999624,0.4390420000000006,0,16
original_validation,914a8113796c846c,spatial_multi_constraint,original_template,original_template,spatial_multi_constraint,0.9999417066574097,True,True,True,True,success,none,,True,0.6311249999999546,0.42004200000000935,0,15
original_validation,14ebeea1048dad18,spatial_multi_constraint,original_template,original_template,spatial_multi_constraint,0.9999439716339111,True,True,True,True,success,none,,True,0.5412499999999376,0.42533399999999943,0,15
original_validation,ed5946e76769ff3a,spatial_multi_constraint,original_template,original_template,spatial_multi_constraint,0.999937891960144,True,True,True,True,success,none,,True,0.5642919999999663,0.4348329999999123,0,16
original_validation,79380db459e6210a,spatial_multi_constraint,original_template,original_template,spatial_multi_constraint,0.999937891960144,True,True,True,True,success,none,,True,0.5871250000000217,0.4280420000002394,0,16
original_validation,c5345243a337dac3,spatial_multi_constraint,original_template,original_template,spatial_multi_constraint,0.999937891960144,True,True,True,True,success,none,,True,0.5680420000002684,0.4398750000000895,0,16
original_validation,1751ff726994b3c7,spatial_multi_constraint,original_template,original_template,spatial_multi_constraint,0.9999396800994873,True,True,True,True,success,none,,True,0.5674169999996259,0.44162500000011207,0,16
original_validation,86335920eb62b7c8,spatial_multi_constraint,original_template,original_template,spatial_multi_constraint,0.999937891960144,True,True,True,True,success,none,,True,0.5992090000002115,0.44295799999982677,0,16
core_dev,core-nearest_category-01,nearest_category,natural_msa,L1,nearest_category,0.636778712272644,True,True,True,True,success,none,,True,0.6805000000000838,0.3688749999999352,0,6
core_dev,core-nearest_category-02,nearest_category,natural_msa,L1,two_hop_nearest,0.34192392230033875,False,False,False,False,invalid_query,intent,two_category_slot_count,True,0.4167919999997771,0.26916699999990357,2,7
core_dev,core-nearest_category-03,nearest_category,natural_msa,L1,two_hop_nearest,0.8249047994613647,False,False,False,False,invalid_query,intent,two_category_slot_count,True,0.3526670000000287,0.33549999999982205,4,11
core_dev,core-nearest_category-05,nearest_category,natural_msa,L1,nearest_of_two_categories,0.562347412109375,False,False,False,False,invalid_query,intent,two_category_slot_count,True,0.476958999999777,0.28504200000023516,2,7
core_dev,core-nearest_category-06,nearest_category,natural_msa,L1,nearest_of_two_categories,0.8921528458595276,False,False,False,False,invalid_query,intent,two_category_slot_count,True,0.4453749999999701,0.3801669999998758,3,12
core_dev,core-nearest_category-08,nearest_category,natural_msa,L1,closer_of_two,0.8963811993598938,False,False,False,False,invalid_query,intent,wrong_named_target_count,True,0.23283300000009888,0.20275000000014032,3,10
core_dev,core-nearest_category-09,nearest_category,natural_msa,L3,two_hop_nearest,0.7968204021453857,False,False,False,False,invalid_query,intent,two_category_slot_count,True,0.6411659999998598,0.38704199999983757,6,11
core_dev,core-nearest_category-11,nearest_category,natural_msa,L3,cardinal_direction,0.5932540893554688,False,False,False,False,invalid_query,intent,wrong_named_target_count,True,0.34429199999985727,0.22533299999993872,2,11
core_dev,core-nearest_category-13,nearest_category,natural_msa,L4,nearest_of_two_categories,0.5114127397537231,False,False,False,False,invalid_query,intent,two_category_slot_count,True,0.5629170000003292,0.30837499999991635,2,9
core_dev,core-nearest_category-15,nearest_category,natural_msa,L4,two_hop_nearest,0.627155601978302,False,False,False,False,invalid_query,intent,two_category_slot_count,True,0.3983750000000619,0.38158400000032344,7,14
core_dev,core-nearest_category-17,nearest_category,conversational,L2,two_hop_nearest,0.8698917627334595,False,False,False,False,invalid_query,intent,two_category_slot_count,True,0.31508300000027134,0.26679100000004397,3,8
core_dev,core-nearest_category-18,nearest_category,conversational,L2,two_hop_nearest,0.5317125916481018,False,False,False,False,invalid_query,intent,two_category_slot_count,True,0.29250000000002885,0.263416999999766,3,8
core_dev,core-nearest_category-20,nearest_category,conversational,L2,two_hop_nearest,0.4539623260498047,False,False,False,False,invalid_query,intent,two_category_slot_count,True,0.577374999999769,0.3399159999997181,4,10
core_dev,core-nearest_category-21,nearest_category,conversational,L2,two_hop_nearest,0.5319206714630127,False,False,False,False,invalid_query,intent,two_category_slot_count,True,0.5741249999999809,0.3377499999999145,5,11
core_dev,core-nearest_category-23,nearest_category,conversational,L2,two_hop_nearest,0.8582044839859009,False,False,False,False,invalid_query,intent,two_category_slot_count,True,0.36775000000011104,0.3432919999997175,4,12
core_dev,core-nearest_category-25,nearest_category,conversational,L3,nearest_of_two_categories,0.44727829098701477,False,False,False,False,invalid_query,intent,two_category_slot_count,True,0.5595829999998081,0.3360419999998143,4,10
core_dev,core-nearest_category-27,nearest_category,conversational,L3,nearest_of_two_categories,0.3764497637748718,False,False,False,False,invalid_query,intent,two_category_slot_count,True,0.4506250000000378,0.301957999999658,3,9
core_dev,core-nearest_category-29,nearest_category,light_saudi,L1,cardinal_direction,0.31437912583351135,False,False,False,False,invalid_query,intent,wrong_named_target_count,True,0.4130419999999191,0.18066699999996771,1,6
core_dev,core-nearest_category-30,nearest_category,light_saudi,L1,two_hop_nearest,0.9049068689346313,False,False,False,False,invalid_query,intent,two_category_slot_count,True,0.29787500000022504,0.2649159999998929,3,8
core_dev,core-nearest_category-32,nearest_category,light_saudi,L1,two_hop_nearest,0.8599311709403992,False,False,False,False,invalid_query,intent,two_category_slot_count,True,0.6115410000000487,0.3195840000000949,5,10
core_dev,core-nearest_category-33,nearest_category,light_saudi,L2,two_hop_nearest,0.6952288746833801,False,False,False,False,invalid_query,intent,two_category_slot_count,True,0.36274999999985624,0.30591600000029473,4,9
core_dev,core-nearest_category-35,nearest_category,light_saudi,L2,nearest_of_two_categories,0.4081015884876251,False,False,False,False,invalid_query,intent,two_category_slot_count,True,0.5271250000000727,0.29141700000012705,2,8
core_dev,core-nearest_category-37,nearest_category,indirect_compositional,L4,two_hop_nearest,0.9559084177017212,False,False,False,False,invalid_query,intent,two_category_slot_count,True,0.7167919999999661,0.4642920000001993,7,17
core_dev,core-nearest_category-39,nearest_category,indirect_compositional,L4,two_hop_nearest,0.6842791438102722,False,False,False,False,invalid_query,intent,two_category_slot_count,True,0.6300829999998925,0.4721249999999344,9,17
core_dev,core-cardinal_direction-01,cardinal_direction,natural_msa,L1,cardinal_direction,0.9968844056129456,True,True,True,True,success,none,,True,0.34779100000026375,0.2822920000000728,1,8
core_dev,core-cardinal_direction-02,cardinal_direction,natural_msa,L1,cardinal_direction,0.9863357543945312,True,True,True,True,success,none,,True,0.351084000000057,0.2910410000001029,0,7
core_dev,core-cardinal_direction-03,cardinal_direction,natural_msa,L1,two_hop_nearest,0.6556046009063721,False,False,False,False,invalid_query,intent,two_category_slot_count,True,0.34820799999968344,0.3364590000001222,6,11
core_dev,core-cardinal_direction-05,cardinal_direction,natural_msa,L1,two_hop_nearest,0.5099349021911621,False,False,False,False,invalid_query,intent,two_category_slot_count,True,0.30458300000013594,0.2932920000002781,3,8
core_dev,core-cardinal_direction-06,cardinal_direction,natural_msa,L1,closer_of_two,0.4519689679145813,False,False,False,False,invalid_query,intent,wrong_named_target_count,True,0.5085409999998625,0.2309999999998702,3,11
core_dev,core-cardinal_direction-08,cardinal_direction,natural_msa,L1,cardinal_direction,0.2588629126548767,True,True,True,True,success,none,,True,0.4619169999999784,0.35358299999987963,3,12
core_dev,core-cardinal_direction-09,cardinal_direction,natural_msa,L3,cardinal_direction,0.4518137574195862,True,True,True,True,success,none,,True,0.42520899999987094,0.3507909999997949,6,11
core_dev,core-cardinal_direction-11,cardinal_direction,natural_msa,L3,closer_of_two,0.650905191898346,False,False,False,False,invalid_query,intent,wrong_named_target_count,True,0.39583299999979005,0.19916699999988907,5,9
core_dev,core-cardinal_direction-13,cardinal_direction,natural_msa,L4,two_hop_nearest,0.43566304445266724,False,False,False,False,invalid_query,intent,two_category_slot_count,True,0.4487909999997264,0.35158300000004417,7,12
core_dev,core-cardinal_direction-15,cardinal_direction,natural_msa,L4,two_hop_nearest,0.48589685559272766,False,False,False,False,invalid_query,intent,two_category_slot_count,True,0.505624999999732,0.41045800000016897,10,14
core_dev,core-cardinal_direction-17,cardinal_direction,conversational,L2,cardinal_direction,0.9438084363937378,True,True,True,True,success,none,,True,0.6425420000000237,0.27504200000016965,1,7
core_dev,core-cardinal_direction-18,cardinal_direction,conversational,L2,two_hop_nearest,0.6387715935707092,False,False,False,False,invalid_query,intent,two_category_slot_count,True,0.4346250000000218,0.3690000000000637,5,11
core_dev,core-cardinal_direction-20,cardinal_direction,conversational,L2,two_hop_nearest,0.40659090876579285,False,False,False,False,invalid_query,intent,two_category_slot_count,True,0.29908300000025534,0.2788749999997897,5,8
core_dev,core-cardinal_direction-21,cardinal_direction,conversational,L2,cardinal_direction,0.8130908608436584,True,True,True,True,success,none,,True,0.3890420000001171,0.31475000000025233,3,8
core_dev,core-cardinal_direction-23,cardinal_direction,conversational,L2,two_hop_nearest,0.6709657311439514,False,False,False,False,invalid_query,intent,two_category_slot_count,True,0.44054200000021027,0.341875000000158,5,10
core_dev,core-cardinal_direction-25,cardinal_direction,conversational,L3,two_hop_nearest,0.8842599391937256,False,False,False,False,invalid_query,intent,two_category_slot_count,True,0.4977500000000745,0.44041599999999903,7,15
core_dev,core-cardinal_direction-27,cardinal_direction,conversational,L3,closer_of_two,0.558342456817627,False,False,False,False,invalid_query,intent,wrong_named_target_count,True,0.32575000000001353,0.24145800000008322,5,11
core_dev,core-cardinal_direction-29,cardinal_direction,light_saudi,L1,closer_of_two,0.33476221561431885,False,False,False,False,invalid_query,intent,wrong_named_target_count,True,0.15966600000005826,0.14799999999981495,2,6
core_dev,core-cardinal_direction-30,cardinal_direction,light_saudi,L1,two_hop_nearest,0.6191318035125732,False,False,False,False,invalid_query,intent,two_category_slot_count,True,0.48133300000019474,0.3012080000002193,5,9
core_dev,core-cardinal_direction-32,cardinal_direction,light_saudi,L1,two_hop_nearest,0.5569280385971069,False,False,False,False,invalid_query,intent,two_category_slot_count,True,0.6102920000001788,0.3720830000002451,8,12
core_dev,core-cardinal_direction-33,cardinal_direction,light_saudi,L2,two_hop_nearest,0.4382198750972748,False,False,False,False,invalid_query,intent,two_category_slot_count,True,0.3069999999998352,0.27995900000021834,4,8
core_dev,core-cardinal_direction-35,cardinal_direction,light_saudi,L2,two_hop_nearest,0.6180542707443237,False,False,False,False,invalid_query,intent,two_category_slot_count,True,0.5097499999999755,0.3502499999998854,5,10
core_dev,core-cardinal_direction-37,cardinal_direction,indirect_compositional,L4,two_hop_nearest,0.4067237079143524,False,False,False,False,invalid_query,intent,two_category_slot_count,True,0.47670799999988134,0.4610000000000447,11,18
core_dev,core-cardinal_direction-39,cardinal_direction,indirect_compositional,L4,two_hop_nearest,0.9481240510940552,False,False,False,False,invalid_query,intent,two_category_slot_count,True,0.687832999999749,0.44883299999964876,9,18
core_dev,core-within_radius_yes_no-01,within_radius_yes_no,natural_msa,L1,within_radius_yes_no,0.46977922320365906,True,True,True,True,success,none,,True,0.7412499999999156,0.4078749999996134,4,12
core_dev,core-within_radius_yes_no-02,within_radius_yes_no,natural_msa,L1,within_radius_yes_no,0.5060397386550903,True,True,True,True,success,none,,True,0.6927079999998753,0.33050000000001134,3,8
core_dev,core-within_radius_yes_no-03,within_radius_yes_no,natural_msa,L1,spatial_multi_constraint,0.8646692633628845,False,False,False,False,invalid_query,intent,direction_slot_count,True,0.40608299999966846,0.3923750000001114,5,13
core_dev,core-within_radius_yes_no-05,within_radius_yes_no,natural_msa,L1,two_hop_nearest,0.5304937958717346,False,False,False,False,invalid_query,intent,two_category_slot_count,True,0.43308300000033384,0.37533400000011596,3,13
core_dev,core-within_radius_yes_no-06,within_radius_yes_no,natural_msa,L1,closer_of_two,0.4655234217643738,False,False,False,False,invalid_query,intent,wrong_named_target_count,True,0.3812500000002217,0.2564170000001198,6,14
core_dev,core-within_radius_yes_no-08,within_radius_yes_no,natural_msa,L1,within_radius_yes_no,0.46778470277786255,True,True,True,True,success,none,,True,0.49766600000022976,0.42104200000014913,7,14
core_dev,core-within_radius_yes_no-09,within_radius_yes_no,natural_msa,L3,two_hop_nearest,0.3108803629875183,False,False,False,False,invalid_query,intent,two_category_slot_count,True,0.695249999999703,0.40879199999999116,5,15
core_dev,core-within_radius_yes_no-11,within_radius_yes_no,natural_msa,L3,two_hop_nearest,0.7812789678573608,False,False,False,False,invalid_query,intent,two_category_slot_count,True,0.576415999999913,0.35241600000013307,4,12
core_dev,core-within_radius_yes_no-13,within_radius_yes_no,natural_msa,L4,two_hop_nearest,0.7749342918395996,False,False,False,False,invalid_query,intent,two_category_slot_count,True,0.6644580000001454,0.4094580000000292,8,15
core_dev,core-within_radius_yes_no-15,within_radius_yes_no,natural_msa,L4,spatial_multi_constraint,0.7429426908493042,False,False,False,False,invalid_query,intent,direction_slot_count,True,0.7464170000002213,0.5066249999998718,9,19
core_dev,core-within_radius_yes_no-17,within_radius_yes_no,conversational,L2,spatial_multi_constraint,0.45876699686050415,False,False,False,False,invalid_query,intent,direction_slot_count,True,0.40583299999985556,0.3544579999998909,3,9
core_dev,core-within_radius_yes_no-18,within_radius_yes_no,conversational,L2,two_hop_nearest,0.8200986385345459,False,False,False,False,invalid_query,intent,two_category_slot_count,True,0.7546669999998201,0.4950829999996742,7,13
core_dev,core-within_radius_yes_no-20,within_radius_yes_no,conversational,L2,two_hop_nearest,0.42474791407585144,False,False,False,False,invalid_query,intent,two_category_slot_count,True,0.4490420000000661,0.3922499999999829,8,15
core_dev,core-within_radius_yes_no-21,within_radius_yes_no,conversational,L2,two_hop_nearest,0.4790322184562683,False,False,False,False,invalid_query,intent,two_category_slot_count,True,0.5808749999998142,0.3218330000001046,3,11
core_dev,core-within_radius_yes_no-23,within_radius_yes_no,conversational,L2,two_hop_nearest,0.7321955561637878,False,False,False,False,invalid_query,intent,two_category_slot_count,True,0.6379170000001544,0.3462920000001368,4,11
core_dev,core-within_radius_yes_no-25,within_radius_yes_no,conversational,L3,spatial_multi_constraint,0.5080409049987793,False,False,False,False,invalid_query,intent,direction_slot_count,True,0.7064590000003257,0.4632909999999768,8,17
core_dev,core-within_radius_yes_no-27,within_radius_yes_no,conversational,L3,closer_of_two,0.863376796245575,False,False,False,False,invalid_query,intent,wrong_named_target_count,True,0.3161669999998118,0.29045900000035374,7,17
core_dev,core-within_radius_yes_no-29,within_radius_yes_no,light_saudi,L1,spatial_multi_constraint,0.6204596161842346,False,False,False,False,invalid_query,intent,direction_slot_count,True,0.39400000000000546,0.34199999999984243,3,9
core_dev,core-within_radius_yes_no-30,within_radius_yes_no,light_saudi,L1,two_hop_nearest,0.7811442613601685,False,False,False,False,invalid_query,intent,two_category_slot_count,True,0.6052500000000016,0.37629199999988927,7,13
core_dev,core-within_radius_yes_no-32,within_radius_yes_no,light_saudi,L1,two_hop_nearest,0.7978714108467102,False,False,False,False,invalid_query,intent,two_category_slot_count,True,0.5887919999998381,0.36299999999966914,8,12
core_dev,core-within_radius_yes_no-33,within_radius_yes_no,light_saudi,L2,two_hop_nearest,0.7107906937599182,False,False,False,False,invalid_query,intent,two_category_slot_count,True,0.44174999999979647,0.39608300000004704,5,13
core_dev,core-within_radius_yes_no-35,within_radius_yes_no,light_saudi,L2,two_hop_nearest,0.4217439591884613,False,False,False,False,invalid_query,intent,two_category_slot_count,True,0.36820800000025855,0.34579200000006693,4,11
core_dev,core-within_radius_yes_no-37,within_radius_yes_no,indirect_compositional,L4,two_hop_nearest,0.9382330775260925,False,False,False,False,invalid_query,intent,two_category_slot_count,True,0.573542000000149,0.5561670000000518,13,24
core_dev,core-within_radius_yes_no-39,within_radius_yes_no,indirect_compositional,L4,two_hop_nearest,0.5778958797454834,False,False,False,False,invalid_query,intent,two_category_slot_count,True,0.7040419999997383,0.6637920000001074,16,31
core_dev,core-closer_of_two-01,closer_of_two,natural_msa,L1,nearest_of_two_categories,0.4759344160556793,False,False,False,False,invalid_query,intent,two_category_slot_count,True,0.4800839999998807,0.33095799999971476,0,9
core_dev,core-closer_of_two-02,closer_of_two,natural_msa,L1,two_hop_nearest,0.49796777963638306,False,False,False,False,invalid_query,intent,two_category_slot_count,True,0.5208329999999428,0.38133400000006645,1,12
core_dev,core-closer_of_two-03,closer_of_two,natural_msa,L1,closer_of_two,0.9996918439865112,True,True,True,True,success,none,,True,0.5077909999999797,0.3737090000002219,4,11
core_dev,core-closer_of_two-05,closer_of_two,natural_msa,L1,two_hop_nearest,0.621819794178009,False,False,False,False,invalid_query,intent,two_category_slot_count,True,0.6645839999999126,0.43750000000031264,5,15
core_dev,core-closer_of_two-06,closer_of_two,natural_msa,L1,nearest_of_two_categories,0.6669808626174927,False,False,False,False,invalid_query,intent,two_category_slot_count,True,0.6457079999999671,0.38412499999962435,2,11
core_dev,core-closer_of_two-08,closer_of_two,natural_msa,L1,cardinal_direction,0.8155120611190796,False,False,False,False,invalid_query,intent,wrong_named_target_count,True,0.46791699999992886,0.2508749999998727,6,13
core_dev,core-closer_of_two-09,closer_of_two,natural_msa,L3,two_hop_nearest,0.892522394657135,False,False,False,False,invalid_query,intent,two_category_slot_count,True,0.7545420000001357,0.4457500000003556,3,13
core_dev,core-closer_of_two-11,closer_of_two,natural_msa,L3,two_hop_nearest,0.8841663002967834,False,False,False,False,invalid_query,intent,two_category_slot_count,True,0.5116250000001266,0.42004200000000935,4,12
core_dev,core-closer_of_two-13,closer_of_two,natural_msa,L4,closer_of_two,0.8697614073753357,True,True,True,True,success,none,,True,0.5524579999995893,0.44175000000024056,6,16
core_dev,core-closer_of_two-15,closer_of_two,natural_msa,L4,two_hop_nearest,0.8237869143486023,False,False,False,False,invalid_query,intent,two_category_slot_count,True,0.6013750000000151,0.4120840000001458,5,14
core_dev,core-closer_of_two-17,closer_of_two,conversational,L2,closer_of_two,0.4567442536354065,True,True,True,True,success,none,,True,0.48633300000000546,0.3757079999999746,5,12
core_dev,core-closer_of_two-18,closer_of_two,conversational,L2,cardinal_direction,0.8579309582710266,False,False,False,False,invalid_query,intent,wrong_named_target_count,True,0.48779099999984865,0.22454100000013355,2,10
core_dev,core-closer_of_two-20,closer_of_two,conversational,L2,two_hop_nearest,0.7305272221565247,False,False,False,False,invalid_query,intent,two_category_slot_count,True,0.3697499999999465,0.3530840000003366,5,11
core_dev,core-closer_of_two-21,closer_of_two,conversational,L2,two_hop_nearest,0.4030299484729767,False,False,False,False,invalid_query,intent,two_category_slot_count,True,0.4414580000000612,0.39512500000027373,3,10
core_dev,core-closer_of_two-23,closer_of_two,conversational,L2,two_hop_nearest,0.4366587698459625,False,False,False,False,invalid_query,intent,two_category_slot_count,True,0.5901249999999969,0.371749999999782,5,11
core_dev,core-closer_of_two-25,closer_of_two,conversational,L3,two_hop_nearest,0.8148348331451416,False,False,False,False,invalid_query,intent,two_category_slot_count,True,0.5379159999998606,0.4404579999999214,7,16
core_dev,core-closer_of_two-27,closer_of_two,conversational,L3,nearest_of_two_categories,0.508332371711731,False,False,False,False,invalid_query,intent,two_category_slot_count,True,0.4725000000003199,0.4170000000001117,5,13
core_dev,core-closer_of_two-29,closer_of_two,light_saudi,L1,closer_of_two,0.4847760796546936,True,True,True,True,success,none,,True,0.43508399999980796,0.3317090000001244,2,9
core_dev,core-closer_of_two-30,closer_of_two,light_saudi,L1,two_hop_nearest,0.47920694947242737,False,False,False,False,invalid_query,intent,two_category_slot_count,True,0.3988330000002094,0.36587499999996,4,10
core_dev,core-closer_of_two-32,closer_of_two,light_saudi,L1,closer_of_two,0.4676230847835541,True,True,True,True,success,none,,True,0.4860419999999088,0.36345800000026074,6,12
core_dev,core-closer_of_two-33,closer_of_two,light_saudi,L2,cardinal_direction,0.5815109610557556,False,False,False,False,invalid_query,intent,wrong_named_target_count,True,0.21899999999996922,0.20154199999966593,2,10
core_dev,core-closer_of_two-35,closer_of_two,light_saudi,L2,closer_of_two,0.49621066451072693,True,True,True,True,success,none,,True,0.628959000000151,0.331667000000202,3,9
core_dev,core-closer_of_two-37,closer_of_two,indirect_compositional,L4,two_hop_nearest,0.8667522072792053,False,False,False,False,invalid_query,intent,two_category_slot_count,True,0.6573329999999267,0.4822920000000508,10,18
core_dev,core-closer_of_two-39,closer_of_two,indirect_compositional,L4,two_hop_nearest,0.6178231835365295,False,False,False,False,invalid_query,intent,two_category_slot_count,True,0.6912080000001097,0.4527090000001621,7,15
core_dev,core-count_within_radius-01,count_within_radius,natural_msa,L1,spatial_multi_constraint,0.8403609395027161,False,False,False,False,invalid_query,intent,origin_not_explicit,True,0.48133299999975065,0.24058300000007193,1,9
core_dev,core-count_within_radius-02,count_within_radius,natural_msa,L1,count_within_radius,0.632880687713623,True,True,True,True,success,none,,True,0.5781670000000183,0.3735839999996493,6,10
core_dev,core-count_within_radius-03,count_within_radius,natural_msa,L1,two_hop_nearest,0.7041575312614441,False,False,False,False,invalid_query,intent,origin_not_explicit,True,0.5511250000003187,0.27187500000014353,5,14
core_dev,core-count_within_radius-05,count_within_radius,natural_msa,L1,nearest_of_two_categories,0.4868689477443695,False,False,False,False,invalid_query,intent,origin_not_explicit,True,0.4847080000001114,0.2508749999998727,7,13
core_dev,core-count_within_radius-06,count_within_radius,natural_msa,L1,two_hop_nearest,0.8673958778381348,False,False,False,False,invalid_query,intent,origin_not_explicit,True,0.4304579999998559,0.24216700000012636,7,13
core_dev,core-count_within_radius-08,count_within_radius,natural_msa,L1,two_hop_nearest,0.8020548224449158,False,False,False,False,invalid_query,intent,origin_not_explicit,True,0.42737500000011863,0.20604199999985084,4,10
core_dev,core-count_within_radius-09,count_within_radius,natural_msa,L3,spatial_multi_constraint,0.31463634967803955,False,False,False,False,invalid_query,intent,origin_not_explicit,True,0.31837499999998187,0.24462499999966525,3,13
core_dev,core-count_within_radius-11,count_within_radius,natural_msa,L3,two_hop_nearest,0.8718633651733398,False,False,False,False,invalid_query,intent,origin_not_explicit,True,0.6848330000002179,0.23508399999982998,4,12
core_dev,core-count_within_radius-13,count_within_radius,natural_msa,L4,two_hop_nearest,0.7273316979408264,False,False,False,False,invalid_query,intent,origin_not_explicit,True,0.49029200000028084,0.2850419999997911,10,16
core_dev,core-count_within_radius-15,count_within_radius,natural_msa,L4,two_hop_nearest,0.8189528584480286,False,False,False,False,invalid_query,intent,origin_not_explicit,True,0.34149999999977254,0.31204200000001237,9,18
core_dev,core-count_within_radius-17,count_within_radius,conversational,L2,spatial_multi_constraint,0.7153351306915283,False,False,False,False,invalid_query,intent,origin_not_explicit,True,0.36787500000023954,0.20549999999985857,3,10
core_dev,core-count_within_radius-18,count_within_radius,conversational,L2,two_hop_nearest,0.8405179381370544,False,False,False,False,invalid_query,intent,origin_not_explicit,True,0.5371250000001382,0.24537499999999213,7,13
core_dev,core-count_within_radius-20,count_within_radius,conversational,L2,two_hop_nearest,0.9399247169494629,False,False,False,False,invalid_query,intent,origin_not_explicit,True,0.23737500000020617,0.21154199999973144,6,11
core_dev,core-count_within_radius-21,count_within_radius,conversational,L2,nearest_of_two_categories,0.4440062940120697,False,False,False,False,invalid_query,intent,origin_not_explicit,True,0.4210840000000715,0.20933299999992272,4,10
core_dev,core-count_within_radius-23,count_within_radius,conversational,L2,count_within_radius,0.4292930066585541,True,True,True,True,success,none,,True,0.47974999999977896,0.3899169999996843,7,13
core_dev,core-count_within_radius-25,count_within_radius,conversational,L3,spatial_multi_constraint,0.6842446327209473,False,False,False,False,invalid_query,intent,origin_not_explicit,True,0.3198339999999078,0.2597079999997476,5,14
core_dev,core-count_within_radius-27,count_within_radius,conversational,L3,two_hop_nearest,0.6980570554733276,False,False,False,False,invalid_query,intent,origin_not_explicit,True,0.47170900000015337,0.24670800000015092,6,13
core_dev,core-count_within_radius-29,count_within_radius,light_saudi,L1,spatial_multi_constraint,0.4292808175086975,False,False,False,False,invalid_query,intent,origin_not_explicit,True,0.24004100000007966,0.20587500000024406,3,10
core_dev,core-count_within_radius-30,count_within_radius,light_saudi,L1,nearest_of_two_categories,0.41540902853012085,False,False,False,False,invalid_query,intent,origin_not_explicit,True,0.24679199999999568,0.21037499999998488,6,11
core_dev,core-count_within_radius-32,count_within_radius,light_saudi,L1,closer_of_two,0.40457969903945923,False,False,False,False,invalid_query,intent,origin_not_explicit,True,0.2742499999999204,0.20433400000019475,5,10
core_dev,core-count_within_radius-33,count_within_radius,light_saudi,L2,nearest_of_two_categories,0.445980429649353,False,False,False,False,invalid_query,intent,origin_not_explicit,True,0.3919579999998035,0.23233400000011173,6,12
core_dev,core-count_within_radius-35,count_within_radius,light_saudi,L2,spatial_multi_constraint,0.4544537365436554,False,False,False,False,invalid_query,intent,origin_not_explicit,True,0.2672089999999905,0.2301669999997813,5,12
core_dev,core-count_within_radius-37,count_within_radius,indirect_compositional,L4,spatial_multi_constraint,0.6333839893341064,False,False,False,False,invalid_query,intent,origin_not_explicit,True,0.5173339999999804,0.28116699999980455,7,15
core_dev,core-count_within_radius-39,count_within_radius,indirect_compositional,L4,count_within_radius,0.36235955357551575,True,True,True,True,success,none,,True,0.8580000000000254,0.5195420000001505,12,19
core_dev,core-nearest_of_two_categories-01,nearest_of_two_categories,natural_msa,L1,nearest_of_two_categories,0.9986543655395508,True,True,True,True,success,none,,True,0.6995839999999198,0.40591600000006167,2,15
core_dev,core-nearest_of_two_categories-02,nearest_of_two_categories,natural_msa,L1,nearest_category,0.8663734197616577,False,False,False,False,invalid_query,intent,category_slot_count,True,0.5473750000000166,0.3687920000001732,3,11
core_dev,core-nearest_of_two_categories-03,nearest_of_two_categories,natural_msa,L1,two_hop_nearest,0.7378973364830017,False,False,True,False,success,intent,,True,0.9333329999998696,0.51083399999996,7,14
core_dev,core-nearest_of_two_categories-05,nearest_of_two_categories,natural_msa,L1,closer_of_two,0.789976179599762,False,False,False,False,invalid_query,intent,wrong_named_target_count,True,0.5666249999998207,0.2817079999997141,8,15
core_dev,core-nearest_of_two_categories-06,nearest_of_two_categories,natural_msa,L1,cardinal_direction,0.42449119687080383,False,False,False,False,invalid_query,intent,wrong_named_target_count,True,0.47254100000015953,0.2255830000001957,2,11
core_dev,core-nearest_of_two_categories-08,nearest_of_two_categories,natural_msa,L1,nearest_category,0.912030041217804,False,False,False,False,invalid_query,intent,category_slot_count,True,0.6683750000000543,0.38716699999996607,3,14
core_dev,core-nearest_of_two_categories-09,nearest_of_two_categories,natural_msa,L3,nearest_of_two_categories,0.8597684502601624,True,True,True,True,success,none,,True,0.5873749999998346,0.39337500000025116,5,14
core_dev,core-nearest_of_two_categories-11,nearest_of_two_categories,natural_msa,L3,two_hop_nearest,0.7750691771507263,False,False,True,False,success,intent,,True,0.6270420000000776,0.48533300000030977,7,18
core_dev,core-nearest_of_two_categories-13,nearest_of_two_categories,natural_msa,L4,nearest_of_two_categories,0.9086722731590271,True,True,True,True,success,none,,True,0.9339590000001508,0.511749999999811,7,20
core_dev,core-nearest_of_two_categories-15,nearest_of_two_categories,natural_msa,L4,two_hop_nearest,0.9333695769309998,False,False,True,False,success,intent,,True,0.6005410000002875,0.45775000000025656,9,15
core_dev,core-nearest_of_two_categories-17,nearest_of_two_categories,conversational,L2,two_hop_nearest,0.6277549266815186,False,False,True,False,success,intent,,True,0.6902920000002588,0.4122499999996698,3,14
core_dev,core-nearest_of_two_categories-18,nearest_of_two_categories,conversational,L2,two_hop_nearest,0.823936402797699,False,False,True,False,success,intent,,True,0.508332999999972,0.4007500000002828,8,14
core_dev,core-nearest_of_two_categories-20,nearest_of_two_categories,conversational,L2,nearest_of_two_categories,0.48304495215415955,True,True,True,True,success,none,,True,0.7612909999998863,0.3964999999999108,4,13
core_dev,core-nearest_of_two_categories-21,nearest_of_two_categories,conversational,L2,two_hop_nearest,0.47480571269989014,False,False,True,False,success,intent,,True,0.7123749999999873,0.3989580000003379,6,14
core_dev,core-nearest_of_two_categories-23,nearest_of_two_categories,conversational,L2,two_hop_nearest,0.5947055220603943,False,False,True,True,success,none,,True,0.7004170000000087,0.382541000000014,7,12
core_dev,core-nearest_of_two_categories-25,nearest_of_two_categories,conversational,L3,nearest_of_two_categories,0.6870014667510986,True,True,True,True,success,none,,True,0.7590410000002379,0.490207999999992,8,21
core_dev,core-nearest_of_two_categories-27,nearest_of_two_categories,conversational,L3,two_hop_nearest,0.6096751093864441,False,False,True,False,success,intent,,True,0.7369999999999877,0.3812919999997,7,12
core_dev,core-nearest_of_two_categories-29,nearest_of_two_categories,light_saudi,L1,two_hop_nearest,0.5758739709854126,False,False,True,False,success,intent,,True,0.4945830000000484,0.36858299999975586,3,13
core_dev,core-nearest_of_two_categories-30,nearest_of_two_categories,light_saudi,L1,two_hop_nearest,0.7026882767677307,False,False,True,True,success,none,,True,0.7514580000003157,0.4333750000000691,5,15
core_dev,core-nearest_of_two_categories-32,nearest_of_two_categories,light_saudi,L1,two_hop_nearest,0.8804347515106201,False,False,True,True,success,none,,True,0.6609580000001003,0.40633299999992545,7,14
core_dev,core-nearest_of_two_categories-33,nearest_of_two_categories,light_saudi,L2,two_hop_nearest,0.5808926224708557,False,False,True,False,success,intent,,True,0.7163329999997359,0.39424999999981836,4,13
core_dev,core-nearest_of_two_categories-35,nearest_of_two_categories,light_saudi,L2,two_hop_nearest,0.973036527633667,False,False,True,False,success,intent,,True,0.513291999999943,0.38399999999993994,3,13
core_dev,core-nearest_of_two_categories-37,nearest_of_two_categories,indirect_compositional,L4,nearest_of_two_categories,0.8129892349243164,True,True,True,True,success,none,,True,0.7145419999998737,0.5500830000002566,8,22
core_dev,core-nearest_of_two_categories-39,nearest_of_two_categories,indirect_compositional,L4,two_hop_nearest,0.37987157702445984,False,False,True,False,success,intent,,True,1.1405409999998284,0.8667080000002159,11,21
core_dev,core-two_hop_nearest-01,two_hop_nearest,natural_msa,L1,closer_of_two,0.4943230152130127,False,False,False,False,invalid_query,intent,wrong_named_target_count,True,0.2478329999999751,0.2086250000004064,0,10
core_dev,core-two_hop_nearest-02,two_hop_nearest,natural_msa,L1,two_hop_nearest,0.9680942296981812,True,True,True,True,success,none,,True,0.7667919999998496,0.5159169999999769,7,20
core_dev,core-two_hop_nearest-03,two_hop_nearest,natural_msa,L1,nearest_of_two_categories,0.4938971996307373,False,False,True,False,success,intent,,True,0.6464579999998499,0.38204200000002686,4,14
core_dev,core-two_hop_nearest-05,two_hop_nearest,natural_msa,L1,two_hop_nearest,0.4463082551956177,True,True,True,True,success,none,,True,0.5819580000001601,0.38908299999995677,2,14
core_dev,core-two_hop_nearest-06,two_hop_nearest,natural_msa,L1,closer_of_two,0.7815531492233276,False,False,False,False,invalid_query,intent,wrong_named_target_count,True,0.3159169999999989,0.22658399999997414,1,12
core_dev,core-two_hop_nearest-08,two_hop_nearest,natural_msa,L1,two_hop_nearest,0.8482065796852112,True,False,True,False,success,structured_query,,True,0.7630000000000692,0.48954199999995396,7,19
core_dev,core-two_hop_nearest-09,two_hop_nearest,natural_msa,L3,two_hop_nearest,0.7741879224777222,True,True,True,True,success,none,,True,0.9381249999997898,0.4557919999998994,4,14
core_dev,core-two_hop_nearest-11,two_hop_nearest,natural_msa,L3,closer_of_two,0.5071460008621216,False,False,False,False,invalid_query,intent,wrong_named_target_count,True,0.5734159999999378,0.27741599999986377,3,14
core_dev,core-two_hop_nearest-13,two_hop_nearest,natural_msa,L4,two_hop_nearest,0.43782806396484375,True,False,True,False,success,structured_query,,True,0.8975000000002176,0.5274590000001744,4,19
core_dev,core-two_hop_nearest-15,two_hop_nearest,natural_msa,L4,two_hop_nearest,0.933769166469574,True,True,True,True,success,none,,True,0.8192920000000825,0.5501670000001013,11,22
core_dev,core-two_hop_nearest-17,two_hop_nearest,conversational,L2,two_hop_nearest,0.8323101997375488,True,True,True,True,success,none,,True,0.8127080000002174,0.46970800000023516,9,17
core_dev,core-two_hop_nearest-18,two_hop_nearest,conversational,L2,two_hop_nearest,0.3557738959789276,True,True,True,True,success,none,,True,0.7661250000001729,0.37920800000001975,2,12
core_dev,core-two_hop_nearest-20,two_hop_nearest,conversational,L2,two_hop_nearest,0.6101176738739014,True,True,True,True,success,none,,True,0.7839160000000511,0.40437500000001236,5,14
core_dev,core-two_hop_nearest-21,two_hop_nearest,conversational,L2,two_hop_nearest,0.7668086886405945,True,True,True,True,success,none,,True,0.7812499999997335,0.4207080000000474,5,15
core_dev,core-two_hop_nearest-23,two_hop_nearest,conversational,L2,nearest_of_two_categories,0.6993622183799744,False,False,True,False,success,intent,,True,0.7340409999998521,0.39437499999994685,5,14
core_dev,core-two_hop_nearest-25,two_hop_nearest,conversational,L3,nearest_of_two_categories,0.4907236099243164,False,False,True,False,success,intent,,True,0.8814580000002792,0.5443329999996749,8,24
core_dev,core-two_hop_nearest-27,two_hop_nearest,conversational,L3,nearest_of_two_categories,0.5049208402633667,False,False,True,False,success,intent,,True,0.8117079999996335,0.436958999999959,9,17
core_dev,core-two_hop_nearest-29,two_hop_nearest,light_saudi,L1,two_hop_nearest,0.9674295783042908,True,True,True,True,success,none,,True,0.8443750000002304,0.38462499999969424,5,12
core_dev,core-two_hop_nearest-30,two_hop_nearest,light_saudi,L1,nearest_of_two_categories,0.659789502620697,False,False,True,False,success,intent,,True,0.679166999999925,0.3580409999996981,2,11
core_dev,core-two_hop_nearest-32,two_hop_nearest,light_saudi,L1,two_hop_nearest,0.9249272346496582,True,True,True,True,success,none,,True,0.7496670000000094,0.46837500000007637,7,18
core_dev,core-two_hop_nearest-33,two_hop_nearest,light_saudi,L2,nearest_of_two_categories,0.5985822677612305,False,False,True,False,success,intent,,True,0.8982079999997339,0.46387499999989146,8,18
core_dev,core-two_hop_nearest-35,two_hop_nearest,light_saudi,L2,count_within_radius,0.34554508328437805,False,False,False,False,invalid_query,intent,category_slot_count,True,0.6072089999999974,0.41670799999993235,5,14
core_dev,core-two_hop_nearest-37,two_hop_nearest,indirect_compositional,L4,two_hop_nearest,0.9336290955543518,True,False,True,False,success,structured_query,,True,0.9052500000001906,0.5786249999997217,11,22
core_dev,core-two_hop_nearest-39,two_hop_nearest,indirect_compositional,L4,two_hop_nearest,0.9932098984718323,True,True,True,True,success,none,,True,0.8244170000000217,0.553542000000018,11,23
core_dev,core-spatial_multi_constraint-01,spatial_multi_constraint,natural_msa,L1,spatial_multi_constraint,0.999140739440918,True,True,True,True,success,none,,True,0.5709170000001151,0.3834160000000253,3,12
core_dev,core-spatial_multi_constraint-02,spatial_multi_constraint,natural_msa,L1,spatial_multi_constraint,0.6204299330711365,True,True,True,True,success,none,,True,0.5774169999996914,0.4448749999999002,6,17
core_dev,core-spatial_multi_constraint-03,spatial_multi_constraint,natural_msa,L1,closer_of_two,0.7413558959960938,False,False,False,False,invalid_query,intent,wrong_named_target_count,True,0.38741700000022306,0.33916699999991806,9,20
core_dev,core-spatial_multi_constraint-05,spatial_multi_constraint,natural_msa,L1,nearest_of_two_categories,0.47864872217178345,False,False,False,False,invalid_query,intent,two_category_slot_count,True,0.39404200000037193,0.3646250000000073,3,14
core_dev,core-spatial_multi_constraint-06,spatial_multi_constraint,natural_msa,L1,two_hop_nearest,0.37891146540641785,False,False,False,False,invalid_query,intent,two_category_slot_count,True,0.3989589999999765,0.3589999999999982,4,13
core_dev,core-spatial_multi_constraint-08,spatial_multi_constraint,natural_msa,L1,nearest_category,0.7112207412719727,False,False,True,True,success,none,,True,0.6477089999998853,0.5199999999998539,9,21
core_dev,core-spatial_multi_constraint-09,spatial_multi_constraint,natural_msa,L3,spatial_multi_constraint,0.6512973308563232,True,True,True,True,success,none,,True,0.5985840000000131,0.46508299999992175,7,17
core_dev,core-spatial_multi_constraint-11,spatial_multi_constraint,natural_msa,L3,closer_of_two,0.511095404624939,False,False,False,False,invalid_query,intent,wrong_named_target_count,True,0.5328750000002103,0.2737080000003722,7,15
core_dev,core-spatial_multi_constraint-13,spatial_multi_constraint,natural_msa,L4,nearest_of_two_categories,0.9024936556816101,False,False,False,False,invalid_query,intent,two_category_slot_count,True,0.4852089999998199,0.4455000000000986,4,18
core_dev,core-spatial_multi_constraint-15,spatial_multi_constraint,natural_msa,L4,two_hop_nearest,0.9342316389083862,False,False,False,False,invalid_query,intent,two_category_slot_count,True,0.5827080000000429,0.5261669999998553,11,23
core_dev,core-spatial_multi_constraint-17,spatial_multi_constraint,conversational,L2,nearest_of_two_categories,0.6338867545127869,False,False,False,False,invalid_query,intent,two_category_slot_count,True,0.6145419999996626,0.32891700000003965,2,10
core_dev,core-spatial_multi_constraint-18,spatial_multi_constraint,conversational,L2,two_hop_nearest,0.8029086589813232,False,False,False,False,invalid_query,intent,two_category_slot_count,True,0.5970830000001648,0.46629099999995205,10,18
core_dev,core-spatial_multi_constraint-20,spatial_multi_constraint,conversational,L2,two_hop_nearest,0.44175073504447937,False,False,False,False,invalid_query,intent,two_category_slot_count,True,0.6539160000000876,0.3719580000001166,7,13
core_dev,core-spatial_multi_constraint-21,spatial_multi_constraint,conversational,L2,two_hop_nearest,0.7738721966743469,False,False,False,False,invalid_query,intent,two_category_slot_count,True,0.6480840000002708,0.40179100000026224,4,15
core_dev,core-spatial_multi_constraint-23,spatial_multi_constraint,conversational,L2,nearest_of_two_categories,0.7913039326667786,False,False,False,False,invalid_query,intent,two_category_slot_count,True,0.6864169999998282,0.4441250000000174,9,17
core_dev,core-spatial_multi_constraint-25,spatial_multi_constraint,conversational,L3,two_hop_nearest,0.8922216296195984,False,False,False,False,invalid_query,intent,two_category_slot_count,True,0.6336670000002265,0.3932909999999623,5,15
core_dev,core-spatial_multi_constraint-27,spatial_multi_constraint,conversational,L3,two_hop_nearest,0.9354103803634644,False,False,False,False,invalid_query,intent,two_category_slot_count,True,0.7350420000000746,0.4451249999997131,6,17
core_dev,core-spatial_multi_constraint-29,spatial_multi_constraint,light_saudi,L1,spatial_multi_constraint,0.8033233880996704,True,True,True,True,success,none,,True,0.6780420000001008,0.32387499999986247,2,9
core_dev,core-spatial_multi_constraint-30,spatial_multi_constraint,light_saudi,L1,two_hop_nearest,0.36707228422164917,False,False,False,False,invalid_query,intent,two_category_slot_count,True,0.6684579999998164,0.401209000000069,7,15
core_dev,core-spatial_multi_constraint-32,spatial_multi_constraint,light_saudi,L1,nearest_of_two_categories,0.5889893174171448,False,False,False,False,invalid_query,intent,two_category_slot_count,True,0.6406659999997899,0.3706249999999578,7,13
core_dev,core-spatial_multi_constraint-33,spatial_multi_constraint,light_saudi,L2,nearest_of_two_categories,0.36350902915000916,False,False,False,False,invalid_query,intent,two_category_slot_count,True,0.5383750000000909,0.31508299999982725,4,10
core_dev,core-spatial_multi_constraint-35,spatial_multi_constraint,light_saudi,L2,nearest_of_two_categories,0.6877556443214417,False,False,False,False,invalid_query,intent,two_category_slot_count,True,0.6777079999999991,0.40987499999989296,6,15
core_dev,core-spatial_multi_constraint-37,spatial_multi_constraint,indirect_compositional,L4,two_hop_nearest,0.9219006299972534,False,False,False,False,invalid_query,intent,two_category_slot_count,True,0.854291000000007,0.5994579999999416,15,27
core_dev,core-spatial_multi_constraint-39,spatial_multi_constraint,indirect_compositional,L4,two_hop_nearest,0.46119603514671326,False,False,False,False,invalid_query,intent,two_category_slot_count,True,0.8314160000000292,0.5887079999999933,12,26
core_eval,core-nearest_category-04,nearest_category,natural_msa,L1,closer_of_two,0.9448449015617371,False,False,False,False,invalid_query,intent,wrong_named_target_count,True,0.5224159999999145,0.28283299999998235,1,7
core_eval,core-nearest_category-07,nearest_category,natural_msa,L1,nearest_category,0.32644617557525635,True,True,True,True,success,none,,True,0.38183400000013634,0.2715420000001245,0,7
core_eval,core-nearest_category-10,nearest_category,natural_msa,L3,two_hop_nearest,0.5606269240379333,False,False,False,False,invalid_query,intent,two_category_slot_count,True,0.5766669999998086,0.31937500000012164,5,9
core_eval,core-nearest_category-12,nearest_category,natural_msa,L3,two_hop_nearest,0.8559122085571289,False,False,False,False,invalid_query,intent,two_category_slot_count,True,0.4836660000000492,0.3199160000000312,5,10
core_eval,core-nearest_category-14,nearest_category,natural_msa,L4,nearest_of_two_categories,0.4507373571395874,False,False,False,False,invalid_query,intent,two_category_slot_count,True,0.327832999999611,0.3129580000003074,4,10
core_eval,core-nearest_category-16,nearest_category,natural_msa,L4,two_hop_nearest,0.7374790906906128,False,False,False,False,invalid_query,intent,two_category_slot_count,True,0.6627500000000452,0.4154579999999797,5,13
core_eval,core-nearest_category-19,nearest_category,conversational,L2,two_hop_nearest,0.6469793319702148,False,False,False,False,invalid_query,intent,two_category_slot_count,True,0.6952909999999868,0.35066700000019324,4,11
core_eval,core-nearest_category-22,nearest_category,conversational,L2,two_hop_nearest,0.8695108890533447,False,False,False,False,invalid_query,intent,two_category_slot_count,True,0.6420000000000314,0.346540999999867,4,10
core_eval,core-nearest_category-24,nearest_category,conversational,L2,nearest_of_two_categories,0.7453899383544922,False,False,False,False,invalid_query,intent,two_category_slot_count,True,0.6072499999998371,0.3507080000000329,7,12
core_eval,core-nearest_category-26,nearest_category,conversational,L3,two_hop_nearest,0.49235716462135315,False,False,False,False,invalid_query,intent,two_category_slot_count,True,0.631417000000134,0.353209000000021,5,11
core_eval,core-nearest_category-28,nearest_category,conversational,L3,two_hop_nearest,0.815056324005127,False,False,False,False,invalid_query,intent,two_category_slot_count,True,0.5933750000002291,0.3425420000002788,4,11
core_eval,core-nearest_category-31,nearest_category,light_saudi,L1,two_hop_nearest,0.3819868266582489,False,False,False,False,invalid_query,intent,two_category_slot_count,True,0.37091700000013716,0.29212500000008745,3,9
core_eval,core-nearest_category-34,nearest_category,light_saudi,L2,two_hop_nearest,0.5040068030357361,False,False,False,False,invalid_query,intent,two_category_slot_count,True,0.33891700000010516,0.3182499999998534,6,11
core_eval,core-nearest_category-36,nearest_category,light_saudi,L2,two_hop_nearest,0.8331262469291687,False,False,False,False,invalid_query,intent,two_category_slot_count,True,0.4562500000000469,0.3271670000000171,3,10
core_eval,core-nearest_category-38,nearest_category,indirect_compositional,L4,two_hop_nearest,0.8198260068893433,False,False,False,False,invalid_query,intent,two_category_slot_count,True,0.4947080000001769,0.45091600000013443,14,19
core_eval,core-nearest_category-40,nearest_category,indirect_compositional,L4,two_hop_nearest,0.37668949365615845,False,False,False,False,invalid_query,intent,two_category_slot_count,True,0.50629099999977,0.4827080000002759,13,20
core_eval,core-cardinal_direction-04,cardinal_direction,natural_msa,L1,two_hop_nearest,0.37736067175865173,False,False,False,False,invalid_query,intent,two_category_slot_count,True,0.40741699999991,0.39470799999996586,5,15
core_eval,core-cardinal_direction-07,cardinal_direction,natural_msa,L1,closer_of_two,0.6950864791870117,False,False,False,False,invalid_query,intent,wrong_named_target_count,True,0.22033400000021075,0.20820800000009854,7,11
core_eval,core-cardinal_direction-10,cardinal_direction,natural_msa,L3,cardinal_direction,0.49907591938972473,True,True,True,True,success,none,,True,0.3876659999999532,0.30970799999963106,2,9
core_eval,core-cardinal_direction-12,cardinal_direction,natural_msa,L3,cardinal_direction,0.5513674020767212,True,True,True,True,success,none,,True,0.5156249999997975,0.39641600000006605,6,12
core_eval,core-cardinal_direction-14,cardinal_direction,natural_msa,L4,two_hop_nearest,0.47305789589881897,False,False,False,False,invalid_query,intent,two_category_slot_count,True,0.4064589999996926,0.38316700000029513,7,13
core_eval,core-cardinal_direction-16,cardinal_direction,natural_msa,L4,cardinal_direction,0.5423657894134521,True,True,True,True,success,none,,True,0.7060840000003843,0.4227920000001717,9,15
core_eval,core-cardinal_direction-19,cardinal_direction,conversational,L2,two_hop_nearest,0.620973527431488,False,False,False,False,invalid_query,intent,two_category_slot_count,True,0.4160420000003384,0.3740419999997968,9,13
core_eval,core-cardinal_direction-22,cardinal_direction,conversational,L2,two_hop_nearest,0.5334575176239014,False,False,False,False,invalid_query,intent,two_category_slot_count,True,0.347416999999961,0.33554199999974443,6,11
core_eval,core-cardinal_direction-24,cardinal_direction,conversational,L2,two_hop_nearest,0.7109591364860535,False,False,False,False,invalid_query,intent,two_category_slot_count,True,0.411084000000006,0.36979099999978615,9,13
core_eval,core-cardinal_direction-26,cardinal_direction,conversational,L3,two_hop_nearest,0.7914953231811523,False,False,False,False,invalid_query,intent,two_category_slot_count,True,0.7232500000000641,0.4428340000002251,11,17
core_eval,core-cardinal_direction-28,cardinal_direction,conversational,L3,two_hop_nearest,0.6304913759231567,False,False,False,False,invalid_query,intent,two_category_slot_count,True,0.39845899999990664,0.35087500000008376,8,13
core_eval,core-cardinal_direction-31,cardinal_direction,light_saudi,L1,cardinal_direction,0.7230914235115051,True,True,True,True,success,none,,True,0.4364579999998064,0.3085839999998896,3,7
core_eval,core-cardinal_direction-34,cardinal_direction,light_saudi,L2,two_hop_nearest,0.5135467052459717,False,False,False,False,invalid_query,intent,two_category_slot_count,True,0.6072499999998371,0.3832910000003409,8,11
core_eval,core-cardinal_direction-36,cardinal_direction,light_saudi,L2,two_hop_nearest,0.5978820323944092,False,False,False,False,invalid_query,intent,two_category_slot_count,True,0.6412919999996269,0.3702500000000164,6,12
core_eval,core-cardinal_direction-38,cardinal_direction,indirect_compositional,L4,two_hop_nearest,0.3724294900894165,False,False,False,False,invalid_query,intent,two_category_slot_count,True,0.7417919999999079,0.5063330000001365,13,21
core_eval,core-cardinal_direction-40,cardinal_direction,indirect_compositional,L4,two_hop_nearest,0.5967513918876648,False,False,False,False,invalid_query,intent,two_category_slot_count,True,0.474791000000252,0.45925000000002214,13,19
core_eval,core-within_radius_yes_no-04,within_radius_yes_no,natural_msa,L1,two_hop_nearest,0.6833215355873108,False,False,False,False,invalid_query,intent,two_category_slot_count,True,0.40866699999986267,0.385542000000072,7,14
core_eval,core-within_radius_yes_no-07,within_radius_yes_no,natural_msa,L1,two_hop_nearest,0.9044609665870667,False,False,False,False,invalid_query,intent,two_category_slot_count,True,0.588958999999889,0.33183300000017013,2,11
core_eval,core-within_radius_yes_no-10,within_radius_yes_no,natural_msa,L3,within_radius_yes_no,0.6316102743148804,True,True,True,True,success,none,,True,0.49199999999993693,0.41441700000000026,9,14
core_eval,core-within_radius_yes_no-12,within_radius_yes_no,natural_msa,L3,spatial_multi_constraint,0.5553427934646606,False,False,False,False,invalid_query,intent,direction_slot_count,True,0.6322910000000626,0.43287499999999923,5,13
core_eval,core-within_radius_yes_no-14,within_radius_yes_no,natural_msa,L4,two_hop_nearest,0.4785771667957306,False,False,False,False,invalid_query,intent,two_category_slot_count,True,0.7282499999998748,0.43179200000009743,10,16
core_eval,core-within_radius_yes_no-16,within_radius_yes_no,natural_msa,L4,two_hop_nearest,0.7975153923034668,False,False,False,False,invalid_query,intent,two_category_slot_count,True,0.47983399999962373,0.42579200000014694,9,16
core_eval,core-within_radius_yes_no-19,within_radius_yes_no,conversational,L2,spatial_multi_constraint,0.4465723931789398,False,False,False,False,invalid_query,intent,direction_slot_count,True,0.6130839999998194,0.32766600000000423,2,9
core_eval,core-within_radius_yes_no-22,within_radius_yes_no,conversational,L2,closer_of_two,0.5027223825454712,False,False,False,False,invalid_query,intent,wrong_named_target_count,True,0.5014999999999326,0.22766700000032003,8,11
core_eval,core-within_radius_yes_no-24,within_radius_yes_no,conversational,L2,two_hop_nearest,0.6018019318580627,False,False,False,False,invalid_query,intent,two_category_slot_count,True,0.5147080000003079,0.3905419999998827,10,14
core_eval,core-within_radius_yes_no-26,within_radius_yes_no,conversational,L3,two_hop_nearest,0.5596430897712708,False,False,False,False,invalid_query,intent,two_category_slot_count,True,0.39766700000010147,0.3663329999996634,8,13
core_eval,core-within_radius_yes_no-28,within_radius_yes_no,conversational,L3,two_hop_nearest,0.768442690372467,False,False,False,False,invalid_query,intent,two_category_slot_count,True,0.4350829999997252,0.40704099999988586,11,16
core_eval,core-within_radius_yes_no-31,within_radius_yes_no,light_saudi,L1,spatial_multi_constraint,0.38633179664611816,False,False,False,False,invalid_query,intent,direction_slot_count,True,0.3546249999999418,0.34074999999988975,2,11
core_eval,core-within_radius_yes_no-34,within_radius_yes_no,light_saudi,L2,two_hop_nearest,0.41496166586875916,False,False,False,False,invalid_query,intent,two_category_slot_count,True,0.45958300000004115,0.37779199999965485,8,14
core_eval,core-within_radius_yes_no-36,within_radius_yes_no,light_saudi,L2,nearest_category,0.55484938621521,False,False,True,False,success,intent,,True,0.48587499999985795,0.39462500000020384,7,15
core_eval,core-within_radius_yes_no-38,within_radius_yes_no,indirect_compositional,L4,count_within_radius,0.42938974499702454,False,False,True,False,success,intent,,True,0.6817090000001969,0.5399170000002229,14,20
core_eval,core-within_radius_yes_no-40,within_radius_yes_no,indirect_compositional,L4,two_hop_nearest,0.7265082597732544,False,False,False,False,invalid_query,intent,two_category_slot_count,True,0.513291999999943,0.46875000000001776,11,20
core_eval,core-closer_of_two-04,closer_of_two,natural_msa,L1,closer_of_two,0.6924232244491577,True,True,True,True,success,none,,True,0.5589999999999762,0.39541599999992627,4,13
core_eval,core-closer_of_two-07,closer_of_two,natural_msa,L1,closer_of_two,0.8481143116950989,True,True,True,True,success,none,,True,0.5595829999998081,0.4355000000000331,3,13
core_eval,core-closer_of_two-10,closer_of_two,natural_msa,L3,closer_of_two,0.6960617899894714,True,True,True,True,success,none,,True,0.6642920000001773,0.36650000000015837,3,12
core_eval,core-closer_of_two-12,closer_of_two,natural_msa,L3,closer_of_two,0.46355894207954407,True,True,True,True,success,none,,True,0.8166670000000487,0.478125000000329,3,11
core_eval,core-closer_of_two-14,closer_of_two,natural_msa,L4,two_hop_nearest,0.8507296442985535,False,False,False,False,invalid_query,intent,two_category_slot_count,True,0.6810000000001537,0.47183299999975503,8,16
core_eval,core-closer_of_two-16,closer_of_two,natural_msa,L4,closer_of_two,0.4261970818042755,True,True,True,True,success,none,,True,0.803499999999957,0.46362500000007856,8,15
core_eval,core-closer_of_two-19,closer_of_two,conversational,L2,cardinal_direction,0.46327248215675354,False,False,False,False,invalid_query,intent,wrong_named_target_count,True,0.43933300000009723,0.25233399999979866,6,13
core_eval,core-closer_of_two-22,closer_of_two,conversational,L2,two_hop_nearest,0.5035542845726013,False,False,False,False,invalid_query,intent,two_category_slot_count,True,0.6120410000001186,0.38487499999995123,5,13
core_eval,core-closer_of_two-24,closer_of_two,conversational,L2,closer_of_two,0.6238822937011719,True,True,True,True,success,none,,True,0.7152500000002782,0.38487499999995123,5,13
core_eval,core-closer_of_two-26,closer_of_two,conversational,L3,closer_of_two,0.4641885757446289,True,True,True,True,success,none,,True,0.46375000000020705,0.3655000000000186,6,13
core_eval,core-closer_of_two-28,closer_of_two,conversational,L3,cardinal_direction,0.4449813961982727,False,False,False,False,invalid_query,intent,wrong_named_target_count,True,0.45716699999998056,0.2739169999999014,7,15
core_eval,core-closer_of_two-31,closer_of_two,light_saudi,L1,nearest_of_two_categories,0.32790881395339966,False,False,False,False,invalid_query,intent,two_category_slot_count,True,0.3812919999997,0.3529590000002081,5,12
core_eval,core-closer_of_two-34,closer_of_two,light_saudi,L2,two_hop_nearest,0.36657437682151794,False,False,False,False,invalid_query,intent,two_category_slot_count,True,0.3492079999998232,0.32904199999972406,4,10
core_eval,core-closer_of_two-36,closer_of_two,light_saudi,L2,two_hop_nearest,0.8313573002815247,False,False,False,False,invalid_query,intent,two_category_slot_count,True,0.6575830000001837,0.4287920000001222,5,13
core_eval,core-closer_of_two-38,closer_of_two,indirect_compositional,L4,two_hop_nearest,0.7638713717460632,False,False,False,False,invalid_query,intent,two_category_slot_count,True,0.6990830000002113,0.49658300000032796,10,19
core_eval,core-closer_of_two-40,closer_of_two,indirect_compositional,L4,two_hop_nearest,0.7576103210449219,False,False,False,False,invalid_query,intent,two_category_slot_count,True,0.7054170000002635,0.5610420000001781,11,19
core_eval,core-count_within_radius-04,count_within_radius,natural_msa,L1,spatial_multi_constraint,0.550766110420227,False,False,False,False,invalid_query,intent,origin_not_explicit,True,0.3059999999996954,0.24545800000019824,6,11
core_eval,core-count_within_radius-07,count_within_radius,natural_msa,L1,spatial_multi_constraint,0.5654827356338501,False,False,False,False,invalid_query,intent,origin_not_explicit,True,0.26608300000008356,0.21358399999993338,1,10
core_eval,core-count_within_radius-10,count_within_radius,natural_msa,L3,count_within_radius,0.8223993182182312,True,True,True,True,success,none,,True,0.45691700000016766,0.3749169999998081,7,12
core_eval,core-count_within_radius-12,count_within_radius,natural_msa,L3,closer_of_two,0.7075904607772827,False,False,False,False,invalid_query,intent,origin_not_explicit,True,0.40491700000000463,0.2552920000002956,8,13
core_eval,core-count_within_radius-14,count_within_radius,natural_msa,L4,closer_of_two,0.3261634409427643,False,False,False,False,invalid_query,intent,origin_not_explicit,True,0.30483299999994884,0.2795419999999105,10,16
core_eval,core-count_within_radius-16,count_within_radius,natural_msa,L4,closer_of_two,0.617308497428894,False,False,False,False,invalid_query,intent,origin_not_explicit,True,0.41050000000009135,0.2300000000001745,6,12
core_eval,core-count_within_radius-19,count_within_radius,conversational,L2,closer_of_two,0.4383696913719177,False,False,False,False,invalid_query,intent,origin_not_explicit,True,0.45433299999997345,0.2643749999999834,8,14
core_eval,core-count_within_radius-22,count_within_radius,conversational,L2,closer_of_two,0.4009689390659332,False,False,False,False,invalid_query,intent,origin_not_explicit,True,0.4395420000000705,0.2314999999999401,5,12
core_eval,core-count_within_radius-24,count_within_radius,conversational,L2,two_hop_nearest,0.7566550970077515,False,False,False,False,invalid_query,intent,origin_not_explicit,True,0.4384170000002463,0.261542000000059,9,14
core_eval,core-count_within_radius-26,count_within_radius,conversational,L3,two_hop_nearest,0.8384076952934265,False,False,False,False,invalid_query,intent,origin_not_explicit,True,0.3463340000000592,0.25858400000000614,9,14
core_eval,core-count_within_radius-28,count_within_radius,conversational,L3,two_hop_nearest,0.8415741324424744,False,False,False,False,invalid_query,intent,origin_not_explicit,True,0.47429199999982075,0.2530830000000428,7,13
core_eval,core-count_within_radius-31,count_within_radius,light_saudi,L1,two_hop_nearest,0.7382044196128845,False,False,False,False,invalid_query,intent,origin_not_explicit,True,0.3142920000001048,0.2757090000002904,6,16
core_eval,core-count_within_radius-34,count_within_radius,light_saudi,L2,two_hop_nearest,0.7421412467956543,False,False,False,False,invalid_query,intent,origin_not_explicit,True,0.4702919999997057,0.2611670000001176,10,14
core_eval,core-count_within_radius-36,count_within_radius,light_saudi,L2,closer_of_two,0.4014378488063812,False,False,False,False,invalid_query,intent,origin_not_explicit,True,0.5277079999999046,0.26083300000001586,8,14
core_eval,core-count_within_radius-38,count_within_radius,indirect_compositional,L4,two_hop_nearest,0.7981044054031372,False,False,False,False,invalid_query,intent,origin_not_explicit,True,0.5185410000003721,0.2922079999998495,9,17
core_eval,core-count_within_radius-40,count_within_radius,indirect_compositional,L4,two_hop_nearest,0.6788796782493591,False,False,False,False,invalid_query,intent,origin_not_explicit,True,0.356333000000042,0.33012500000006995,15,20
core_eval,core-nearest_of_two_categories-04,nearest_of_two_categories,natural_msa,L1,nearest_of_two_categories,0.9000706672668457,True,True,True,True,success,none,,True,0.6778340000002103,0.37850000000005934,4,13
core_eval,core-nearest_of_two_categories-07,nearest_of_two_categories,natural_msa,L1,two_hop_nearest,0.8325746655464172,False,False,True,False,success,intent,,True,0.7290000000002017,0.43054199999970066,5,14
core_eval,core-nearest_of_two_categories-10,nearest_of_two_categories,natural_msa,L3,two_hop_nearest,0.7733896374702454,False,False,True,False,success,intent,,True,0.801041999999974,0.44591699999996237,8,14
core_eval,core-nearest_of_two_categories-12,nearest_of_two_categories,natural_msa,L3,two_hop_nearest,0.4240165650844574,False,False,True,True,success,none,,True,0.5144999999999733,0.4157909999999987,2,15
core_eval,core-nearest_of_two_categories-14,nearest_of_two_categories,natural_msa,L4,two_hop_nearest,0.7627059817314148,False,False,True,False,success,intent,,True,0.8051669999997735,0.43187499999985945,8,15
core_eval,core-nearest_of_two_categories-16,nearest_of_two_categories,natural_msa,L4,two_hop_nearest,0.7970266342163086,False,False,True,False,success,intent,,True,0.8078330000000911,0.4809159999998869,6,17
core_eval,core-nearest_of_two_categories-19,nearest_of_two_categories,conversational,L2,two_hop_nearest,0.30656376481056213,False,False,True,True,success,none,,True,0.5147910000000699,0.4143330000001555,6,15
core_eval,core-nearest_of_two_categories-22,nearest_of_two_categories,conversational,L2,two_hop_nearest,0.8159866333007812,False,False,True,False,success,intent,,True,0.6913329999997941,0.38629099999987204,4,13
core_eval,core-nearest_of_two_categories-24,nearest_of_two_categories,conversational,L2,nearest_of_two_categories,0.6715826392173767,True,True,True,True,success,none,,True,0.8479999999999599,0.468000000000135,8,18
core_eval,core-nearest_of_two_categories-26,nearest_of_two_categories,conversational,L3,two_hop_nearest,0.34884387254714966,False,False,True,False,success,intent,,True,0.7596249999997085,0.3916250000002286,5,14
core_eval,core-nearest_of_two_categories-28,nearest_of_two_categories,conversational,L3,two_hop_nearest,0.8867064118385315,False,False,True,False,success,intent,,True,0.8994590000002134,0.48525000000010365,7,19
core_eval,core-nearest_of_two_categories-31,nearest_of_two_categories,light_saudi,L1,two_hop_nearest,0.6014636158943176,False,False,True,False,success,intent,,True,0.865957999999889,0.4443749999998303,7,12
core_eval,core-nearest_of_two_categories-34,nearest_of_two_categories,light_saudi,L2,two_hop_nearest,0.7786982655525208,False,False,True,False,success,intent,,True,0.6989580000000828,0.4152079999997227,8,13
core_eval,core-nearest_of_two_categories-36,nearest_of_two_categories,light_saudi,L2,spatial_multi_constraint,0.5847157835960388,False,False,False,False,invalid_query,intent,category_slot_count,True,0.6052500000000016,0.3814169999998285,6,13
core_eval,core-nearest_of_two_categories-38,nearest_of_two_categories,indirect_compositional,L4,closer_of_two,0.532982349395752,False,False,False,False,invalid_query,intent,wrong_named_target_count,True,0.5594160000002013,0.3989579999998938,12,24
core_eval,core-nearest_of_two_categories-40,nearest_of_two_categories,indirect_compositional,L4,two_hop_nearest,0.9481157660484314,False,False,True,True,success,none,,True,0.7842920000000753,0.5363339999999717,12,21
core_eval,core-two_hop_nearest-04,two_hop_nearest,natural_msa,L1,cardinal_direction,0.4455673396587372,False,False,False,False,invalid_query,intent,wrong_named_target_count,True,0.3060829999999015,0.2749999999998032,4,15
core_eval,core-two_hop_nearest-07,two_hop_nearest,natural_msa,L1,two_hop_nearest,0.7690451145172119,True,True,True,True,success,none,,True,0.6485000000000518,0.4979170000001254,6,20
core_eval,core-two_hop_nearest-10,two_hop_nearest,natural_msa,L3,two_hop_nearest,0.4364135265350342,True,True,True,True,success,none,,True,0.8414580000000171,0.5440000000001,9,22
core_eval,core-two_hop_nearest-12,two_hop_nearest,natural_msa,L3,two_hop_nearest,0.751058042049408,True,True,True,True,success,none,,True,0.9049170000001716,0.4793329999999152,7,17
core_eval,core-two_hop_nearest-14,two_hop_nearest,natural_msa,L4,two_hop_nearest,0.608995258808136,True,False,True,False,success,structured_query,,True,0.6869159999998153,0.5812499999997556,7,19
core_eval,core-two_hop_nearest-16,two_hop_nearest,natural_msa,L4,spatial_multi_constraint,0.3932107985019684,False,False,False,False,invalid_query,intent,category_slot_count,True,0.4943329999997914,0.40491700000000463,4,15
core_eval,core-two_hop_nearest-19,two_hop_nearest,conversational,L2,two_hop_nearest,0.5623835921287537,True,True,True,True,success,none,,True,0.7005420000001372,0.465792000000409,7,18
core_eval,core-two_hop_nearest-22,two_hop_nearest,conversational,L2,two_hop_nearest,0.8526161313056946,True,True,True,True,success,none,,True,0.7743340000003762,0.4617080000000051,8,17
core_eval,core-two_hop_nearest-24,two_hop_nearest,conversational,L2,two_hop_nearest,0.7895544171333313,True,True,True,True,success,none,,True,0.7654999999999745,0.4552919999998295,6,15
core_eval,core-two_hop_nearest-26,two_hop_nearest,conversational,L3,two_hop_nearest,0.853653609752655,True,False,True,False,success,structured_query,,True,0.8581250000001539,0.5279580000001616,7,20
core_eval,core-two_hop_nearest-28,two_hop_nearest,conversational,L3,two_hop_nearest,0.4209670126438141,True,False,True,False,success,structured_query,,True,0.8112500000003742,0.5977499999998415,9,22
core_eval,core-two_hop_nearest-31,two_hop_nearest,light_saudi,L1,two_hop_nearest,0.7151517271995544,True,True,True,True,success,none,,True,0.8639999999999759,0.4499170000000774,5,13
core_eval,core-two_hop_nearest-34,two_hop_nearest,light_saudi,L2,nearest_of_two_categories,0.5725800395011902,False,False,True,False,success,intent,,True,0.49304099999991635,0.3431670000000331,4,11
core_eval,core-two_hop_nearest-36,two_hop_nearest,light_saudi,L2,two_hop_nearest,0.939145028591156,True,True,True,True,success,none,,True,0.7833329999997751,0.4409160000000689,7,16
core_eval,core-two_hop_nearest-38,two_hop_nearest,indirect_compositional,L4,two_hop_nearest,0.7647495269775391,True,True,True,True,success,none,,True,0.962208000000242,0.6074579999997276,13,24
core_eval,core-two_hop_nearest-40,two_hop_nearest,indirect_compositional,L4,two_hop_nearest,0.8192723393440247,True,False,True,False,success,structured_query,,True,0.8935419999995808,0.5072090000002305,8,20
core_eval,core-spatial_multi_constraint-04,spatial_multi_constraint,natural_msa,L1,two_hop_nearest,0.4505559802055359,False,False,False,False,invalid_query,intent,two_category_slot_count,True,0.4396669999997549,0.39866699999979716,3,15
core_eval,core-spatial_multi_constraint-07,spatial_multi_constraint,natural_msa,L1,two_hop_nearest,0.633381724357605,False,False,False,False,invalid_query,intent,two_category_slot_count,True,0.5044999999999078,0.4057920000000159,5,15
core_eval,core-spatial_multi_constraint-10,spatial_multi_constraint,natural_msa,L3,two_hop_nearest,0.9546193480491638,False,False,False,False,invalid_query,intent,two_category_slot_count,True,0.4672500000002522,0.42549999999996757,7,17
core_eval,core-spatial_multi_constraint-12,spatial_multi_constraint,natural_msa,L3,two_hop_nearest,0.903506875038147,False,False,False,False,invalid_query,intent,two_category_slot_count,True,0.47991699999982984,0.4405419999997662,7,17
core_eval,core-spatial_multi_constraint-14,spatial_multi_constraint,natural_msa,L4,two_hop_nearest,0.6088128089904785,False,False,False,False,invalid_query,intent,two_category_slot_count,True,0.6768749999999102,0.46920800000016527,12,19
core_eval,core-spatial_multi_constraint-16,spatial_multi_constraint,natural_msa,L4,nearest_category,0.865781843662262,False,False,True,True,success,none,,True,0.8706249999996807,0.4878339999998538,9,19
core_eval,core-spatial_multi_constraint-19,spatial_multi_constraint,conversational,L2,spatial_multi_constraint,0.3308228552341461,True,True,True,True,success,none,,True,0.5444169999999637,0.4284170000001808,2,15
core_eval,core-spatial_multi_constraint-22,spatial_multi_constraint,conversational,L2,two_hop_nearest,0.9114795327186584,False,False,False,False,invalid_query,intent,two_category_slot_count,True,0.6863329999999834,0.40512499999989515,6,14
core_eval,core-spatial_multi_constraint-24,spatial_multi_constraint,conversational,L2,two_hop_nearest,0.6982823610305786,False,False,False,False,invalid_query,intent,two_category_slot_count,True,0.6505419999998097,0.3930409999997053,7,14
core_eval,core-spatial_multi_constraint-26,spatial_multi_constraint,conversational,L3,nearest_of_two_categories,0.4383062422275543,False,False,False,False,invalid_query,intent,two_category_slot_count,True,0.7671670000002351,0.4959160000002072,12,20
core_eval,core-spatial_multi_constraint-28,spatial_multi_constraint,conversational,L3,two_hop_nearest,0.868594229221344,False,False,False,False,invalid_query,intent,two_category_slot_count,True,0.6500419999997398,0.4570829999996917,10,18
core_eval,core-spatial_multi_constraint-31,spatial_multi_constraint,light_saudi,L1,two_hop_nearest,0.48632171750068665,False,False,False,False,invalid_query,intent,two_category_slot_count,True,0.5931659999998118,0.36483399999998056,4,13
core_eval,core-spatial_multi_constraint-34,spatial_multi_constraint,light_saudi,L2,two_hop_nearest,0.9072189331054688,False,False,False,False,invalid_query,intent,two_category_slot_count,True,0.6507500000001443,0.382207999999995,5,13
core_eval,core-spatial_multi_constraint-36,spatial_multi_constraint,light_saudi,L2,two_hop_nearest,0.7890482544898987,False,False,False,False,invalid_query,intent,two_category_slot_count,True,0.6442499999996798,0.39470799999996586,6,14
core_eval,core-spatial_multi_constraint-38,spatial_multi_constraint,indirect_compositional,L4,two_hop_nearest,0.6650832295417786,False,False,False,False,invalid_query,intent,two_category_slot_count,True,0.6276249999999095,0.5476660000001132,15,24
core_eval,core-spatial_multi_constraint-40,spatial_multi_constraint,indirect_compositional,L4,two_hop_nearest,0.8190240263938904,False,False,False,False,invalid_query,intent,two_category_slot_count,True,0.8138330000000416,0.5537909999997481,12,24
